feature_id	gene_symbol
ENSG00000274641.2|467|H2BC17|protein_coding	H2BC17
ENSG00000187608.10|867|ISG15|protein_coding	ISG15
ENSG00000187583.11|3451|PLEKHN1|protein_coding	PLEKHN1
ENSG00000185745.10|4614|IFIT1|protein_coding	IFIT1
ENSG00000138642.15|5779|HERC6|protein_coding	HERC6
ENSG00000134321.13|5659|RSAD2|protein_coding	RSAD2
ENSG00000133106.15|4924|EPSTI1|protein_coding	EPSTI1
ENSG00000260456.7|3670|C16orf95|protein_coding	C16orf95
ENSG00000116815.16|1784|CD58|protein_coding	CD58
ENSG00000186407.7|3754|CD300E|protein_coding	CD300E
ENSG00000135114.13|6315|OASL|protein_coding	OASL
ENSG00000055332.19|11036|EIF2AK2|protein_coding	EIF2AK2
ENSG00000198924.8|4582|DCLRE1A|protein_coding	DCLRE1A
ENSG00000053770.12|13019|AP5M1|protein_coding	AP5M1
ENSG00000157601.15|17984|MX1|protein_coding	MX1
ENSG00000189056.15|35421|RELN|protein_coding	RELN
ENSG00000121858.11|3441|TNFSF10|protein_coding	TNFSF10
ENSG00000165632.8|4875|TAF3|protein_coding	TAF3
ENSG00000156650.14|32495|KAT6B|protein_coding	KAT6B
ENSG00000109685.19|20352|NSD2|protein_coding	NSD2
ENSG00000092068.20|5991|SLC7A8|protein_coding	SLC7A8
ENSG00000119917.15|5067|IFIT3|protein_coding	IFIT3
ENSG00000155254.13|3371|MARVELD1|protein_coding	MARVELD1
ENSG00000187398.12|8858|LUZP2|protein_coding	LUZP2
ENSG00000162994.16|6642|CLHC1|protein_coding	CLHC1
ENSG00000124657.1|942|OR2B6|protein_coding	OR2B6
ENSG00000126709.16|936|IFI6|protein_coding	IFI6
ENSG00000111321.11|6151|LTBR|protein_coding	LTBR
ENSG00000160953.17|9876|PWWP3A|protein_coding	PWWP3A
ENSG00000106462.12|10774|EZH2|protein_coding	EZH2
ENSG00000119922.11|4326|IFIT2|protein_coding	IFIT2
ENSG00000134326.12|4390|CMPK2|protein_coding	CMPK2
ENSG00000107485.18|3396|GATA3|protein_coding	GATA3
ENSG00000117479.15|4364|SLC19A2|protein_coding	SLC19A2
ENSG00000148019.14|14355|CEP78|protein_coding	CEP78
ENSG00000139364.11|16153|TMEM132B|protein_coding	TMEM132B
ENSG00000138646.9|4764|HERC5|protein_coding	HERC5
ENSG00000128383.13|2359|APOBEC3A|protein_coding	APOBEC3A
ENSG00000120833.14|6477|SOCS2|protein_coding	SOCS2
ENSG00000175449.14|5062|RFESD|protein_coding	RFESD
ENSG00000089127.15|13021|OAS1|protein_coding	OAS1
ENSG00000174844.14|13275|DNAH12|protein_coding	DNAH12
ENSG00000171724.3|4103|VAT1L|protein_coding	VAT1L
ENSG00000183831.7|4125|ANKRD45|protein_coding	ANKRD45
ENSG00000181588.17|3114|MEX3D|protein_coding	MEX3D
ENSG00000132530.17|6615|XAF1|protein_coding	XAF1
ENSG00000110848.8|2832|CD69|protein_coding	CD69
ENSG00000115841.21|6031|RMDN2|protein_coding	RMDN2
ENSG00000130813.18|4341|SHFL|protein_coding	SHFL
ENSG00000270882.2|1876|H4C14|protein_coding	H4C14
ENSG00000143458.12|9189|GABPB2|protein_coding	GABPB2
ENSG00000105717.14|2331|PBX4|protein_coding	PBX4
ENSG00000066427.24|9661|ATXN3|protein_coding	ATXN3
ENSG00000128394.17|5215|APOBEC3F|protein_coding	APOBEC3F
ENSG00000049192.15|8565|ADAMTS6|protein_coding	ADAMTS6
ENSG00000111335.14|11233|OAS2|protein_coding	OAS2
ENSG00000160097.20|3199|FNDC5|protein_coding	FNDC5
ENSG00000175606.11|2982|TMEM70|protein_coding	TMEM70
ENSG00000104447.13|11046|TRPS1|protein_coding	TRPS1
ENSG00000091137.14|5607|SLC26A4|protein_coding	SLC26A4
ENSG00000121864.10|6819|ZNF639|protein_coding	ZNF639
ENSG00000198901.14|5523|PRC1|protein_coding	PRC1
ENSG00000105576.16|7022|TNPO2|protein_coding	TNPO2
ENSG00000186314.12|8050|PRELID2|protein_coding	PRELID2
ENSG00000119004.16|10619|CYP20A1|protein_coding	CYP20A1
ENSG00000164379.7|2661|FOXQ1|protein_coding	FOXQ1
ENSG00000135093.13|5142|USP30|protein_coding	USP30
ENSG00000108666.10|5742|C17orf75|protein_coding	C17orf75
ENSG00000172803.18|3773|SNX32|protein_coding	SNX32
ENSG00000121988.18|9097|ZRANB3|protein_coding	ZRANB3
ENSG00000129810.15|3742|SGO1|protein_coding	SGO1
ENSG00000072133.11|8794|RPS6KA6|protein_coding	RPS6KA6
ENSG00000118785.15|7250|SPP1|protein_coding	SPP1
ENSG00000094963.14|6201|FMO2|protein_coding	FMO2
ENSG00000140043.12|6984|PTGR2|protein_coding	PTGR2
ENSG00000082482.14|4294|KCNK2|protein_coding	KCNK2
ENSG00000072201.14|5624|LNX1|protein_coding	LNX1
ENSG00000111331.14|18045|OAS3|protein_coding	OAS3
ENSG00000111728.11|14483|ST8SIA1|protein_coding	ST8SIA1
ENSG00000184979.10|1858|USP18|protein_coding	USP18
ENSG00000090905.19|12968|TNRC6A|protein_coding	TNRC6A
ENSG00000196747.4|503|H2AC13|protein_coding	H2AC13
ENSG00000180104.16|8165|EXOC3|protein_coding	EXOC3
ENSG00000112081.17|7118|SRSF3|protein_coding	SRSF3
ENSG00000274997.2|457|H2AC12|protein_coding	H2AC12
ENSG00000022355.18|8420|GABRA1|protein_coding	GABRA1
ENSG00000168803.16|5734|ADAL|protein_coding	ADAL
ENSG00000092470.12|4054|WDR76|protein_coding	WDR76
ENSG00000269713.7|9046|NBPF9|protein_coding	NBPF9
ENSG00000113812.14|4016|ACTR8|protein_coding	ACTR8
ENSG00000100342.21|3458|APOL1|protein_coding	APOL1
ENSG00000198715.13|3471|GLMP|protein_coding	GLMP
ENSG00000155330.10|7216|C16orf87|protein_coding	C16orf87
ENSG00000183486.14|14562|MX2|protein_coding	MX2
ENSG00000114251.15|7153|WNT5A|protein_coding	WNT5A
ENSG00000107518.18|9957|ATRNL1|protein_coding	ATRNL1
ENSG00000158406.6|2163|H4C8|protein_coding	H4C8
ENSG00000165949.12|4147|IFI27|protein_coding	IFI27
ENSG00000115155.19|8025|OTOF|protein_coding	OTOF
ENSG00000197124.12|4967|ZNF682|protein_coding	ZNF682
ENSG00000016402.14|4730|IL20RA|protein_coding	IL20RA
ENSG00000239998.6|5349|LILRA2|protein_coding	LILRA2
ENSG00000156162.16|7136|DPY19L4|protein_coding	DPY19L4
ENSG00000160917.15|4252|CPSF4|protein_coding	CPSF4
ENSG00000162415.7|6095|ZSWIM5|protein_coding	ZSWIM5
ENSG00000136425.14|2137|CIB2|protein_coding	CIB2
ENSG00000163694.15|8544|RBM47|protein_coding	RBM47
ENSG00000101347.11|10835|SAMHD1|protein_coding	SAMHD1
ENSG00000185885.17|1666|IFITM1|protein_coding	IFITM1
ENSG00000119041.11|7330|GTF3C3|protein_coding	GTF3C3
ENSG00000074266.22|6807|EED|protein_coding	EED
ENSG00000196358.11|7726|NTNG2|protein_coding	NTNG2
ENSG00000134853.12|9547|PDGFRA|protein_coding	PDGFRA
ENSG00000223547.10|6588|ZNF844|protein_coding	ZNF844
ENSG00000186153.18|17115|WWOX|protein_coding	WWOX
ENSG00000104967.8|9182|NOVA2|protein_coding	NOVA2
ENSG00000140749.9|3467|IGSF6|protein_coding	IGSF6
ENSG00000100629.17|9353|CEP128|protein_coding	CEP128
ENSG00000023318.8|4808|ERP44|protein_coding	ERP44
ENSG00000204219.11|3675|TCEA3|protein_coding	TCEA3
ENSG00000164591.14|5861|MYOZ3|protein_coding	MYOZ3
ENSG00000141456.16|6577|PELP1|protein_coding	PELP1
ENSG00000174206.13|6002|C12orf66|protein_coding	C12orf66
ENSG00000173114.13|3875|LRRN3|protein_coding	LRRN3
ENSG00000233822.5|5422|H2BC15|protein_coding	H2BC15
ENSG00000104356.11|4857|POP1|protein_coding	POP1
ENSG00000262655.4|5317|SPON1|protein_coding	SPON1
ENSG00000204070.10|6000|SYS1|protein_coding	SYS1
ENSG00000177302.15|8224|TOP3A|protein_coding	TOP3A
ENSG00000154262.13|14158|ABCA6|protein_coding	ABCA6
ENSG00000185088.14|8825|RPS27L|protein_coding	RPS27L
ENSG00000233232.7|1697|NPIPB7|protein_coding	NPIPB7
ENSG00000138035.15|5291|PNPT1|protein_coding	PNPT1
ENSG00000086730.17|4545|LAT2|protein_coding	LAT2
ENSG00000178338.11|3742|ZNF354B|protein_coding	ZNF354B
ENSG00000065328.17|5456|MCM10|protein_coding	MCM10
ENSG00000178033.6|9787|CALHM5|protein_coding	CALHM5
ENSG00000084710.14|10643|EFR3B|protein_coding	EFR3B
ENSG00000119685.20|12267|TTLL5|protein_coding	TTLL5
ENSG00000095932.7|1481|SMIM24|protein_coding	SMIM24
ENSG00000149231.16|21886|CCDC82|protein_coding	CCDC82
ENSG00000108387.16|10135|SEPTIN4|protein_coding	SEPTIN4
ENSG00000137947.12|2524|GTF2B|protein_coding	GTF2B
ENSG00000072121.17|15884|ZFYVE26|protein_coding	ZFYVE26
ENSG00000089116.4|3063|LHX5|protein_coding	LHX5
ENSG00000163297.18|10149|ANTXR2|protein_coding	ANTXR2
ENSG00000275034.2|2527|TP53TG3E|protein_coding	TP53TG3E
ENSG00000204442.4|9264|FAM155A|protein_coding	FAM155A
ENSG00000182601.7|3443|HS3ST4|protein_coding	HS3ST4
ENSG00000198663.17|7330|C6orf89|protein_coding	C6orf89
ENSG00000138433.16|3178|CIR1|protein_coding	CIR1
ENSG00000197121.15|12761|PGAP1|protein_coding	PGAP1
ENSG00000177614.11|11257|PGBD5|protein_coding	PGBD5
ENSG00000069943.10|4542|PIGB|protein_coding	PIGB
ENSG00000123609.11|3312|NMI|protein_coding	NMI
ENSG00000254470.3|6980|AP5B1|protein_coding	AP5B1
ENSG00000160932.11|2638|LY6E|protein_coding	LY6E
ENSG00000163762.7|4357|TM4SF18|protein_coding	TM4SF18
ENSG00000182968.5|4558|SOX1|protein_coding	SOX1
ENSG00000117475.14|3820|BLZF1|protein_coding	BLZF1
ENSG00000163518.11|3882|FCRL4|protein_coding	FCRL4
ENSG00000275713.2|2060|H2BC9|protein_coding	H2BC9
ENSG00000184508.12|5229|HDDC3|protein_coding	HDDC3
ENSG00000179603.18|6256|GRM8|protein_coding	GRM8
ENSG00000163092.21|13337|XIRP2|protein_coding	XIRP2
ENSG00000116983.13|4758|HPCAL4|protein_coding	HPCAL4
ENSG00000145147.20|11067|SLIT2|protein_coding	SLIT2
ENSG00000173404.5|2846|INSM1|protein_coding	INSM1
ENSG00000261832.6|4192|RP11-435I10.4|protein_coding	RP11-435I10.4
ENSG00000145103.15|2995|ILDR1|protein_coding	ILDR1
ENSG00000276410.4|487|H2BC3|protein_coding	H2BC3
ENSG00000272333.7|10461|KMT2B|protein_coding	KMT2B
ENSG00000106034.18|7683|CPED1|protein_coding	CPED1
ENSG00000183230.18|16452|CTNNA3|protein_coding	CTNNA3
ENSG00000232593.7|9927|KANTR|protein_coding	KANTR
ENSG00000159082.18|8062|SYNJ1|protein_coding	SYNJ1
ENSG00000170881.5|3262|RNF139|protein_coding	RNF139
ENSG00000159479.17|2704|MED8|protein_coding	MED8
ENSG00000167419.11|6433|LPO|protein_coding	LPO
ENSG00000122912.15|7865|SLC25A16|protein_coding	SLC25A16
ENSG00000137959.17|11610|IFI44L|protein_coding	IFI44L
ENSG00000178685.14|6033|PARP10|protein_coding	PARP10
ENSG00000111907.21|7595|TPD52L1|protein_coding	TPD52L1
ENSG00000111581.10|8103|NUP107|protein_coding	NUP107
ENSG00000163328.14|7769|GPR155|protein_coding	GPR155
ENSG00000182263.14|9942|FIGN|protein_coding	FIGN
ENSG00000072682.20|10128|P4HA2|protein_coding	P4HA2
ENSG00000166803.14|3675|PCLAF|protein_coding	PCLAF
ENSG00000152822.14|7408|GRM1|protein_coding	GRM1
ENSG00000188487.12|3450|INSC|protein_coding	INSC
ENSG00000078699.22|9457|CBFA2T2|protein_coding	CBFA2T2
ENSG00000163064.7|2856|EN1|protein_coding	EN1
ENSG00000203782.6|1245|LORICRIN|protein_coding	LORICRIN
ENSG00000177694.16|13546|NAALADL2|protein_coding	NAALADL2
ENSG00000198774.5|5515|RASSF9|protein_coding	RASSF9
ENSG00000159842.16|12532|ABR|protein_coding	ABR
ENSG00000151012.13|9645|SLC7A11|protein_coding	SLC7A11
ENSG00000197563.11|19003|PIGN|protein_coding	PIGN
ENSG00000115042.10|5678|FAHD2A|protein_coding	FAHD2A
ENSG00000196616.14|10770|ADH1B|protein_coding	ADH1B
ENSG00000130675.15|4214|MNX1|protein_coding	MNX1
ENSG00000121897.15|11318|LIAS|protein_coding	LIAS
ENSG00000104047.15|14996|DTWD1|protein_coding	DTWD1
ENSG00000103121.9|12564|CMC2|protein_coding	CMC2
ENSG00000185339.9|2950|TCN2|protein_coding	TCN2
ENSG00000117620.15|18235|SLC35A3|protein_coding	SLC35A3
ENSG00000173715.18|3953|C11orf80|protein_coding	C11orf80
ENSG00000095627.9|5256|TDRD1|protein_coding	TDRD1
ENSG00000012817.16|9463|KDM5D|protein_coding	KDM5D
ENSG00000106477.20|14095|CEP41|protein_coding	CEP41
ENSG00000196684.12|3398|HSH2D|protein_coding	HSH2D
ENSG00000129932.10|2121|DOHH|protein_coding	DOHH
ENSG00000196503.5|2254|ARL9|protein_coding	ARL9
ENSG00000196407.12|1161|THEM5|protein_coding	THEM5
ENSG00000158201.10|4337|ABHD3|protein_coding	ABHD3
ENSG00000180934.7|8518|OR56A1|protein_coding	OR56A1
ENSG00000101004.15|6030|NINL|protein_coding	NINL
ENSG00000163319.11|4866|MRPS18C|protein_coding	MRPS18C
ENSG00000138675.17|5958|FGF5|protein_coding	FGF5
ENSG00000180251.5|4555|SLC9A4|protein_coding	SLC9A4
ENSG00000276180.1|1294|H4C9|protein_coding	H4C9
ENSG00000181885.18|2492|CLDN7|protein_coding	CLDN7
ENSG00000095203.15|7975|EPB41L4B|protein_coding	EPB41L4B
ENSG00000170289.13|5896|CNGB3|protein_coding	CNGB3
ENSG00000182463.16|12630|TSHZ2|protein_coding	TSHZ2
ENSG00000180263.14|10044|FGD6|protein_coding	FGD6
ENSG00000185716.12|6231|MOSMO|protein_coding	MOSMO
ENSG00000137628.18|17337|DDX60|protein_coding	DDX60
ENSG00000141401.12|3819|IMPA2|protein_coding	IMPA2
ENSG00000182541.18|6170|LIMK2|protein_coding	LIMK2
ENSG00000144451.19|8257|SPAG16|protein_coding	SPAG16
ENSG00000122335.17|11003|SERAC1|protein_coding	SERAC1
ENSG00000151743.11|3137|AMN1|protein_coding	AMN1
ENSG00000000457.14|6883|SCYL3|protein_coding	SCYL3
ENSG00000171603.18|5241|CLSTN1|protein_coding	CLSTN1
ENSG00000104381.14|24256|GDAP1|protein_coding	GDAP1
ENSG00000184357.5|797|H1-5|protein_coding	H1-5
ENSG00000173868.12|2392|PHOSPHO1|protein_coding	PHOSPHO1
ENSG00000144744.17|4106|UBA3|protein_coding	UBA3
ENSG00000100296.14|7878|THOC5|protein_coding	THOC5
ENSG00000134709.12|6614|HOOK1|protein_coding	HOOK1
ENSG00000113456.19|6770|RAD1|protein_coding	RAD1
ENSG00000186409.18|25206|CCDC30|protein_coding	CCDC30
ENSG00000162374.18|8368|ELAVL4|protein_coding	ELAVL4
ENSG00000171044.11|5676|XKR6|protein_coding	XKR6
ENSG00000015568.13|14185|RGPD5|protein_coding	RGPD5
ENSG00000125337.20|5892|KIF25|protein_coding	KIF25
ENSG00000151135.10|4768|TMEM263|protein_coding	TMEM263
ENSG00000076053.12|7885|RBM7|protein_coding	RBM7
ENSG00000287080.2|486|H3C3|protein_coding	H3C3
ENSG00000177679.16|6877|SRRM3|protein_coding	SRRM3
ENSG00000183323.13|7980|CCDC125|protein_coding	CCDC125
ENSG00000144395.18|9678|CCDC150|protein_coding	CCDC150
ENSG00000156050.10|5087|FAM161B|protein_coding	FAM161B
ENSG00000185130.5|488|H2BC13|protein_coding	H2BC13
ENSG00000125551.19|4036|PLGLB2|protein_coding	PLGLB2
ENSG00000127954.13|11248|STEAP4|protein_coding	STEAP4
ENSG00000145779.8|8506|TNFAIP8|protein_coding	TNFAIP8
ENSG00000196705.8|14132|ZNF431|protein_coding	ZNF431
ENSG00000139211.7|3964|AMIGO2|protein_coding	AMIGO2
ENSG00000198554.12|6386|WDHD1|protein_coding	WDHD1
ENSG00000102870.6|6083|ZNF629|protein_coding	ZNF629
ENSG00000167554.15|3548|ZNF610|protein_coding	ZNF610
ENSG00000107201.11|10345|DDX58|protein_coding	DDX58
ENSG00000095066.12|5950|HOOK2|protein_coding	HOOK2
ENSG00000163322.14|7699|ABRAXAS1|protein_coding	ABRAXAS1
ENSG00000171804.11|9199|WDR87|protein_coding	WDR87
ENSG00000146809.13|4912|ASB15|protein_coding	ASB15
ENSG00000172687.14|9622|ZNF738|protein_coding	ZNF738
ENSG00000171488.15|11724|LRRC8C|protein_coding	LRRC8C
ENSG00000171813.14|2647|PWWP2B|protein_coding	PWWP2B
ENSG00000165985.10|2376|C1QL3|protein_coding	C1QL3
ENSG00000100325.15|5415|ASCC2|protein_coding	ASCC2
ENSG00000171587.15|8596|DSCAM|protein_coding	DSCAM
ENSG00000072415.10|14825|MPP5|protein_coding	MPP5
ENSG00000075223.14|6100|SEMA3C|protein_coding	SEMA3C
ENSG00000140548.10|5004|ZNF710|protein_coding	ZNF710
ENSG00000198722.14|17916|UNC13B|protein_coding	UNC13B
ENSG00000140950.16|8157|MEAK7|protein_coding	MEAK7
ENSG00000251537.4|5514|RP11-385D13.1|protein_coding	RP11-385D13.1
ENSG00000121851.13|1811|POLR3GL|protein_coding	POLR3GL
ENSG00000109016.17|5544|DHRS7B|protein_coding	DHRS7B
ENSG00000152778.10|4369|IFIT5|protein_coding	IFIT5
ENSG00000130589.16|12066|HELZ2|protein_coding	HELZ2
ENSG00000100150.20|17927|DEPDC5|protein_coding	DEPDC5
ENSG00000188486.3|1614|H2AX|protein_coding	H2AX
ENSG00000154027.19|6948|AK5|protein_coding	AK5
ENSG00000179133.15|6473|C10orf67|protein_coding	C10orf67
ENSG00000247315.4|2752|ZCCHC3|protein_coding	ZCCHC3
ENSG00000138741.11|9210|TRPC3|protein_coding	TRPC3
ENSG00000171848.16|9153|RRM2|protein_coding	RRM2
ENSG00000153707.18|11477|PTPRD|protein_coding	PTPRD
ENSG00000153563.16|3049|CD8A|protein_coding	CD8A
ENSG00000101003.10|4130|GINS1|protein_coding	GINS1
ENSG00000008197.5|2203|TFAP2D|protein_coding	TFAP2D
ENSG00000142408.7|8850|CACNG8|protein_coding	CACNG8
ENSG00000106829.20|8187|TLE4|protein_coding	TLE4
ENSG00000151090.20|10968|THRB|protein_coding	THRB
ENSG00000050748.18|8955|MAPK9|protein_coding	MAPK9
ENSG00000157330.10|4133|C1orf158|protein_coding	C1orf158
ENSG00000110888.17|8392|CAPRIN2|protein_coding	CAPRIN2
ENSG00000145526.12|6485|CDH18|protein_coding	CDH18
ENSG00000132205.11|6469|EMILIN2|protein_coding	EMILIN2
ENSG00000198130.16|7284|HIBCH|protein_coding	HIBCH
ENSG00000176692.8|2900|FOXC2|protein_coding	FOXC2
ENSG00000277775.2|494|H3C7|protein_coding	H3C7
ENSG00000178201.5|2351|VN1R1|protein_coding	VN1R1
ENSG00000196141.14|10453|SPATS2L|protein_coding	SPATS2L
ENSG00000171466.10|13022|ZNF562|protein_coding	ZNF562
ENSG00000006377.11|3445|DLX6|protein_coding	DLX6
ENSG00000114209.15|3275|PDCD10|protein_coding	PDCD10
ENSG00000114450.11|7975|GNB4|protein_coding	GNB4
ENSG00000068615.19|5846|REEP1|protein_coding	REEP1
ENSG00000125912.11|4175|NCLN|protein_coding	NCLN
ENSG00000144868.14|8408|TMEM108|protein_coding	TMEM108
ENSG00000003756.17|10357|RBM5|protein_coding	RBM5
ENSG00000007264.15|4138|MATK|protein_coding	MATK
ENSG00000012232.9|13046|EXTL3|protein_coding	EXTL3
ENSG00000288681.1|382|RP11-326C3.17|protein_coding	RP11-326C3.17
ENSG00000131462.9|4316|TUBG1|protein_coding	TUBG1
ENSG00000087495.17|6103|PHACTR3|protein_coding	PHACTR3
ENSG00000171302.17|4422|CANT1|protein_coding	CANT1
ENSG00000112941.14|6356|TENT4A|protein_coding	TENT4A
ENSG00000075945.13|4978|KIFAP3|protein_coding	KIFAP3
ENSG00000266265.4|3511|KLF14|protein_coding	KLF14
ENSG00000187918.6|3302|OR51I2|protein_coding	OR51I2
ENSG00000137806.10|3991|NDUFAF1|protein_coding	NDUFAF1
ENSG00000131437.16|6860|KIF3A|protein_coding	KIF3A
ENSG00000196417.13|12346|ZNF765|protein_coding	ZNF765
ENSG00000172717.16|4502|FAM71D|protein_coding	FAM71D
ENSG00000118420.17|6402|UBE3D|protein_coding	UBE3D
ENSG00000129749.3|2703|CHRNA10|protein_coding	CHRNA10
ENSG00000150625.16|7040|GPM6A|protein_coding	GPM6A
ENSG00000151729.11|4819|SLC25A4|protein_coding	SLC25A4
ENSG00000274211.6|9005|SOCS7|protein_coding	SOCS7
ENSG00000111058.8|18465|ACSS3|protein_coding	ACSS3
ENSG00000109339.24|42623|MAPK10|protein_coding	MAPK10
ENSG00000278463.2|527|H2AC4|protein_coding	H2AC4
ENSG00000109132.7|2847|PHOX2B|protein_coding	PHOX2B
ENSG00000196932.12|6839|TMEM26|protein_coding	TMEM26
ENSG00000188026.13|8671|RILPL1|protein_coding	RILPL1
ENSG00000105486.14|6576|LIG1|protein_coding	LIG1
ENSG00000170946.15|8578|DNAJC24|protein_coding	DNAJC24
ENSG00000135966.13|5706|TGFBRAP1|protein_coding	TGFBRAP1
ENSG00000198650.11|5369|TAT|protein_coding	TAT
ENSG00000165816.13|6353|VWA2|protein_coding	VWA2
ENSG00000126262.5|2193|FFAR2|protein_coding	FFAR2
ENSG00000163848.20|10437|ZNF148|protein_coding	ZNF148
ENSG00000163072.16|5248|NOSTRIN|protein_coding	NOSTRIN
ENSG00000163864.17|12983|NMNAT3|protein_coding	NMNAT3
ENSG00000198914.5|4803|POU3F3|protein_coding	POU3F3
ENSG00000113600.11|3008|C9|protein_coding	C9
ENSG00000144040.13|10979|SFXN5|protein_coding	SFXN5
ENSG00000168016.15|12134|TRANK1|protein_coding	TRANK1
ENSG00000141664.10|10213|ZCCHC2|protein_coding	ZCCHC2
ENSG00000157637.13|7907|SLC38A10|protein_coding	SLC38A10
ENSG00000100731.16|16715|PCNX1|protein_coding	PCNX1
ENSG00000123096.12|6780|SSPN|protein_coding	SSPN
ENSG00000092853.14|9591|CLSPN|protein_coding	CLSPN
ENSG00000183723.13|8153|CMTM4|protein_coding	CMTM4
ENSG00000160191.18|5281|PDE9A|protein_coding	PDE9A
ENSG00000082212.13|15897|ME2|protein_coding	ME2
ENSG00000008516.18|4745|MMP25|protein_coding	MMP25
ENSG00000079691.18|6853|CARMIL1|protein_coding	CARMIL1
ENSG00000143569.19|7503|UBAP2L|protein_coding	UBAP2L
ENSG00000002549.13|3779|LAP3|protein_coding	LAP3
ENSG00000176222.9|2477|ZNF404|protein_coding	ZNF404
ENSG00000168763.16|5887|CNNM3|protein_coding	CNNM3
ENSG00000135919.14|8957|SERPINE2|protein_coding	SERPINE2
ENSG00000051341.15|9185|POLQ|protein_coding	POLQ
ENSG00000185507.21|2612|IRF7|protein_coding	IRF7
ENSG00000185442.13|4469|FAM174B|protein_coding	FAM174B
ENSG00000183742.13|9898|MACC1|protein_coding	MACC1
ENSG00000178105.11|8606|DDX10|protein_coding	DDX10
ENSG00000138382.15|2865|METTL5|protein_coding	METTL5
ENSG00000179965.12|5527|ZNF771|protein_coding	ZNF771
ENSG00000176371.14|4878|ZSCAN2|protein_coding	ZSCAN2
ENSG00000100401.20|6116|RANGAP1|protein_coding	RANGAP1
ENSG00000147606.9|6257|SLC26A7|protein_coding	SLC26A7
ENSG00000170949.18|8509|ZNF160|protein_coding	ZNF160
ENSG00000111671.10|2452|SPSB2|protein_coding	SPSB2
ENSG00000163743.14|6337|RCHY1|protein_coding	RCHY1
ENSG00000136874.11|8912|STX17|protein_coding	STX17
ENSG00000149534.9|4454|MS4A2|protein_coding	MS4A2
ENSG00000144649.9|4442|GASK1A|protein_coding	GASK1A
ENSG00000172020.13|1901|GAP43|protein_coding	GAP43
ENSG00000163374.20|5001|YY1AP1|protein_coding	YY1AP1
ENSG00000154305.18|10155|MIA3|protein_coding	MIA3
ENSG00000164520.11|3004|RAET1E|protein_coding	RAET1E
ENSG00000153347.10|2473|FAM81B|protein_coding	FAM81B
ENSG00000146414.16|17696|SHPRH|protein_coding	SHPRH
ENSG00000114999.8|15730|TTL|protein_coding	TTL
ENSG00000109854.14|2796|HTATIP2|protein_coding	HTATIP2
ENSG00000166292.12|2906|TMEM100|protein_coding	TMEM100
ENSG00000164821.5|587|DEFA4|protein_coding	DEFA4
ENSG00000181350.12|3735|LRRC75A|protein_coding	LRRC75A
ENSG00000137804.14|3608|NUSAP1|protein_coding	NUSAP1
ENSG00000119906.13|8812|SLF2|protein_coding	SLF2
ENSG00000277893.2|4519|SRD5A2|protein_coding	SRD5A2
ENSG00000160588.10|3983|MPZL3|protein_coding	MPZL3
ENSG00000139734.19|7383|DIAPH3|protein_coding	DIAPH3
ENSG00000129422.14|12010|MTUS1|protein_coding	MTUS1
ENSG00000028839.10|5039|TBPL1|protein_coding	TBPL1
ENSG00000168135.4|2065|KCNJ4|protein_coding	KCNJ4
ENSG00000029153.14|6983|ARNTL2|protein_coding	ARNTL2
ENSG00000068079.8|1958|IFI35|protein_coding	IFI35
ENSG00000138496.17|8938|PARP9|protein_coding	PARP9
ENSG00000171747.9|2226|LGALS4|protein_coding	LGALS4
ENSG00000185621.11|8692|LMLN|protein_coding	LMLN
ENSG00000163808.17|5281|KIF15|protein_coding	KIF15
ENSG00000137965.11|2038|IFI44|protein_coding	IFI44
ENSG00000115459.18|7259|ELMOD3|protein_coding	ELMOD3
ENSG00000109061.10|6023|MYH1|protein_coding	MYH1
ENSG00000129007.16|5007|CALML4|protein_coding	CALML4
ENSG00000119522.16|10256|DENND1A|protein_coding	DENND1A
ENSG00000168004.10|3268|PLAAT5|protein_coding	PLAAT5
ENSG00000215193.14|18693|PEX26|protein_coding	PEX26
ENSG00000170100.14|11343|ZNF778|protein_coding	ZNF778
ENSG00000008513.16|8852|ST3GAL1|protein_coding	ST3GAL1
ENSG00000183955.13|4574|KMT5A|protein_coding	KMT5A
ENSG00000172765.18|8243|TMCC1|protein_coding	TMCC1
ENSG00000087111.21|5903|PIGS|protein_coding	PIGS
ENSG00000108771.13|3824|DHX58|protein_coding	DHX58
ENSG00000183137.15|16918|CEP57L1|protein_coding	CEP57L1
ENSG00000057019.16|11280|DCBLD2|protein_coding	DCBLD2
ENSG00000114054.14|7498|PCCB|protein_coding	PCCB
ENSG00000179750.16|1896|APOBEC3B|protein_coding	APOBEC3B
ENSG00000157833.13|5942|GAREM2|protein_coding	GAREM2
ENSG00000196372.13|3003|ASB13|protein_coding	ASB13
ENSG00000175782.11|23252|SLC35E3|protein_coding	SLC35E3
ENSG00000142973.14|3466|CYP4B1|protein_coding	CYP4B1
ENSG00000126773.13|22042|PCNX4|protein_coding	PCNX4
ENSG00000170396.9|4527|ZNF804A|protein_coding	ZNF804A
ENSG00000115239.24|6735|ASB3|protein_coding	ASB3
ENSG00000149646.12|5005|CNBD2|protein_coding	CNBD2
ENSG00000112984.12|3852|KIF20A|protein_coding	KIF20A
ENSG00000095713.14|3553|CRTAC1|protein_coding	CRTAC1
ENSG00000005189.20|4111|REXO5|protein_coding	REXO5
ENSG00000067066.17|14134|SP100|protein_coding	SP100
ENSG00000164953.17|11732|TMEM67|protein_coding	TMEM67
ENSG00000104361.10|5606|NIPAL2|protein_coding	NIPAL2
ENSG00000257594.4|5385|GALNT4|protein_coding	GALNT4
ENSG00000044459.15|11064|CNTLN|protein_coding	CNTLN
ENSG00000163817.16|6653|SLC6A20|protein_coding	SLC6A20
ENSG00000275111.5|3996|ZNF2|protein_coding	ZNF2
ENSG00000146918.20|7105|NCAPG2|protein_coding	NCAPG2
ENSG00000087884.14|1943|AAMDC|protein_coding	AAMDC
ENSG00000186472.20|22874|PCLO|protein_coding	PCLO
ENSG00000033800.14|10647|PIAS1|protein_coding	PIAS1
ENSG00000213799.13|6450|ZNF845|protein_coding	ZNF845
ENSG00000043514.17|6533|TRIT1|protein_coding	TRIT1
ENSG00000262874.2|1464|C19orf84|protein_coding	C19orf84
ENSG00000119720.18|17393|NRDE2|protein_coding	NRDE2
ENSG00000179915.24|26509|NRXN1|protein_coding	NRXN1
ENSG00000100888.15|20953|CHD8|protein_coding	CHD8
ENSG00000185345.23|12024|PRKN|protein_coding	PRKN
ENSG00000114473.14|7468|IQCG|protein_coding	IQCG
ENSG00000124092.13|8928|CTCFL|protein_coding	CTCFL
ENSG00000049089.15|4215|COL9A2|protein_coding	COL9A2
ENSG00000103876.14|10161|FAH|protein_coding	FAH
ENSG00000162695.12|8600|SLC30A7|protein_coding	SLC30A7
ENSG00000121577.14|2208|POPDC2|protein_coding	POPDC2
ENSG00000132646.11|1403|PCNA|protein_coding	PCNA
ENSG00000129197.15|7431|RPAIN|protein_coding	RPAIN
ENSG00000111339.12|5245|ART4|protein_coding	ART4
ENSG00000089169.15|10276|RPH3A|protein_coding	RPH3A
ENSG00000115540.15|4081|MOB4|protein_coding	MOB4
ENSG00000153898.13|3442|MCOLN2|protein_coding	MCOLN2
ENSG00000073605.19|5905|GSDMB|protein_coding	GSDMB
ENSG00000172954.14|7517|LCLAT1|protein_coding	LCLAT1
ENSG00000164327.13|13540|RICTOR|protein_coding	RICTOR
ENSG00000154175.18|10978|ABI3BP|protein_coding	ABI3BP
ENSG00000069431.13|17483|ABCC9|protein_coding	ABCC9
ENSG00000155827.12|4692|RNF20|protein_coding	RNF20
ENSG00000119820.11|12239|YIPF4|protein_coding	YIPF4
ENSG00000136630.13|5629|HLX|protein_coding	HLX
ENSG00000279301.5|3770|OR2T11|protein_coding	OR2T11
ENSG00000100784.12|27982|RPS6KA5|protein_coding	RPS6KA5
ENSG00000103494.16|14211|RPGRIP1L|protein_coding	RPGRIP1L
ENSG00000151917.18|5611|BEND6|protein_coding	BEND6
ENSG00000197081.16|22613|IGF2R|protein_coding	IGF2R
ENSG00000186862.20|6602|PDZD7|protein_coding	PDZD7
ENSG00000079112.10|3878|CDH17|protein_coding	CDH17
ENSG00000130303.14|1101|BST2|protein_coding	BST2
ENSG00000168779.20|5011|SHOX2|protein_coding	SHOX2
ENSG00000203852.3|1656|H3C15|protein_coding	H3C15
ENSG00000109819.9|10870|PPARGC1A|protein_coding	PPARGC1A
ENSG00000182150.19|28973|ERCC6L2|protein_coding	ERCC6L2
ENSG00000184349.14|5735|EFNA5|protein_coding	EFNA5
ENSG00000103196.12|7962|CRISPLD2|protein_coding	CRISPLD2
ENSG00000166869.3|1967|CHP2|protein_coding	CHP2
ENSG00000120907.18|6749|ADRA1A|protein_coding	ADRA1A
ENSG00000164347.18|3971|GFM2|protein_coding	GFM2
ENSG00000132677.13|3384|RHBG|protein_coding	RHBG
ENSG00000167414.4|216|GNG8|protein_coding	GNG8
ENSG00000206579.9|20246|XKR4|protein_coding	XKR4
ENSG00000135951.16|7375|TSGA10|protein_coding	TSGA10
ENSG00000181274.7|2233|FRAT2|protein_coding	FRAT2
ENSG00000065457.11|6118|ADAT1|protein_coding	ADAT1
ENSG00000145700.10|6526|ANKRD31|protein_coding	ANKRD31
ENSG00000137955.16|5920|RABGGTB|protein_coding	RABGGTB
ENSG00000122696.14|3397|SLC25A51|protein_coding	SLC25A51
ENSG00000116771.6|3095|AGMAT|protein_coding	AGMAT
ENSG00000186684.14|5205|CYP27C1|protein_coding	CYP27C1
ENSG00000100253.13|1796|MIOX|protein_coding	MIOX
ENSG00000129696.13|3806|TTI2|protein_coding	TTI2
ENSG00000146453.13|2206|PNLDC1|protein_coding	PNLDC1
ENSG00000185668.8|2965|POU3F1|protein_coding	POU3F1
ENSG00000204084.13|8930|INPP5B|protein_coding	INPP5B
ENSG00000148848.15|9882|ADAM12|protein_coding	ADAM12
ENSG00000172000.7|6574|ZNF556|protein_coding	ZNF556
ENSG00000139200.14|3282|PIANP|protein_coding	PIANP
ENSG00000109881.17|3101|CCDC34|protein_coding	CCDC34
ENSG00000256087.7|5986|ZNF432|protein_coding	ZNF432
ENSG00000000419.14|9276|DPM1|protein_coding	DPM1
ENSG00000145819.18|17158|ARHGAP26|protein_coding	ARHGAP26
ENSG00000244045.13|4559|TMEM199|protein_coding	TMEM199
ENSG00000272442.2|3513|RP11-444E17.6|protein_coding	RP11-444E17.6
ENSG00000154258.17|9024|ABCA9|protein_coding	ABCA9
ENSG00000125779.24|9125|PANK2|protein_coding	PANK2
ENSG00000121060.19|12417|TRIM25|protein_coding	TRIM25
ENSG00000163380.16|5083|LMOD3|protein_coding	LMOD3
ENSG00000132825.7|3643|PPP1R3D|protein_coding	PPP1R3D
ENSG00000135378.4|5543|PRRG4|protein_coding	PRRG4
ENSG00000125633.11|8065|CCDC93|protein_coding	CCDC93
ENSG00000129244.9|3464|ATP1B2|protein_coding	ATP1B2
ENSG00000171320.15|7805|ESCO2|protein_coding	ESCO2
ENSG00000180998.12|6505|GPR137C|protein_coding	GPR137C
ENSG00000143374.17|4077|TARS2|protein_coding	TARS2
ENSG00000106692.15|20342|FKTN|protein_coding	FKTN
ENSG00000169851.15|12249|PCDH7|protein_coding	PCDH7
ENSG00000116711.10|2879|PLA2G4A|protein_coding	PLA2G4A
ENSG00000147316.14|10631|MCPH1|protein_coding	MCPH1
ENSG00000149308.17|7530|NPAT|protein_coding	NPAT
ENSG00000125741.5|9999|OPA3|protein_coding	OPA3
ENSG00000196890.4|2364|H2BU1|protein_coding	H2BU1
ENSG00000100532.13|4547|CGRRF1|protein_coding	CGRRF1
ENSG00000100605.17|6790|ITPK1|protein_coding	ITPK1
ENSG00000183735.11|14716|TBK1|protein_coding	TBK1
ENSG00000277865.4|4405|GOLGA6L22|protein_coding	GOLGA6L22
ENSG00000139168.9|9545|ZCRB1|protein_coding	ZCRB1
ENSG00000198625.13|11008|MDM4|protein_coding	MDM4
ENSG00000182986.15|11302|ZNF320|protein_coding	ZNF320
ENSG00000188761.13|9095|BCL2L15|protein_coding	BCL2L15
ENSG00000186439.14|9767|TRDN|protein_coding	TRDN
ENSG00000137869.15|8428|CYP19A1|protein_coding	CYP19A1
ENSG00000187391.22|34034|MAGI2|protein_coding	MAGI2
ENSG00000177675.9|5658|CD163L1|protein_coding	CD163L1
ENSG00000198818.10|3089|SFT2D1|protein_coding	SFT2D1
ENSG00000188153.14|11871|COL4A5|protein_coding	COL4A5
ENSG00000106686.17|9565|SPATA6L|protein_coding	SPATA6L
ENSG00000163389.12|7072|POGLUT1|protein_coding	POGLUT1
ENSG00000142188.17|4458|TMEM50B|protein_coding	TMEM50B
ENSG00000122550.18|7066|KLHL7|protein_coding	KLHL7
ENSG00000002919.15|4133|SNX11|protein_coding	SNX11
ENSG00000113360.17|7782|DROSHA|protein_coding	DROSHA
ENSG00000174804.4|7387|FZD4|protein_coding	FZD4
ENSG00000134569.10|8748|LRP4|protein_coding	LRP4
ENSG00000076685.19|9137|NT5C2|protein_coding	NT5C2
ENSG00000136002.20|10613|ARHGEF4|protein_coding	ARHGEF4
ENSG00000021574.13|9481|SPAST|protein_coding	SPAST
ENSG00000213020.10|7148|ZNF611|protein_coding	ZNF611
ENSG00000123700.5|5576|KCNJ2|protein_coding	KCNJ2
ENSG00000066813.14|8158|ACSM2B|protein_coding	ACSM2B
ENSG00000138738.11|9517|PRDM5|protein_coding	PRDM5
ENSG00000166004.15|9452|CEP295|protein_coding	CEP295
ENSG00000085840.13|3121|ORC1|protein_coding	ORC1
ENSG00000135655.16|19418|USP15|protein_coding	USP15
ENSG00000150275.20|15397|PCDH15|protein_coding	PCDH15
ENSG00000113389.16|9979|NPR3|protein_coding	NPR3
ENSG00000178882.15|3306|RFLNA|protein_coding	RFLNA
ENSG00000079974.18|5869|RABL2B|protein_coding	RABL2B
ENSG00000178700.9|4352|DHFR2|protein_coding	DHFR2
ENSG00000165810.17|5563|BTNL9|protein_coding	BTNL9
ENSG00000143869.7|9267|GDF7|protein_coding	GDF7
ENSG00000257335.8|10767|MGAM|protein_coding	MGAM
ENSG00000170092.14|3325|SPDYE5|protein_coding	SPDYE5
ENSG00000154655.16|7959|L3MBTL4|protein_coding	L3MBTL4
ENSG00000174279.4|4203|EVX2|protein_coding	EVX2
ENSG00000115252.18|6322|PDE1A|protein_coding	PDE1A
ENSG00000175063.17|1286|UBE2C|protein_coding	UBE2C
ENSG00000105612.9|2389|DNASE2|protein_coding	DNASE2
ENSG00000203811.1|1656|H3C14|protein_coding	H3C14
ENSG00000110079.19|6501|MS4A4A|protein_coding	MS4A4A
ENSG00000132554.20|6363|RGS22|protein_coding	RGS22
ENSG00000140451.13|4656|PIF1|protein_coding	PIF1
ENSG00000159556.10|2171|ISL2|protein_coding	ISL2
ENSG00000119535.18|8429|CSF3R|protein_coding	CSF3R
ENSG00000174697.5|3427|LEP|protein_coding	LEP
ENSG00000135773.13|2593|CAPN9|protein_coding	CAPN9
ENSG00000171962.18|7332|DRC3|protein_coding	DRC3
ENSG00000115827.14|7657|DCAF17|protein_coding	DCAF17
ENSG00000064199.7|5159|SPA17|protein_coding	SPA17
ENSG00000163462.18|4533|TRIM46|protein_coding	TRIM46
ENSG00000148773.14|12845|MKI67|protein_coding	MKI67
ENSG00000139679.16|4350|LPAR6|protein_coding	LPAR6
ENSG00000197140.15|10050|ADAM32|protein_coding	ADAM32
ENSG00000140525.19|11853|FANCI|protein_coding	FANCI
ENSG00000179240.13|20110|GVQW3|protein_coding	GVQW3
ENSG00000145864.14|17138|GABRB2|protein_coding	GABRB2
ENSG00000080819.9|3157|CPOX|protein_coding	CPOX
ENSG00000147650.12|10011|LRP12|protein_coding	LRP12
ENSG00000127980.16|7838|PEX1|protein_coding	PEX1
ENSG00000215018.10|6639|COL28A1|protein_coding	COL28A1
ENSG00000180098.9|4311|TRNAU1AP|protein_coding	TRNAU1AP
ENSG00000116005.12|5864|PCYOX1|protein_coding	PCYOX1
ENSG00000169248.13|1781|CXCL11|protein_coding	CXCL11
ENSG00000124532.15|5133|MRS2|protein_coding	MRS2
ENSG00000281106.4|4153|TMEM272|protein_coding	TMEM272
ENSG00000189375.12|4155|TBC1D28|protein_coding	TBC1D28
ENSG00000143919.15|3994|CAMKMT|protein_coding	CAMKMT
ENSG00000104059.5|5803|FAM189A1|protein_coding	FAM189A1
ENSG00000133028.12|10299|SCO1|protein_coding	SCO1
ENSG00000137692.12|13069|DCUN1D5|protein_coding	DCUN1D5
ENSG00000170160.17|15568|CCDC144A|protein_coding	CCDC144A
ENSG00000158321.18|24887|AUTS2|protein_coding	AUTS2
ENSG00000242221.9|2833|PSG2|protein_coding	PSG2
ENSG00000169918.10|14352|OTUD7A|protein_coding	OTUD7A
ENSG00000234224.3|2147|TMEM229A|protein_coding	TMEM229A
ENSG00000183379.9|2719|SYNDIG1L|protein_coding	SYNDIG1L
ENSG00000128253.15|2935|RFPL2|protein_coding	RFPL2
ENSG00000138829.12|13218|FBN2|protein_coding	FBN2
ENSG00000189164.15|6436|ZNF527|protein_coding	ZNF527
ENSG00000166484.20|5196|MAPK7|protein_coding	MAPK7
ENSG00000157064.11|6943|NMNAT2|protein_coding	NMNAT2
ENSG00000272047.3|7565|GTF2H5|protein_coding	GTF2H5
ENSG00000100578.18|17733|KIAA0586|protein_coding	KIAA0586
ENSG00000123983.15|14436|ACSL3|protein_coding	ACSL3
ENSG00000154646.9|4362|TMPRSS15|protein_coding	TMPRSS15
ENSG00000184156.17|12721|KCNQ3|protein_coding	KCNQ3
ENSG00000131080.15|3616|EDA2R|protein_coding	EDA2R
ENSG00000114853.15|5685|ZBTB47|protein_coding	ZBTB47
ENSG00000183598.4|469|H3C13|protein_coding	H3C13
ENSG00000184507.16|4196|NUTM1|protein_coding	NUTM1
ENSG00000168772.11|5823|CXXC4|protein_coding	CXXC4
ENSG00000146122.17|12955|DAAM2|protein_coding	DAAM2
ENSG00000169083.18|12818|AR|protein_coding	AR
ENSG00000138640.15|13215|FAM13A|protein_coding	FAM13A
ENSG00000138613.14|5443|APH1B|protein_coding	APH1B
ENSG00000142515.15|4639|KLK3|protein_coding	KLK3
ENSG00000077380.16|6433|DYNC1I2|protein_coding	DYNC1I2
ENSG00000150551.11|3979|LYPD1|protein_coding	LYPD1
ENSG00000167815.12|2034|PRDX2|protein_coding	PRDX2
ENSG00000180228.14|12061|PRKRA|protein_coding	PRKRA
ENSG00000116690.13|5049|PRG4|protein_coding	PRG4
ENSG00000143375.15|6616|CGN|protein_coding	CGN
ENSG00000023228.14|12174|NDUFS1|protein_coding	NDUFS1
ENSG00000016864.19|3785|GLT8D1|protein_coding	GLT8D1
ENSG00000136531.19|24087|SCN2A|protein_coding	SCN2A
ENSG00000196935.9|26230|SRGAP1|protein_coding	SRGAP1
ENSG00000188493.15|3736|C19orf54|protein_coding	C19orf54
ENSG00000123901.9|4277|GPR83|protein_coding	GPR83
ENSG00000204128.6|3818|C2orf72|protein_coding	C2orf72
ENSG00000198513.14|16489|ATL1|protein_coding	ATL1
ENSG00000100228.14|5380|RAB36|protein_coding	RAB36
ENSG00000249481.7|4591|SPATS1|protein_coding	SPATS1
ENSG00000155849.16|10999|ELMO1|protein_coding	ELMO1
ENSG00000273514.2|2247|FOXD4L6|protein_coding	FOXD4L6
ENSG00000113369.9|4985|ARRDC3|protein_coding	ARRDC3
ENSG00000196639.7|5581|HRH1|protein_coding	HRH1
ENSG00000105472.13|1434|CLEC11A|protein_coding	CLEC11A
ENSG00000048342.18|14588|CC2D2A|protein_coding	CC2D2A
ENSG00000206047.3|498|DEFA1|protein_coding	DEFA1
ENSG00000198346.11|6246|ZNF813|protein_coding	ZNF813
ENSG00000263155.6|2598|MYZAP|protein_coding	MYZAP
ENSG00000181982.19|9670|CCDC149|protein_coding	CCDC149
ENSG00000178409.14|7085|BEND3|protein_coding	BEND3
ENSG00000129173.13|4134|E2F8|protein_coding	E2F8
ENSG00000105677.12|1927|TMEM147|protein_coding	TMEM147
ENSG00000157617.17|8730|C2CD2|protein_coding	C2CD2
ENSG00000162825.16|18995|NBPF20|protein_coding	NBPF20
ENSG00000106443.17|14044|PHF14|protein_coding	PHF14
ENSG00000089057.15|7526|SLC23A2|protein_coding	SLC23A2
ENSG00000169116.11|5034|PARM1|protein_coding	PARM1
ENSG00000101844.18|2927|ATG4A|protein_coding	ATG4A
ENSG00000183780.13|3447|SLC35F3|protein_coding	SLC35F3
ENSG00000115641.19|6626|FHL2|protein_coding	FHL2
ENSG00000176956.13|1874|LY6H|protein_coding	LY6H
ENSG00000188312.14|9321|CENPP|protein_coding	CENPP
ENSG00000163684.12|8376|RPP14|protein_coding	RPP14
ENSG00000276644.5|5401|DACH1|protein_coding	DACH1
ENSG00000196600.12|3752|SLC22A25|protein_coding	SLC22A25
ENSG00000160299.17|11641|PCNT|protein_coding	PCNT
ENSG00000085433.16|4423|WDR47|protein_coding	WDR47
ENSG00000106772.18|14683|PRUNE2|protein_coding	PRUNE2
ENSG00000125246.15|7227|CLYBL|protein_coding	CLYBL
ENSG00000152926.15|10695|ZNF117|protein_coding	ZNF117
ENSG00000164118.13|7079|CEP44|protein_coding	CEP44
ENSG00000135336.16|4095|ORC3|protein_coding	ORC3
ENSG00000176495.3|8502|OR5AN1|protein_coding	OR5AN1
ENSG00000165923.16|5483|AGBL2|protein_coding	AGBL2
ENSG00000112077.17|2629|RHAG|protein_coding	RHAG
ENSG00000288684.1|4941|RP11-205M20.8|protein_coding	RP11-205M20.8
ENSG00000183134.5|2881|PTGDR2|protein_coding	PTGDR2
ENSG00000141562.18|7919|NARF|protein_coding	NARF
ENSG00000215568.9|4077|GAB4|protein_coding	GAB4
ENSG00000115267.9|5094|IFIH1|protein_coding	IFIH1
ENSG00000102158.21|5479|MAGT1|protein_coding	MAGT1
ENSG00000167600.14|2713|CYP2S1|protein_coding	CYP2S1
ENSG00000184984.10|6041|CHRM5|protein_coding	CHRM5
ENSG00000067141.17|8137|NEO1|protein_coding	NEO1
ENSG00000072210.19|15331|ALDH3A2|protein_coding	ALDH3A2
ENSG00000278540.5|13022|ACACA|protein_coding	ACACA
ENSG00000050130.18|4350|JKAMP|protein_coding	JKAMP
ENSG00000188730.5|11322|VWC2|protein_coding	VWC2
ENSG00000186787.10|1479|SPIN2B|protein_coding	SPIN2B
ENSG00000179889.19|9410|PDXDC1|protein_coding	PDXDC1
ENSG00000169946.14|8036|ZFPM2|protein_coding	ZFPM2
ENSG00000141338.14|11246|ABCA8|protein_coding	ABCA8
ENSG00000013293.6|10496|SLC7A14|protein_coding	SLC7A14
ENSG00000143921.9|10179|ABCG8|protein_coding	ABCG8
ENSG00000140406.4|4866|TLNRD1|protein_coding	TLNRD1
ENSG00000136943.12|7329|CTSV|protein_coding	CTSV
ENSG00000197153.5|858|H3C12|protein_coding	H3C12
ENSG00000167702.13|4447|KIFC2|protein_coding	KIFC2
ENSG00000111237.19|3219|VPS29|protein_coding	VPS29
ENSG00000139370.12|5468|SLC15A4|protein_coding	SLC15A4
ENSG00000119661.15|8884|DNAL1|protein_coding	DNAL1
ENSG00000214456.8|4815|PLIN5|protein_coding	PLIN5
ENSG00000161533.12|8286|ACOX1|protein_coding	ACOX1
ENSG00000168010.11|8519|ATG16L2|protein_coding	ATG16L2
ENSG00000151725.12|3483|CENPU|protein_coding	CENPU
ENSG00000182325.11|3375|FBXL6|protein_coding	FBXL6
ENSG00000153266.13|2228|FEZF2|protein_coding	FEZF2
ENSG00000106714.17|9521|CNTNAP3|protein_coding	CNTNAP3
ENSG00000078328.23|15742|RBFOX1|protein_coding	RBFOX1
ENSG00000164900.5|2193|GBX1|protein_coding	GBX1
ENSG00000198797.7|4492|BRINP2|protein_coding	BRINP2
ENSG00000173653.8|3001|RCE1|protein_coding	RCE1
ENSG00000164169.13|3952|PRMT9|protein_coding	PRMT9
ENSG00000184983.11|1344|NDUFA6|protein_coding	NDUFA6
ENSG00000148334.16|6084|PTGES2|protein_coding	PTGES2
ENSG00000103978.16|5594|TMEM87A|protein_coding	TMEM87A
ENSG00000133302.13|6863|SLF1|protein_coding	SLF1
ENSG00000184478.8|4832|OR56A3|protein_coding	OR56A3
ENSG00000108559.12|6003|NUP88|protein_coding	NUP88
ENSG00000185652.12|2923|NTF3|protein_coding	NTF3
ENSG00000140386.13|11610|SCAPER|protein_coding	SCAPER
ENSG00000108306.13|11053|FBXL20|protein_coding	FBXL20
ENSG00000255346.10|12530|NOX5|protein_coding	NOX5
ENSG00000163644.15|11371|PPM1K|protein_coding	PPM1K
ENSG00000173611.18|13036|SCAI|protein_coding	SCAI
ENSG00000174332.5|3113|GLIS1|protein_coding	GLIS1
ENSG00000170581.14|6198|STAT2|protein_coding	STAT2
ENSG00000165188.14|3646|RNF183|protein_coding	RNF183
ENSG00000162241.13|7855|SLC25A45|protein_coding	SLC25A45
ENSG00000100101.15|4904|RP1-37E16.12|protein_coding	RP1-37E16.12
ENSG00000168939.12|10561|SPRY3|protein_coding	SPRY3
ENSG00000239389.8|5441|PCDHA13|protein_coding	PCDHA13
ENSG00000162702.8|4895|ZNF281|protein_coding	ZNF281
ENSG00000154485.5|3441|MMP21|protein_coding	MMP21
ENSG00000182389.20|35957|CACNB4|protein_coding	CACNB4
ENSG00000149972.11|9107|CNTN5|protein_coding	CNTN5
ENSG00000106536.21|8320|POU6F2|protein_coding	POU6F2
ENSG00000152661.9|3395|GJA1|protein_coding	GJA1
ENSG00000267221.3|3733|C17orf113|protein_coding	C17orf113
ENSG00000100372.15|3989|SLC25A17|protein_coding	SLC25A17
ENSG00000168356.13|12516|SCN11A|protein_coding	SCN11A
ENSG00000144847.13|4899|IGSF11|protein_coding	IGSF11
ENSG00000060140.9|3440|STYK1|protein_coding	STYK1
ENSG00000175229.7|3649|GAL3ST3|protein_coding	GAL3ST3
ENSG00000039319.17|15490|ZFYVE16|protein_coding	ZFYVE16
ENSG00000186529.16|5517|CYP4F3|protein_coding	CYP4F3
ENSG00000109101.8|3641|FOXN1|protein_coding	FOXN1
ENSG00000078043.16|17535|PIAS2|protein_coding	PIAS2
ENSG00000105852.11|4119|PON3|protein_coding	PON3
ENSG00000178927.18|7237|CYBC1|protein_coding	CYBC1
ENSG00000119946.11|6156|CNNM1|protein_coding	CNNM1
ENSG00000133246.12|3291|PRAM1|protein_coding	PRAM1
ENSG00000166167.18|6613|BTRC|protein_coding	BTRC
ENSG00000091947.10|3029|TMEM101|protein_coding	TMEM101
ENSG00000109756.9|13275|RAPGEF2|protein_coding	RAPGEF2
ENSG00000196460.14|3265|RFX8|protein_coding	RFX8
ENSG00000146090.16|3015|RASGEF1C|protein_coding	RASGEF1C
ENSG00000171533.12|6351|MAP6|protein_coding	MAP6
ENSG00000277075.2|509|H2AC8|protein_coding	H2AC8
ENSG00000089225.20|4443|TBX5|protein_coding	TBX5
ENSG00000180644.8|2518|PRF1|protein_coding	PRF1
ENSG00000111850.11|8750|SMIM8|protein_coding	SMIM8
ENSG00000234545.8|4496|FAM133B|protein_coding	FAM133B
ENSG00000170734.12|8368|POLH|protein_coding	POLH
ENSG00000131747.15|6374|TOP2A|protein_coding	TOP2A
ENSG00000163472.19|3032|TMEM79|protein_coding	TMEM79
ENSG00000173950.16|5396|XXYLT1|protein_coding	XXYLT1
ENSG00000090857.14|9679|PDPR|protein_coding	PDPR
ENSG00000141441.16|7966|GAREM1|protein_coding	GAREM1
ENSG00000004848.8|3114|ARX|protein_coding	ARX
ENSG00000173826.15|4211|KCNH6|protein_coding	KCNH6
ENSG00000156587.16|2062|UBE2L6|protein_coding	UBE2L6
ENSG00000276368.2|476|H2AC14|protein_coding	H2AC14
ENSG00000180113.16|9041|TDRD6|protein_coding	TDRD6
ENSG00000213066.13|15886|CEP43|protein_coding	CEP43
ENSG00000134962.7|6002|KLB|protein_coding	KLB
ENSG00000189337.17|13860|KAZN|protein_coding	KAZN
ENSG00000205403.14|4695|CFI|protein_coding	CFI
ENSG00000157542.11|19979|KCNJ6|protein_coding	KCNJ6
ENSG00000144642.22|18437|RBMS3|protein_coding	RBMS3
ENSG00000148384.14|6847|INPP5E|protein_coding	INPP5E
ENSG00000142687.18|9619|KIAA0319L|protein_coding	KIAA0319L
ENSG00000010295.20|4945|IFFO1|protein_coding	IFFO1
ENSG00000276903.2|482|H2AC16|protein_coding	H2AC16
ENSG00000170956.17|2931|CEACAM3|protein_coding	CEACAM3
ENSG00000174891.14|17897|RSRC1|protein_coding	RSRC1
ENSG00000177685.17|4224|CRACR2B|protein_coding	CRACR2B
ENSG00000108474.17|6162|PIGL|protein_coding	PIGL
ENSG00000181744.9|5463|DIPK2A|protein_coding	DIPK2A
ENSG00000235568.7|5828|NFAM1|protein_coding	NFAM1
ENSG00000123975.5|616|CKS2|protein_coding	CKS2
ENSG00000284981.1|1005|UPK3BL2|protein_coding	UPK3BL2
ENSG00000167766.19|7695|ZNF83|protein_coding	ZNF83
ENSG00000089335.21|5032|ZNF302|protein_coding	ZNF302
ENSG00000131153.9|3219|GINS2|protein_coding	GINS2
ENSG00000140092.15|4845|FBLN5|protein_coding	FBLN5
ENSG00000115364.14|8947|MRPL19|protein_coding	MRPL19
ENSG00000187098.17|7151|MITF|protein_coding	MITF
ENSG00000130766.5|3462|SESN2|protein_coding	SESN2
ENSG00000177192.14|5732|PUS1|protein_coding	PUS1
ENSG00000113327.17|22751|GABRG2|protein_coding	GABRG2
ENSG00000239713.9|5375|APOBEC3G|protein_coding	APOBEC3G
ENSG00000178233.18|5475|TMEM151B|protein_coding	TMEM151B
ENSG00000121957.15|19578|GPSM2|protein_coding	GPSM2
ENSG00000181896.12|6560|ZNF101|protein_coding	ZNF101
ENSG00000160791.13|3672|CCR5|protein_coding	CCR5
ENSG00000141576.16|7913|RNF157|protein_coding	RNF157
ENSG00000196917.6|4769|HCAR1|protein_coding	HCAR1
ENSG00000106290.15|4060|TAF6|protein_coding	TAF6
ENSG00000134343.14|7795|ANO3|protein_coding	ANO3
ENSG00000140832.11|6347|MARVELD3|protein_coding	MARVELD3
ENSG00000165995.22|11162|CACNB2|protein_coding	CACNB2
ENSG00000110066.15|8632|KMT5B|protein_coding	KMT5B
ENSG00000175820.4|21470|CCDC168|protein_coding	CCDC168
ENSG00000198734.12|9373|F5|protein_coding	F5
ENSG00000188352.12|10036|FOCAD|protein_coding	FOCAD
ENSG00000189367.15|9164|KIAA0408|protein_coding	KIAA0408
ENSG00000133661.17|4238|SFTPD|protein_coding	SFTPD
ENSG00000175329.13|3384|ISX|protein_coding	ISX
ENSG00000166206.15|13886|GABRB3|protein_coding	GABRB3
ENSG00000068097.15|7045|HEATR6|protein_coding	HEATR6
ENSG00000264717.5|1956|NPY4R2|protein_coding	NPY4R2
ENSG00000134146.12|9347|DPH6|protein_coding	DPH6
ENSG00000161270.20|6717|NPHS1|protein_coding	NPHS1
ENSG00000174672.16|6903|BRSK2|protein_coding	BRSK2
ENSG00000115207.13|5839|GTF3C2|protein_coding	GTF3C2
ENSG00000073331.18|12326|ALPK1|protein_coding	ALPK1
ENSG00000197496.6|4838|SLC2A10|protein_coding	SLC2A10
ENSG00000160193.12|2738|WDR4|protein_coding	WDR4
ENSG00000164694.17|6850|FNDC1|protein_coding	FNDC1
ENSG00000183921.7|2630|SDR42E2|protein_coding	SDR42E2
ENSG00000113851.15|8068|CRBN|protein_coding	CRBN
ENSG00000145362.21|55130|ANK2|protein_coding	ANK2
ENSG00000075711.21|16552|DLG1|protein_coding	DLG1
ENSG00000119392.16|10755|GLE1|protein_coding	GLE1
ENSG00000242265.6|6689|PEG10|protein_coding	PEG10
ENSG00000130449.6|5518|ZSWIM6|protein_coding	ZSWIM6
ENSG00000119227.8|3198|PIGZ|protein_coding	PIGZ
ENSG00000103326.12|7992|CAPN15|protein_coding	CAPN15
ENSG00000163635.20|15319|ATXN7|protein_coding	ATXN7
ENSG00000185070.12|38108|FLRT2|protein_coding	FLRT2
ENSG00000101935.11|6714|AMMECR1|protein_coding	AMMECR1
ENSG00000083457.12|6602|ITGAE|protein_coding	ITGAE
ENSG00000165821.12|5383|SALL2|protein_coding	SALL2
ENSG00000164904.18|17914|ALDH7A1|protein_coding	ALDH7A1
ENSG00000179023.9|5045|KLHDC7A|protein_coding	KLHDC7A
ENSG00000154997.9|3875|SEPTIN14|protein_coding	SEPTIN14
ENSG00000236287.8|9029|ZBED5|protein_coding	ZBED5
ENSG00000133275.16|3781|CSNK1G2|protein_coding	CSNK1G2
ENSG00000137713.16|6686|PPP2R1B|protein_coding	PPP2R1B
ENSG00000186814.14|8271|ZSCAN30|protein_coding	ZSCAN30
ENSG00000176783.15|5901|RUFY1|protein_coding	RUFY1
ENSG00000106804.8|6532|C5|protein_coding	C5
ENSG00000089351.15|5906|GRAMD1A|protein_coding	GRAMD1A
ENSG00000104848.2|4151|KCNA7|protein_coding	KCNA7
ENSG00000251247.11|4739|ZNF345|protein_coding	ZNF345
ENSG00000142599.19|14112|RERE|protein_coding	RERE
ENSG00000213462.5|5027|ERV3-1|protein_coding	ERV3-1
ENSG00000105136.21|8009|ZNF419|protein_coding	ZNF419
ENSG00000153822.15|6340|KCNJ16|protein_coding	KCNJ16
ENSG00000125731.13|5591|SH2D3A|protein_coding	SH2D3A
ENSG00000170959.15|13160|DCDC1|protein_coding	DCDC1
ENSG00000154678.18|14131|PDE1C|protein_coding	PDE1C
ENSG00000176406.23|13962|RIMS2|protein_coding	RIMS2
ENSG00000104522.16|3608|GFUS|protein_coding	GFUS
ENSG00000173269.14|5086|MMRN2|protein_coding	MMRN2
ENSG00000150656.15|7117|CNDP1|protein_coding	CNDP1
ENSG00000168792.5|3492|ABHD15|protein_coding	ABHD15
ENSG00000174521.7|2342|TTC9B|protein_coding	TTC9B
ENSG00000165655.17|3205|ZNF503|protein_coding	ZNF503
ENSG00000148942.15|7571|SLC5A12|protein_coding	SLC5A12
ENSG00000226288.3|6672|OR52I2|protein_coding	OR52I2
ENSG00000162413.16|6901|KLHL21|protein_coding	KLHL21
ENSG00000151065.14|4610|DCP1B|protein_coding	DCP1B
ENSG00000141577.14|3966|CEP131|protein_coding	CEP131
ENSG00000278828.1|1237|H3C10|protein_coding	H3C10
ENSG00000197168.13|7055|NEK5|protein_coding	NEK5
ENSG00000112812.16|5290|PRSS16|protein_coding	PRSS16
ENSG00000250424.4|1531|RP5-877J2.1|protein_coding	RP5-877J2.1
ENSG00000178234.13|8288|GALNT11|protein_coding	GALNT11
ENSG00000205060.11|6988|SLC35B4|protein_coding	SLC35B4
ENSG00000087299.12|6560|L2HGDH|protein_coding	L2HGDH
ENSG00000256870.3|4009|SLC5A8|protein_coding	SLC5A8
ENSG00000185842.16|19693|DNAH14|protein_coding	DNAH14
ENSG00000121940.16|10933|CLCC1|protein_coding	CLCC1
ENSG00000144644.15|7229|GADL1|protein_coding	GADL1
ENSG00000203685.10|7843|STUM|protein_coding	STUM
ENSG00000198863.7|4757|RUNDC1|protein_coding	RUNDC1
ENSG00000138892.11|2707|TTLL8|protein_coding	TTLL8
ENSG00000103316.12|3593|CRYM|protein_coding	CRYM
ENSG00000034239.11|5822|EFCAB1|protein_coding	EFCAB1
ENSG00000134363.12|2752|FST|protein_coding	FST
ENSG00000165556.10|3517|CDX2|protein_coding	CDX2
ENSG00000196967.11|10758|ZNF585A|protein_coding	ZNF585A
ENSG00000253485.3|5799|PCDHGA5|protein_coding	PCDHGA5
ENSG00000100344.11|3193|PNPLA3|protein_coding	PNPLA3
ENSG00000146085.8|3811|MMUT|protein_coding	MMUT
ENSG00000125247.16|6574|TMTC4|protein_coding	TMTC4
ENSG00000166923.12|14784|GREM1|protein_coding	GREM1
ENSG00000197471.12|7382|SPN|protein_coding	SPN
ENSG00000164729.7|2004|SLC35G3|protein_coding	SLC35G3
ENSG00000100427.16|3821|MLC1|protein_coding	MLC1
ENSG00000162378.13|8206|ZYG11B|protein_coding	ZYG11B
ENSG00000068489.13|6743|PRR11|protein_coding	PRR11
ENSG00000131044.17|6175|TTLL9|protein_coding	TTLL9
ENSG00000152503.10|6061|TRIM36|protein_coding	TRIM36
ENSG00000021826.17|11018|CPS1|protein_coding	CPS1
ENSG00000186952.15|10171|TMEM232|protein_coding	TMEM232
ENSG00000170634.13|4964|ACYP2|protein_coding	ACYP2
ENSG00000182836.10|7733|PLCXD3|protein_coding	PLCXD3
ENSG00000172613.8|4169|RAD9A|protein_coding	RAD9A
ENSG00000174600.14|5666|CMKLR1|protein_coding	CMKLR1
ENSG00000160746.13|5285|ANO10|protein_coding	ANO10
ENSG00000147050.17|27742|KDM6A|protein_coding	KDM6A
ENSG00000110975.8|5082|SYT10|protein_coding	SYT10
ENSG00000154978.13|5341|VOPP1|protein_coding	VOPP1
ENSG00000185697.17|7239|MYBL1|protein_coding	MYBL1
ENSG00000163161.14|8412|ERCC3|protein_coding	ERCC3
ENSG00000135917.16|7769|SLC19A3|protein_coding	SLC19A3
ENSG00000145808.10|5392|ADAMTS19|protein_coding	ADAMTS19
ENSG00000107242.20|5092|PIP5K1B|protein_coding	PIP5K1B
ENSG00000187240.17|15012|DYNC2H1|protein_coding	DYNC2H1
ENSG00000011426.11|5997|ANLN|protein_coding	ANLN
ENSG00000166432.15|7562|ZMAT1|protein_coding	ZMAT1
ENSG00000104413.18|4875|ESRP1|protein_coding	ESRP1
ENSG00000179909.16|6907|ZNF154|protein_coding	ZNF154
ENSG00000278195.2|4677|SSTR3|protein_coding	SSTR3
ENSG00000198502.6|1250|HLA-DRB5|protein_coding	HLA-DRB5
ENSG00000250120.8|15664|PCDHA10|protein_coding	PCDHA10
ENSG00000005381.8|3527|MPO|protein_coding	MPO
ENSG00000241322.11|8980|CDRT1|protein_coding	CDRT1
ENSG00000160352.16|9842|ZNF714|protein_coding	ZNF714
ENSG00000066629.18|8930|EML1|protein_coding	EML1
ENSG00000144191.12|4343|CNGA3|protein_coding	CNGA3
ENSG00000175874.10|7059|CREG2|protein_coding	CREG2
ENSG00000169877.10|526|AHSP|protein_coding	AHSP
ENSG00000157399.17|5282|ARSL|protein_coding	ARSL
ENSG00000166535.20|7156|A2ML1|protein_coding	A2ML1
ENSG00000175575.13|7922|PAAF1|protein_coding	PAAF1
ENSG00000132639.13|3357|SNAP25|protein_coding	SNAP25
ENSG00000080845.19|8785|DLGAP4|protein_coding	DLGAP4
ENSG00000161048.12|7561|NAPEPLD|protein_coding	NAPEPLD
ENSG00000171564.12|4374|FGB|protein_coding	FGB
ENSG00000113889.14|4603|KNG1|protein_coding	KNG1
ENSG00000137968.16|6299|SLC44A5|protein_coding	SLC44A5
ENSG00000188558.7|6197|OR2G6|protein_coding	OR2G6
ENSG00000140505.7|3132|CYP1A2|protein_coding	CYP1A2
ENSG00000184060.11|3750|ADAP2|protein_coding	ADAP2
ENSG00000128915.12|16010|ICE2|protein_coding	ICE2
ENSG00000187955.12|10190|COL14A1|protein_coding	COL14A1
ENSG00000140332.17|12634|TLE3|protein_coding	TLE3
ENSG00000136643.12|6191|RPS6KC1|protein_coding	RPS6KC1
ENSG00000119616.11|4747|FCF1|protein_coding	FCF1
ENSG00000123989.14|3375|CHPF|protein_coding	CHPF
ENSG00000038295.8|8105|TLL1|protein_coding	TLL1
ENSG00000102125.16|5977|TAZ|protein_coding	TAZ
ENSG00000116675.16|6958|DNAJC6|protein_coding	DNAJC6
ENSG00000145626.12|8489|UGT3A1|protein_coding	UGT3A1
ENSG00000272196.2|564|H2AC19|protein_coding	H2AC19
ENSG00000170464.10|6498|DNAJC18|protein_coding	DNAJC18
ENSG00000108813.11|3628|DLX4|protein_coding	DLX4
ENSG00000187510.11|6487|PLEKHG7|protein_coding	PLEKHG7
ENSG00000171612.7|3865|SLC25A33|protein_coding	SLC25A33
ENSG00000106344.8|15866|RBM28|protein_coding	RBM28
ENSG00000167904.15|8574|TMEM68|protein_coding	TMEM68
ENSG00000253767.3|8657|PCDHGA8|protein_coding	PCDHGA8
ENSG00000198270.13|7989|TMEM116|protein_coding	TMEM116
ENSG00000179869.15|19075|ABCA13|protein_coding	ABCA13
ENSG00000188580.15|4456|NKAIN2|protein_coding	NKAIN2
ENSG00000132874.15|4736|SLC14A2|protein_coding	SLC14A2
ENSG00000165879.9|2645|FRAT1|protein_coding	FRAT1
ENSG00000078795.17|4653|PKD2L2|protein_coding	PKD2L2
ENSG00000115204.15|5625|MPV17|protein_coding	MPV17
ENSG00000149294.17|12737|NCAM1|protein_coding	NCAM1
ENSG00000119723.17|6686|COQ6|protein_coding	COQ6
ENSG00000138100.14|2727|TRIM54|protein_coding	TRIM54
ENSG00000075975.17|9783|MKRN2|protein_coding	MKRN2
ENSG00000285542.1|3333|RP11-24I5.1|protein_coding	RP11-24I5.1
ENSG00000154743.19|12407|TSEN2|protein_coding	TSEN2
ENSG00000198015.14|16368|MRPL42|protein_coding	MRPL42
ENSG00000172785.18|14170|CBWD1|protein_coding	CBWD1
ENSG00000055211.14|2250|GINM1|protein_coding	GINM1
ENSG00000109771.16|7392|LRP2BP|protein_coding	LRP2BP
ENSG00000198010.13|15129|DLGAP2|protein_coding	DLGAP2
ENSG00000286522.2|511|H3C2|protein_coding	H3C2
ENSG00000067715.14|6389|SYT1|protein_coding	SYT1
ENSG00000179151.13|5089|EDC3|protein_coding	EDC3
ENSG00000171872.5|3160|KLF17|protein_coding	KLF17
ENSG00000115380.20|3962|EFEMP1|protein_coding	EFEMP1
ENSG00000087266.17|13918|SH3BP2|protein_coding	SH3BP2
ENSG00000256269.10|4447|HMBS|protein_coding	HMBS
ENSG00000172519.10|6463|OR10H5|protein_coding	OR10H5
ENSG00000163291.14|12403|PAQR3|protein_coding	PAQR3
ENSG00000138778.13|9928|CENPE|protein_coding	CENPE
ENSG00000101624.11|6165|CEP76|protein_coding	CEP76
ENSG00000275152.5|1745|CCL16|protein_coding	CCL16
ENSG00000173926.6|4929|MARCHF3|protein_coding	MARCHF3
ENSG00000180340.7|3779|FZD2|protein_coding	FZD2
ENSG00000104524.14|3947|PYCR3|protein_coding	PYCR3
ENSG00000259316.12|3287|CTD-2116N17.1|protein_coding	CTD-2116N17.1
ENSG00000128655.18|12267|PDE11A|protein_coding	PDE11A
ENSG00000146143.19|5652|PRIM2|protein_coding	PRIM2
ENSG00000087842.11|2512|PIR|protein_coding	PIR
ENSG00000181381.15|12156|DDX60L|protein_coding	DDX60L
ENSG00000197608.12|4288|ZNF841|protein_coding	ZNF841
ENSG00000184368.16|4366|MAP7D2|protein_coding	MAP7D2
ENSG00000140675.13|4468|SLC5A2|protein_coding	SLC5A2
ENSG00000284194.3|1381|SCO2|protein_coding	SCO2
ENSG00000011347.10|7552|SYT7|protein_coding	SYT7
ENSG00000006468.14|9615|ETV1|protein_coding	ETV1
ENSG00000067798.16|13278|NAV3|protein_coding	NAV3
ENSG00000185666.15|10185|SYN3|protein_coding	SYN3
ENSG00000177981.11|4086|ASB8|protein_coding	ASB8
ENSG00000135968.21|12652|GCC2|protein_coding	GCC2
ENSG00000198832.10|3187|SELENOM|protein_coding	SELENOM
ENSG00000159784.18|6430|FAM131B|protein_coding	FAM131B
ENSG00000198626.17|17855|RYR2|protein_coding	RYR2
ENSG00000182256.13|12689|GABRG3|protein_coding	GABRG3
ENSG00000060069.18|6196|CTDP1|protein_coding	CTDP1
ENSG00000105072.9|4338|C19orf44|protein_coding	C19orf44
ENSG00000142632.17|3788|ARHGEF19|protein_coding	ARHGEF19
ENSG00000152954.12|4122|NRSN1|protein_coding	NRSN1
ENSG00000219438.9|3080|TAFA5|protein_coding	TAFA5
ENSG00000114757.19|10236|PEX5L|protein_coding	PEX5L
ENSG00000135063.20|9559|FAM189A2|protein_coding	FAM189A2
ENSG00000160224.17|4678|AIRE|protein_coding	AIRE
ENSG00000163812.15|13405|ZDHHC3|protein_coding	ZDHHC3
ENSG00000151491.14|8540|EPS8|protein_coding	EPS8
ENSG00000151952.16|7434|TMEM132D|protein_coding	TMEM132D
ENSG00000276234.5|5637|TADA2A|protein_coding	TADA2A
ENSG00000144791.10|12676|LIMD1|protein_coding	LIMD1
ENSG00000120645.12|7679|IQSEC3|protein_coding	IQSEC3
ENSG00000155980.13|12245|KIF5A|protein_coding	KIF5A
ENSG00000121892.15|12204|PDS5A|protein_coding	PDS5A
ENSG00000196371.4|5975|FUT4|protein_coding	FUT4
ENSG00000114745.14|5816|GORASP1|protein_coding	GORASP1
ENSG00000012048.23|9306|BRCA1|protein_coding	BRCA1
ENSG00000071575.12|4567|TRIB2|protein_coding	TRIB2
ENSG00000120451.11|17308|SNX19|protein_coding	SNX19
ENSG00000181016.9|2592|LSMEM1|protein_coding	LSMEM1
ENSG00000167524.16|6978|RSKR|protein_coding	RSKR
ENSG00000162496.9|3515|DHRS3|protein_coding	DHRS3
ENSG00000179314.15|7181|WSCD1|protein_coding	WSCD1
ENSG00000162929.14|7992|KIAA1841|protein_coding	KIAA1841
ENSG00000070961.16|9500|ATP2B1|protein_coding	ATP2B1
ENSG00000171649.12|5370|ZIK1|protein_coding	ZIK1
ENSG00000240344.9|2914|PPIL3|protein_coding	PPIL3
ENSG00000160321.15|11907|ZNF208|protein_coding	ZNF208
ENSG00000179242.16|7516|CDH4|protein_coding	CDH4
ENSG00000164106.8|5103|SCRG1|protein_coding	SCRG1
ENSG00000146425.11|2953|DYNLT1|protein_coding	DYNLT1
ENSG00000167703.15|10605|SLC43A2|protein_coding	SLC43A2
ENSG00000198185.11|6865|ZNF334|protein_coding	ZNF334
ENSG00000135801.10|6402|TAF5L|protein_coding	TAF5L
ENSG00000206177.7|912|HBM|protein_coding	HBM
ENSG00000111142.14|4491|METAP2|protein_coding	METAP2
ENSG00000125648.15|4881|SLC25A23|protein_coding	SLC25A23
ENSG00000180881.19|6689|CAPS2|protein_coding	CAPS2
ENSG00000119927.14|9809|GPAM|protein_coding	GPAM
ENSG00000167670.16|4326|CHAF1A|protein_coding	CHAF1A
ENSG00000119912.18|16811|IDE|protein_coding	IDE
ENSG00000173894.11|5671|CBX2|protein_coding	CBX2
ENSG00000132323.9|4749|ILKAP|protein_coding	ILKAP
ENSG00000136152.15|6087|COG3|protein_coding	COG3
ENSG00000119707.14|11764|RBM25|protein_coding	RBM25
ENSG00000172869.15|13929|DMXL1|protein_coding	DMXL1
ENSG00000147687.19|4778|TATDN1|protein_coding	TATDN1
ENSG00000196787.3|2250|H2AC11|protein_coding	H2AC11
ENSG00000146670.10|3901|CDCA5|protein_coding	CDCA5
ENSG00000196104.11|4482|SPOCK3|protein_coding	SPOCK3
ENSG00000188649.15|7555|CC2D2B|protein_coding	CC2D2B
ENSG00000078687.17|11111|TNRC6C|protein_coding	TNRC6C
ENSG00000105662.16|6964|CRTC1|protein_coding	CRTC1
ENSG00000132026.15|2678|RTBDN|protein_coding	RTBDN
ENSG00000153165.19|7439|RGPD3|protein_coding	RGPD3
ENSG00000167770.12|5336|OTUB1|protein_coding	OTUB1
ENSG00000161298.18|11319|ZNF382|protein_coding	ZNF382
ENSG00000206527.10|5219|HACD2|protein_coding	HACD2
ENSG00000197408.10|3733|CYP2B6|protein_coding	CYP2B6
ENSG00000158786.5|6438|PLA2G2F|protein_coding	PLA2G2F
ENSG00000137857.18|8784|DUOX1|protein_coding	DUOX1
ENSG00000076650.7|4469|GPATCH1|protein_coding	GPATCH1
ENSG00000124357.13|8897|NAGK|protein_coding	NAGK
ENSG00000134690.11|2406|CDCA8|protein_coding	CDCA8
ENSG00000181007.9|9214|ZFP82|protein_coding	ZFP82
ENSG00000104313.20|9322|EYA1|protein_coding	EYA1
ENSG00000185104.20|7549|FAF1|protein_coding	FAF1
ENSG00000141096.6|1738|DPEP3|protein_coding	DPEP3
ENSG00000172818.10|3803|OVOL1|protein_coding	OVOL1
ENSG00000092621.13|9187|PHGDH|protein_coding	PHGDH
ENSG00000164107.9|3601|HAND2|protein_coding	HAND2
ENSG00000136448.13|8564|NMT1|protein_coding	NMT1
ENSG00000176601.14|8130|MAP3K19|protein_coding	MAP3K19
ENSG00000174469.23|16377|CNTNAP2|protein_coding	CNTNAP2
ENSG00000163900.11|8668|TMEM41A|protein_coding	TMEM41A
ENSG00000168575.10|6424|SLC20A2|protein_coding	SLC20A2
ENSG00000169679.15|6304|BUB1|protein_coding	BUB1
ENSG00000155636.15|4784|RBM45|protein_coding	RBM45
ENSG00000175701.11|2051|MTLN|protein_coding	MTLN
ENSG00000164023.14|7635|SGMS2|protein_coding	SGMS2
ENSG00000037042.9|2793|TUBG2|protein_coding	TUBG2
ENSG00000138039.15|5000|LHCGR|protein_coding	LHCGR
ENSG00000171051.9|2578|FPR1|protein_coding	FPR1
ENSG00000154227.14|5130|CERS3|protein_coding	CERS3
ENSG00000100271.17|1868|TTLL1|protein_coding	TTLL1
ENSG00000162843.18|5622|WDR64|protein_coding	WDR64
ENSG00000135365.16|11470|PHF21A|protein_coding	PHF21A
ENSG00000145241.11|8496|CENPC|protein_coding	CENPC
ENSG00000118762.8|5531|PKD2|protein_coding	PKD2
ENSG00000101746.16|6468|NOL4|protein_coding	NOL4
ENSG00000140836.17|22347|ZFHX3|protein_coding	ZFHX3
ENSG00000197532.3|5128|OR6Y1|protein_coding	OR6Y1
ENSG00000275221.2|496|H2AC15|protein_coding	H2AC15
ENSG00000088367.23|9676|EPB41L1|protein_coding	EPB41L1
ENSG00000180432.6|4174|CYP8B1|protein_coding	CYP8B1
ENSG00000112769.20|11983|LAMA4|protein_coding	LAMA4
ENSG00000120690.16|4441|ELF1|protein_coding	ELF1
ENSG00000259075.6|5500|POC1B-GALNT4|protein_coding	POC1B-GALNT4
ENSG00000196455.8|5377|PIK3R4|protein_coding	PIK3R4
ENSG00000132256.20|5350|TRIM5|protein_coding	TRIM5
ENSG00000169432.18|13946|SCN9A|protein_coding	SCN9A
ENSG00000100099.21|11380|HPS4|protein_coding	HPS4
ENSG00000099797.15|5899|TECR|protein_coding	TECR
ENSG00000023572.10|6210|GLRX2|protein_coding	GLRX2
ENSG00000160199.15|7621|PKNOX1|protein_coding	PKNOX1
ENSG00000120509.11|1359|PDZD11|protein_coding	PDZD11
ENSG00000267680.5|7104|ZNF224|protein_coding	ZNF224
ENSG00000164066.13|16041|INTU|protein_coding	INTU
ENSG00000101306.11|2976|MYLK2|protein_coding	MYLK2
ENSG00000285526.1|1781|CTD-2527I21.16|protein_coding	CTD-2527I21.16
ENSG00000166111.10|7098|SVOP|protein_coding	SVOP
ENSG00000042062.13|6023|RIPOR3|protein_coding	RIPOR3
ENSG00000144406.19|19623|UNC80|protein_coding	UNC80
ENSG00000153976.3|4287|HS3ST3A1|protein_coding	HS3ST3A1
ENSG00000155897.10|4444|ADCY8|protein_coding	ADCY8
ENSG00000118495.20|8733|PLAGL1|protein_coding	PLAGL1
ENSG00000177374.13|8108|HIC1|protein_coding	HIC1
ENSG00000167711.14|2345|SERPINF2|protein_coding	SERPINF2
ENSG00000140044.13|6259|JDP2|protein_coding	JDP2
ENSG00000173988.13|7282|LRRC63|protein_coding	LRRC63
ENSG00000134830.6|6776|C5AR2|protein_coding	C5AR2
ENSG00000134201.12|6067|GSTM5|protein_coding	GSTM5
ENSG00000107140.16|3341|TESK1|protein_coding	TESK1
ENSG00000162959.14|5220|MEMO1|protein_coding	MEMO1
ENSG00000143631.11|12793|FLG|protein_coding	FLG
ENSG00000153956.16|8989|CACNA2D1|protein_coding	CACNA2D1
ENSG00000143476.18|4923|DTL|protein_coding	DTL
ENSG00000185960.14_PAR_Y|4384|SHOX|protein_coding	SHOX
ENSG00000240247.8|494|DEFA1B|protein_coding	DEFA1B
ENSG00000139549.4|4683|DHH|protein_coding	DHH
ENSG00000129451.12|3798|KLK10|protein_coding	KLK10
ENSG00000114115.10|3905|RBP1|protein_coding	RBP1
ENSG00000173456.5|2783|RNF26|protein_coding	RNF26
ENSG00000118473.23|25445|SGIP1|protein_coding	SGIP1
ENSG00000152527.14|9848|PLEKHH2|protein_coding	PLEKHH2
ENSG00000016391.11|7787|CHDH|protein_coding	CHDH
ENSG00000174136.13|6643|RGMB|protein_coding	RGMB
ENSG00000169760.17|10148|NLGN1|protein_coding	NLGN1
ENSG00000198829.6|4181|SUCNR1|protein_coding	SUCNR1
ENSG00000100479.13|2955|POLE2|protein_coding	POLE2
ENSG00000061273.18|9928|HDAC7|protein_coding	HDAC7
ENSG00000100024.15|6793|UPB1|protein_coding	UPB1
ENSG00000109047.8|2571|RCVRN|protein_coding	RCVRN
ENSG00000166523.8|2364|CLEC4E|protein_coding	CLEC4E
ENSG00000090615.15|10615|GOLGA3|protein_coding	GOLGA3
ENSG00000100368.14|4990|CSF2RB|protein_coding	CSF2RB
ENSG00000182156.10|3522|ENPP7|protein_coding	ENPP7
ENSG00000152642.11|4697|GPD1L|protein_coding	GPD1L
ENSG00000176230.7|5068|OR4K17|protein_coding	OR4K17
ENSG00000163827.14|5774|LRRC2|protein_coding	LRRC2
ENSG00000109911.19|27247|ELP4|protein_coding	ELP4
ENSG00000196458.11|10826|ZNF605|protein_coding	ZNF605
ENSG00000020256.20|6790|ZFP64|protein_coding	ZFP64
ENSG00000011465.18|12941|DCN|protein_coding	DCN
ENSG00000198216.12|18271|CACNA1E|protein_coding	CACNA1E
ENSG00000078018.21|11813|MAP2|protein_coding	MAP2
ENSG00000146555.19|12258|SDK1|protein_coding	SDK1
ENSG00000147889.18|3885|CDKN2A|protein_coding	CDKN2A
ENSG00000149571.12|6595|KIRREL3|protein_coding	KIRREL3
ENSG00000156858.12|3764|PRR14|protein_coding	PRR14
ENSG00000103160.12|4512|HSDL1|protein_coding	HSDL1
ENSG00000177511.6|10324|ST8SIA3|protein_coding	ST8SIA3
ENSG00000067221.14|10458|STOML1|protein_coding	STOML1
ENSG00000183978.8|1931|COA3|protein_coding	COA3
ENSG00000183762.13|8020|KREMEN1|protein_coding	KREMEN1
ENSG00000004809.14|3907|SLC22A16|protein_coding	SLC22A16
ENSG00000189046.11|2290|ALKBH2|protein_coding	ALKBH2
ENSG00000178718.7|2355|RPP25|protein_coding	RPP25
ENSG00000174640.15|5127|SLCO2A1|protein_coding	SLCO2A1
ENSG00000113532.13|7812|ST8SIA4|protein_coding	ST8SIA4
ENSG00000130948.10|2577|HSD17B3|protein_coding	HSD17B3
ENSG00000109743.11|2865|BST1|protein_coding	BST1
ENSG00000100678.19|8446|SLC8A3|protein_coding	SLC8A3
ENSG00000142089.17|2844|IFITM3|protein_coding	IFITM3
ENSG00000119411.11|2339|BSPRY|protein_coding	BSPRY
ENSG00000100722.20|20998|ZC3H14|protein_coding	ZC3H14
ENSG00000156711.17|7034|MAPK13|protein_coding	MAPK13
ENSG00000186272.13|3759|ZNF17|protein_coding	ZNF17
ENSG00000196832.5|4413|OR11G2|protein_coding	OR11G2
ENSG00000170448.12|4494|NFXL1|protein_coding	NFXL1
ENSG00000125871.14|2231|MGME1|protein_coding	MGME1
ENSG00000151498.12|7121|ACAD8|protein_coding	ACAD8
ENSG00000213853.10|8652|EMP2|protein_coding	EMP2
ENSG00000115486.12|9101|GGCX|protein_coding	GGCX
ENSG00000101493.11|8777|ZNF516|protein_coding	ZNF516
ENSG00000008311.16|10816|AASS|protein_coding	AASS
ENSG00000109689.19|8283|STIM2|protein_coding	STIM2
ENSG00000132321.17|5968|IQCA1|protein_coding	IQCA1
ENSG00000186047.11|7508|DLEU7|protein_coding	DLEU7
ENSG00000151651.16|4763|ADAM8|protein_coding	ADAM8
ENSG00000136940.14|3351|PDCL|protein_coding	PDCL
ENSG00000122592.8|2411|HOXA7|protein_coding	HOXA7
ENSG00000135678.12|7535|CPM|protein_coding	CPM
ENSG00000253305.2|6782|PCDHGB6|protein_coding	PCDHGB6
ENSG00000166444.19|14262|DENND2B|protein_coding	DENND2B
ENSG00000121653.11|3498|MAPK8IP1|protein_coding	MAPK8IP1
ENSG00000085117.12|4039|CD82|protein_coding	CD82
ENSG00000162552.15|4650|WNT4|protein_coding	WNT4
ENSG00000134152.11|7311|KATNBL1|protein_coding	KATNBL1
ENSG00000120093.12|7425|HOXB3|protein_coding	HOXB3
ENSG00000184564.11|4416|SLITRK6|protein_coding	SLITRK6
ENSG00000178297.14|4328|TMPRSS9|protein_coding	TMPRSS9
ENSG00000064652.11|3474|SNX24|protein_coding	SNX24
ENSG00000198205.7|5029|ZXDA|protein_coding	ZXDA
ENSG00000135525.19|5447|MAP7|protein_coding	MAP7
ENSG00000110429.14|12446|FBXO3|protein_coding	FBXO3
ENSG00000123243.15|14628|ITIH5|protein_coding	ITIH5
ENSG00000105982.17|4371|RNF32|protein_coding	RNF32
ENSG00000173614.14|4610|NMNAT1|protein_coding	NMNAT1
ENSG00000187097.13|9842|ENTPD5|protein_coding	ENTPD5
ENSG00000133678.14|2996|TMEM254|protein_coding	TMEM254
ENSG00000027001.10|3388|MIPEP|protein_coding	MIPEP
ENSG00000124177.16|14022|CHD6|protein_coding	CHD6
ENSG00000135454.14|7888|B4GALNT1|protein_coding	B4GALNT1
ENSG00000175595.16|15850|ERCC4|protein_coding	ERCC4
ENSG00000130939.20|9237|UBE4B|protein_coding	UBE4B
ENSG00000254521.7|2342|SIGLEC12|protein_coding	SIGLEC12
ENSG00000284491.3|1769|THSD8|protein_coding	THSD8
ENSG00000213949.10|18545|ITGA1|protein_coding	ITGA1
ENSG00000102445.20|15923|RUBCNL|protein_coding	RUBCNL
ENSG00000136492.10|19639|BRIP1|protein_coding	BRIP1
ENSG00000010165.20|3831|EEF1AKNMT|protein_coding	EEF1AKNMT
ENSG00000173875.14|6642|ZNF791|protein_coding	ZNF791
ENSG00000182050.13|27763|MGAT4C|protein_coding	MGAT4C
ENSG00000164303.11|4615|ENPP6|protein_coding	ENPP6
ENSG00000260230.5|15513|FRRS1L|protein_coding	FRRS1L
ENSG00000158042.9|2612|MRPL17|protein_coding	MRPL17
ENSG00000100603.14|2432|SNW1|protein_coding	SNW1
ENSG00000184330.12|4458|S100A7A|protein_coding	S100A7A
ENSG00000170476.16|2286|MZB1|protein_coding	MZB1
ENSG00000163618.18|14665|CADPS|protein_coding	CADPS
ENSG00000273706.5|4913|LHX1|protein_coding	LHX1
ENSG00000135249.8|3571|RINT1|protein_coding	RINT1
ENSG00000275969.2|4256|SPATA31A3|protein_coding	SPATA31A3
ENSG00000171560.16|3918|FGA|protein_coding	FGA
ENSG00000023697.13|2813|DERA|protein_coding	DERA
ENSG00000148468.17|4182|FAM171A1|protein_coding	FAM171A1
ENSG00000114405.11|4388|C3orf14|protein_coding	C3orf14
ENSG00000172828.13|4928|CES3|protein_coding	CES3
ENSG00000135317.14|25158|SNX14|protein_coding	SNX14
ENSG00000197619.14|4898|ZNF615|protein_coding	ZNF615
ENSG00000105290.13|3539|APLP1|protein_coding	APLP1
ENSG00000120915.14|4185|EPHX2|protein_coding	EPHX2
ENSG00000075826.17|7934|SEC31B|protein_coding	SEC31B
ENSG00000110887.8|3883|DAO|protein_coding	DAO
ENSG00000170365.10|7094|SMAD1|protein_coding	SMAD1
ENSG00000079335.20|6510|CDC14A|protein_coding	CDC14A
ENSG00000175106.17|6752|TVP23C|protein_coding	TVP23C
ENSG00000165046.13|6114|LETM2|protein_coding	LETM2
ENSG00000108582.12|12510|CPD|protein_coding	CPD
ENSG00000139998.16|4937|RAB15|protein_coding	RAB15
ENSG00000135835.12|10452|KIAA1614|protein_coding	KIAA1614
ENSG00000083857.14|16167|FAT1|protein_coding	FAT1
ENSG00000124635.9|1046|H2BC11|protein_coding	H2BC11
ENSG00000100478.16|10076|AP4S1|protein_coding	AP4S1
ENSG00000144036.16|10197|EXOC6B|protein_coding	EXOC6B
ENSG00000168824.14|4355|NSG1|protein_coding	NSG1
ENSG00000067840.13|4341|PDZD4|protein_coding	PDZD4
ENSG00000155850.8|8580|SLC26A2|protein_coding	SLC26A2
ENSG00000064687.13|9591|ABCA7|protein_coding	ABCA7
ENSG00000085265.11|7588|FCN1|protein_coding	FCN1
ENSG00000144045.14|2885|DQX1|protein_coding	DQX1
ENSG00000105983.23|11805|LMBR1|protein_coding	LMBR1
ENSG00000185880.13|9265|TRIM69|protein_coding	TRIM69
ENSG00000085276.19|9260|MECOM|protein_coding	MECOM
ENSG00000242220.9|11573|TCP10L|protein_coding	TCP10L
ENSG00000179954.16|7315|SSC5D|protein_coding	SSC5D
ENSG00000071462.12|7943|BUD23|protein_coding	BUD23
ENSG00000144867.13|4190|SRPRB|protein_coding	SRPRB
ENSG00000011143.19|11285|MKS1|protein_coding	MKS1
ENSG00000164114.19|8857|MAP9|protein_coding	MAP9
ENSG00000285991.1|5065|RP11-350J20.15|protein_coding	RP11-350J20.15
ENSG00000141582.15|2891|CBX4|protein_coding	CBX4
ENSG00000116106.12|7554|EPHA4|protein_coding	EPHA4
ENSG00000163873.10|10497|GRIK3|protein_coding	GRIK3
ENSG00000214595.12|16317|EML6|protein_coding	EML6
ENSG00000172159.16|6486|FRMD3|protein_coding	FRMD3
ENSG00000100095.19|7161|SEZ6L|protein_coding	SEZ6L
ENSG00000101557.15|5987|USP14|protein_coding	USP14
ENSG00000136695.15|3209|IL36RN|protein_coding	IL36RN
ENSG00000213420.8|3837|GPC2|protein_coding	GPC2
ENSG00000172936.16|3989|MYD88|protein_coding	MYD88
ENSG00000052126.15|12577|PLEKHA5|protein_coding	PLEKHA5
ENSG00000245848.3|2601|CEBPA|protein_coding	CEBPA
ENSG00000170954.12|3780|ZNF415|protein_coding	ZNF415
ENSG00000196562.14|6657|SULF2|protein_coding	SULF2
ENSG00000197324.9|7118|LRP10|protein_coding	LRP10
ENSG00000118197.14|4410|DDX59|protein_coding	DDX59
ENSG00000110693.19|20093|SOX6|protein_coding	SOX6
ENSG00000228486.10|6501|C2orf92|protein_coding	C2orf92
ENSG00000253626.4|3908|EIF5AL1|protein_coding	EIF5AL1
ENSG00000178171.11|6438|AMER3|protein_coding	AMER3
ENSG00000131400.8|3581|NAPSA|protein_coding	NAPSA
ENSG00000138002.16|15968|IFT172|protein_coding	IFT172
ENSG00000105679.9|1479|GAPDHS|protein_coding	GAPDHS
ENSG00000123130.17|6244|ACOT9|protein_coding	ACOT9
ENSG00000006634.8|4595|DBF4|protein_coding	DBF4
ENSG00000007341.19|8108|ST7L|protein_coding	ST7L
ENSG00000173406.16|7551|DAB1|protein_coding	DAB1
ENSG00000253873.6|5810|PCDHGA11|protein_coding	PCDHGA11
ENSG00000006432.16|12386|MAP3K9|protein_coding	MAP3K9
ENSG00000196220.16|18924|SRGAP3|protein_coding	SRGAP3
ENSG00000120662.16|3841|MTRF1|protein_coding	MTRF1
ENSG00000165566.13|10610|AMER2|protein_coding	AMER2
ENSG00000188886.4|2752|ASTL|protein_coding	ASTL
ENSG00000165091.18|8712|TMC1|protein_coding	TMC1
ENSG00000130561.17|11885|SAG|protein_coding	SAG
ENSG00000213079.10|5428|SCAF8|protein_coding	SCAF8
ENSG00000176473.14|4218|WDR25|protein_coding	WDR25
ENSG00000215012.9|6803|RTL10|protein_coding	RTL10
ENSG00000121390.19|4817|PSPC1|protein_coding	PSPC1
ENSG00000112936.19|6682|C7|protein_coding	C7
ENSG00000134452.20|6676|FBH1|protein_coding	FBH1
ENSG00000135824.12|6685|RGS8|protein_coding	RGS8
ENSG00000180316.13|5160|PNPLA1|protein_coding	PNPLA1
ENSG00000132854.19|6814|KANK4|protein_coding	KANK4
ENSG00000205922.5|7185|ONECUT3|protein_coding	ONECUT3
ENSG00000156968.9|6012|MPV17L|protein_coding	MPV17L
ENSG00000285943.1|6837|RP11-553D4.3|protein_coding	RP11-553D4.3
ENSG00000164627.18|11871|KIF6|protein_coding	KIF6
ENSG00000133640.20|8793|LRRIQ1|protein_coding	LRRIQ1
ENSG00000155189.12|6236|AGPAT5|protein_coding	AGPAT5
ENSG00000204138.13|7317|PHACTR4|protein_coding	PHACTR4
ENSG00000139973.17|15237|SYT16|protein_coding	SYT16
ENSG00000151812.15|4272|SLC35F4|protein_coding	SLC35F4
ENSG00000145191.15|7203|EIF2B5|protein_coding	EIF2B5
ENSG00000120458.13|4534|MSANTD2|protein_coding	MSANTD2
ENSG00000278053.5|9528|DDX52|protein_coding	DDX52
ENSG00000102524.12|3059|TNFSF13B|protein_coding	TNFSF13B
ENSG00000188732.11|7458|FAM221A|protein_coding	FAM221A
ENSG00000128513.16|8717|POT1|protein_coding	POT1
ENSG00000087448.11|7594|KLHL42|protein_coding	KLHL42
ENSG00000082126.18|4924|MPP4|protein_coding	MPP4
ENSG00000151612.18|19123|ZNF827|protein_coding	ZNF827
ENSG00000168952.15|8067|STXBP6|protein_coding	STXBP6
ENSG00000148795.7|3384|CYP17A1|protein_coding	CYP17A1
ENSG00000103044.11|5200|HAS3|protein_coding	HAS3
ENSG00000174013.8|5976|FBXO45|protein_coding	FBXO45
ENSG00000173253.16|3560|DMRT2|protein_coding	DMRT2
ENSG00000176294.6|3699|OR4N2|protein_coding	OR4N2
ENSG00000125304.10|5566|TM9SF2|protein_coding	TM9SF2
ENSG00000286015.1|2544|RP11-438F14.11|protein_coding	RP11-438F14.11
ENSG00000154309.9|13030|DISP1|protein_coding	DISP1
ENSG00000162670.11|4273|BRINP3|protein_coding	BRINP3
ENSG00000136104.21|26222|RNASEH2B|protein_coding	RNASEH2B
ENSG00000157350.13|9745|ST3GAL2|protein_coding	ST3GAL2
ENSG00000164715.6|9167|LMTK2|protein_coding	LMTK2
ENSG00000198483.13|3363|ANKRD35|protein_coding	ANKRD35
ENSG00000186838.13|1731|SELENOV|protein_coding	SELENOV
ENSG00000196240.6|3530|OR2T2|protein_coding	OR2T2
ENSG00000156413.15|4542|FUT6|protein_coding	FUT6
ENSG00000178394.5|4613|HTR1A|protein_coding	HTR1A
ENSG00000178307.10|2187|TMEM11|protein_coding	TMEM11
ENSG00000088280.19|4988|ASAP3|protein_coding	ASAP3
ENSG00000083828.16|5480|ZNF586|protein_coding	ZNF586
ENSG00000182185.18|7477|RAD51B|protein_coding	RAD51B
ENSG00000096088.16|2025|PGC|protein_coding	PGC
ENSG00000185163.10|6349|DDX51|protein_coding	DDX51
ENSG00000164197.12|5435|RNF180|protein_coding	RNF180
ENSG00000184716.14|2976|SERINC4|protein_coding	SERINC4
ENSG00000115590.14|2957|IL1R2|protein_coding	IL1R2
ENSG00000010539.12|7498|ZNF200|protein_coding	ZNF200
ENSG00000134864.11|3526|GGACT|protein_coding	GGACT
ENSG00000120697.10|13831|ALG5|protein_coding	ALG5
ENSG00000111305.19|3033|GSG1|protein_coding	GSG1
ENSG00000114374.13|18224|USP9Y|protein_coding	USP9Y
ENSG00000064309.16|19924|CDON|protein_coding	CDON
ENSG00000198049.7|5062|AVPR1B|protein_coding	AVPR1B
ENSG00000152128.13|6804|TMEM163|protein_coding	TMEM163
ENSG00000177225.17|5510|GATD1|protein_coding	GATD1
ENSG00000148219.18|10403|ASTN2|protein_coding	ASTN2
ENSG00000124523.17|11295|SIRT5|protein_coding	SIRT5
ENSG00000177839.7|4415|PCDHB9|protein_coding	PCDHB9
ENSG00000198743.7|11566|SLC5A3|protein_coding	SLC5A3
ENSG00000197465.14|2007|GYPE|protein_coding	GYPE
ENSG00000243335.10|6560|KCTD7|protein_coding	KCTD7
ENSG00000183484.12|4194|GPR132|protein_coding	GPR132
ENSG00000176927.15|6928|EFCAB5|protein_coding	EFCAB5
ENSG00000221813.4|5196|OR6B1|protein_coding	OR6B1
ENSG00000116661.11|3163|FBXO2|protein_coding	FBXO2
ENSG00000164199.18|33822|ADGRV1|protein_coding	ADGRV1
ENSG00000223609.11|1152|HBD|protein_coding	HBD
ENSG00000197181.12|5737|PIWIL2|protein_coding	PIWIL2
ENSG00000083067.24|20015|TRPM3|protein_coding	TRPM3
ENSG00000115593.15|4552|SMYD1|protein_coding	SMYD1
ENSG00000186205.13|9106|MTARC1|protein_coding	MTARC1
ENSG00000204969.7|6057|PCDHA2|protein_coding	PCDHA2
ENSG00000052795.13|10981|FNIP2|protein_coding	FNIP2
ENSG00000124194.17|3404|GDAP1L1|protein_coding	GDAP1L1
ENSG00000176463.14|9422|SLCO3A1|protein_coding	SLCO3A1
ENSG00000118322.14|11310|ATP10B|protein_coding	ATP10B
ENSG00000134910.14|7369|STT3A|protein_coding	STT3A
ENSG00000144320.14|9081|LNPK|protein_coding	LNPK
ENSG00000107521.20|5285|HPS1|protein_coding	HPS1
ENSG00000138385.16|5054|SSB|protein_coding	SSB
ENSG00000143891.17|2616|GALM|protein_coding	GALM
ENSG00000107731.12|6841|UNC5B|protein_coding	UNC5B
ENSG00000100206.10|3443|DMC1|protein_coding	DMC1
ENSG00000137200.13|5276|CMTR1|protein_coding	CMTR1
ENSG00000087586.18|2928|AURKA|protein_coding	AURKA
ENSG00000122299.12|7067|ZC3H7A|protein_coding	ZC3H7A
ENSG00000171444.18|10739|MCC|protein_coding	MCC
ENSG00000171169.9|3620|NAIF1|protein_coding	NAIF1
ENSG00000168612.5|2769|ZSWIM1|protein_coding	ZSWIM1
ENSG00000183629.13|6529|GOLGA8G|protein_coding	GOLGA8G
ENSG00000122121.12|3853|XPNPEP2|protein_coding	XPNPEP2
ENSG00000100284.22|5869|TOM1|protein_coding	TOM1
ENSG00000244607.7|7071|CCDC13|protein_coding	CCDC13
ENSG00000188603.22|9813|CLN3|protein_coding	CLN3
ENSG00000115386.6|1715|REG1A|protein_coding	REG1A
ENSG00000120875.9|7273|DUSP4|protein_coding	DUSP4
ENSG00000270757.1|890|HSPE1-MOB4|protein_coding	HSPE1-MOB4
ENSG00000142197.12|9030|DOP1B|protein_coding	DOP1B
ENSG00000085741.13|2371|WNT11|protein_coding	WNT11
ENSG00000140323.6|12752|DISP2|protein_coding	DISP2
ENSG00000105135.16|5616|ILVBL|protein_coding	ILVBL
ENSG00000094755.17|4621|GABRP|protein_coding	GABRP
ENSG00000175066.16|12143|GK5|protein_coding	GK5
ENSG00000135452.10|5251|TSPAN31|protein_coding	TSPAN31
ENSG00000168140.5|2816|VASN|protein_coding	VASN
ENSG00000187260.16|4044|WDR86|protein_coding	WDR86
ENSG00000265491.5|11059|RNF115|protein_coding	RNF115
ENSG00000089250.19|13113|NOS1|protein_coding	NOS1
ENSG00000159228.13|2450|CBR1|protein_coding	CBR1
ENSG00000163539.18|15214|CLASP2|protein_coding	CLASP2
ENSG00000172339.10|9641|ALG14|protein_coding	ALG14
ENSG00000155660.11|3298|PDIA4|protein_coding	PDIA4
ENSG00000167196.14|11821|FBXO22|protein_coding	FBXO22
ENSG00000119899.13|3441|SLC17A5|protein_coding	SLC17A5
ENSG00000253953.3|6902|PCDHGB4|protein_coding	PCDHGB4
ENSG00000125812.16|5462|GZF1|protein_coding	GZF1
ENSG00000179142.2|2936|CYP11B2|protein_coding	CYP11B2
ENSG00000106785.15|5481|TRIM14|protein_coding	TRIM14
ENSG00000159110.21|4917|IFNAR2|protein_coding	IFNAR2
ENSG00000162738.6|5354|VANGL2|protein_coding	VANGL2
ENSG00000131969.15|4551|ABHD12B|protein_coding	ABHD12B
ENSG00000113739.11|5062|STC2|protein_coding	STC2
ENSG00000284631.1|1658|SCYGR4|protein_coding	SCYGR4
ENSG00000112530.11|2612|PACRG|protein_coding	PACRG
ENSG00000152578.13|10083|GRIA4|protein_coding	GRIA4
ENSG00000004487.17|5440|KDM1A|protein_coding	KDM1A
ENSG00000176293.20|6418|ZNF135|protein_coding	ZNF135
ENSG00000140688.17|3608|RUSF1|protein_coding	RUSF1
ENSG00000138592.14|20641|USP8|protein_coding	USP8
ENSG00000166762.19|8093|CATSPER2|protein_coding	CATSPER2
ENSG00000143355.16|10442|LHX9|protein_coding	LHX9
ENSG00000163026.12|3870|WDCP|protein_coding	WDCP
ENSG00000157184.7|10089|CPT2|protein_coding	CPT2
ENSG00000198796.7|9565|ALPK2|protein_coding	ALPK2
ENSG00000131203.13|3488|IDO1|protein_coding	IDO1
ENSG00000162711.18|4753|NLRP3|protein_coding	NLRP3
ENSG00000164309.15|14220|CMYA5|protein_coding	CMYA5
ENSG00000167535.8|7153|CACNB3|protein_coding	CACNB3
ENSG00000106003.13|3486|LFNG|protein_coding	LFNG
ENSG00000165060.15|7261|FXN|protein_coding	FXN
ENSG00000073060.17|14887|SCARB1|protein_coding	SCARB1
ENSG00000171016.13|9005|PYGO1|protein_coding	PYGO1
ENSG00000170558.10|8583|CDH2|protein_coding	CDH2
ENSG00000204764.14|10965|RANBP17|protein_coding	RANBP17
ENSG00000138101.19|7146|DTNB|protein_coding	DTNB
ENSG00000163629.13|9496|PTPN13|protein_coding	PTPN13
ENSG00000170537.13|5638|TMC7|protein_coding	TMC7
ENSG00000142609.19|10422|CFAP74|protein_coding	CFAP74
ENSG00000172671.20|6233|ZFAND4|protein_coding	ZFAND4
ENSG00000135439.12|7224|AGAP2|protein_coding	AGAP2
ENSG00000215883.11|8926|CYB5RL|protein_coding	CYB5RL
ENSG00000188897.9|12027|CTD-3088G3.8|protein_coding	CTD-3088G3.8
ENSG00000150893.11|16275|FREM2|protein_coding	FREM2
ENSG00000127325.19|6863|BEST3|protein_coding	BEST3
ENSG00000164651.17|3722|SP8|protein_coding	SP8
ENSG00000144554.13|11855|FANCD2|protein_coding	FANCD2
ENSG00000179698.14|8980|WDR97|protein_coding	WDR97
ENSG00000113905.5|4993|HRG|protein_coding	HRG
ENSG00000166224.17|7510|SGPL1|protein_coding	SGPL1
ENSG00000107864.15|7919|CPEB3|protein_coding	CPEB3
ENSG00000132740.10|9715|IGHMBP2|protein_coding	IGHMBP2
ENSG00000232125.5|2790|DYTN|protein_coding	DYTN
ENSG00000111790.14|5884|FGFR1OP2|protein_coding	FGFR1OP2
ENSG00000006744.19|7002|ELAC2|protein_coding	ELAC2
ENSG00000163516.14|6103|ANKZF1|protein_coding	ANKZF1
ENSG00000087338.5|4892|GMCL1|protein_coding	GMCL1
ENSG00000171303.7|6223|KCNK3|protein_coding	KCNK3
ENSG00000069011.16|3442|PITX1|protein_coding	PITX1
ENSG00000169604.21|17891|ANTXR1|protein_coding	ANTXR1
ENSG00000109654.16|16203|TRIM2|protein_coding	TRIM2
ENSG00000025708.14|3600|TYMP|protein_coding	TYMP
ENSG00000169136.12|2892|ATF5|protein_coding	ATF5
ENSG00000058335.16|9977|RASGRF1|protein_coding	RASGRF1
ENSG00000112357.14|3409|PEX7|protein_coding	PEX7
ENSG00000248712.7|2556|CCDC153|protein_coding	CCDC153
ENSG00000105479.16|5145|ODAD1|protein_coding	ODAD1
ENSG00000168528.12|3452|SERINC2|protein_coding	SERINC2
ENSG00000068654.17|19694|POLR1A|protein_coding	POLR1A
ENSG00000197046.12|3449|SIGLEC15|protein_coding	SIGLEC15
ENSG00000198455.5|5467|ZXDB|protein_coding	ZXDB
ENSG00000087263.17|5779|OGFOD1|protein_coding	OGFOD1
ENSG00000105197.11|7192|TIMM50|protein_coding	TIMM50
ENSG00000141194.7|5127|OR4D1|protein_coding	OR4D1
ENSG00000185634.12|6532|SHC4|protein_coding	SHC4
ENSG00000168447.11|3881|SCNN1B|protein_coding	SCNN1B
ENSG00000108443.14|7697|RPS6KB1|protein_coding	RPS6KB1
ENSG00000172915.19|11955|NBEA|protein_coding	NBEA
ENSG00000138080.14|3905|EMILIN1|protein_coding	EMILIN1
ENSG00000248483.7|8381|POU5F2|protein_coding	POU5F2
ENSG00000086506.3|528|HBQ1|protein_coding	HBQ1
ENSG00000137812.20|10250|KNL1|protein_coding	KNL1
ENSG00000139971.15|7565|ARMH4|protein_coding	ARMH4
ENSG00000091127.14|4433|PUS7|protein_coding	PUS7
ENSG00000141499.17|5087|WRAP53|protein_coding	WRAP53
ENSG00000236362.8|659|GAGE12F|protein_coding	GAGE12F
ENSG00000135338.14|5964|LCA5|protein_coding	LCA5
ENSG00000178852.16|6678|EFCAB13|protein_coding	EFCAB13
ENSG00000129538.14|1083|RNASE1|protein_coding	RNASE1
ENSG00000186143.11|2008|PRR30|protein_coding	PRR30
ENSG00000083814.13|3532|ZNF671|protein_coding	ZNF671
ENSG00000182177.14|5554|ASB18|protein_coding	ASB18
ENSG00000165304.8|3087|MELK|protein_coding	MELK
ENSG00000166448.15|4641|TMEM130|protein_coding	TMEM130
ENSG00000079841.18|12788|RIMS1|protein_coding	RIMS1
ENSG00000158270.12|7343|COLEC12|protein_coding	COLEC12
ENSG00000172146.4|6889|OR1A1|protein_coding	OR1A1
ENSG00000145536.15|5863|ADAMTS16|protein_coding	ADAMTS16
ENSG00000001460.18|8511|STPG1|protein_coding	STPG1
ENSG00000197429.11|3708|IPP|protein_coding	IPP
ENSG00000078295.17|17608|ADCY2|protein_coding	ADCY2
ENSG00000164287.13|4522|CDC20B|protein_coding	CDC20B
ENSG00000176225.15|19358|RTTN|protein_coding	RTTN
ENSG00000155761.14|9828|SPAG17|protein_coding	SPAG17
ENSG00000143514.17|5979|TP53BP2|protein_coding	TP53BP2
ENSG00000170743.17|4774|SYT9|protein_coding	SYT9
ENSG00000149743.14|2210|TRPT1|protein_coding	TRPT1
ENSG00000117054.15|13774|ACADM|protein_coding	ACADM
ENSG00000173838.12|4920|MARCHF10|protein_coding	MARCHF10
ENSG00000187773.9|3207|DIPK1C|protein_coding	DIPK1C
ENSG00000158125.10|6064|XDH|protein_coding	XDH
ENSG00000163689.20|9455|CFAP20DC|protein_coding	CFAP20DC
ENSG00000148488.17|7063|ST8SIA6|protein_coding	ST8SIA6
ENSG00000046647.14|4001|GEMIN8|protein_coding	GEMIN8
ENSG00000064545.15|3281|TMEM161A|protein_coding	TMEM161A
ENSG00000042429.12|16610|MED17|protein_coding	MED17
ENSG00000136197.13|3248|C7orf25|protein_coding	C7orf25
ENSG00000173207.13|2340|CKS1B|protein_coding	CKS1B
ENSG00000164007.11|3602|CLDN19|protein_coding	CLDN19
ENSG00000081026.19|8414|MAGI3|protein_coding	MAGI3
ENSG00000026103.22|5578|FAS|protein_coding	FAS
ENSG00000078596.11|2051|ITM2A|protein_coding	ITM2A
ENSG00000179152.20|8743|TCAIM|protein_coding	TCAIM
ENSG00000171060.11|5352|C8orf74|protein_coding	C8orf74
ENSG00000125414.19|6366|MYH2|protein_coding	MYH2
ENSG00000143344.16|5306|RGL1|protein_coding	RGL1
ENSG00000099617.4|2424|EFNA2|protein_coding	EFNA2
ENSG00000105642.16|4268|KCNN1|protein_coding	KCNN1
ENSG00000167895.15|5459|TMC8|protein_coding	TMC8
ENSG00000226479.4|5922|TMEM185B|protein_coding	TMEM185B
ENSG00000144452.15|9614|ABCA12|protein_coding	ABCA12
ENSG00000092096.18|4278|SLC22A17|protein_coding	SLC22A17
ENSG00000178741.12|1326|COX5A|protein_coding	COX5A
ENSG00000162592.10|4238|CCDC27|protein_coding	CCDC27
ENSG00000166341.9|10783|DCHS1|protein_coding	DCHS1
ENSG00000173578.9|5697|XCR1|protein_coding	XCR1
ENSG00000242419.6|4970|PCDHGC4|protein_coding	PCDHGC4
ENSG00000144681.11|4237|STAC|protein_coding	STAC
ENSG00000173175.15|8205|ADCY5|protein_coding	ADCY5
ENSG00000197785.14|3344|ATAD3A|protein_coding	ATAD3A
ENSG00000224940.9|3683|PRRT4|protein_coding	PRRT4
ENSG00000127561.15|3395|SYNGR3|protein_coding	SYNGR3
ENSG00000169783.13|5324|LINGO1|protein_coding	LINGO1
ENSG00000101349.17|4983|PAK5|protein_coding	PAK5
ENSG00000187840.5|880|EIF4EBP1|protein_coding	EIF4EBP1
ENSG00000178235.8|5270|SLITRK1|protein_coding	SLITRK1
ENSG00000066827.16|8900|ZFAT|protein_coding	ZFAT
ENSG00000168216.13|10746|LMBRD1|protein_coding	LMBRD1
ENSG00000186487.20|35151|MYT1L|protein_coding	MYT1L
ENSG00000170545.17|3083|SMAGP|protein_coding	SMAGP
ENSG00000212993.5|4964|POU5F1B|protein_coding	POU5F1B
ENSG00000144357.18|10065|UBR3|protein_coding	UBR3
ENSG00000167094.16|6347|TTC16|protein_coding	TTC16
ENSG00000120896.14|5865|SORBS3|protein_coding	SORBS3
ENSG00000122778.10|12498|KIAA1549|protein_coding	KIAA1549
ENSG00000169508.7|1685|GPR183|protein_coding	GPR183
ENSG00000173535.15|1545|TNFRSF10C|protein_coding	TNFRSF10C
ENSG00000165152.9|5549|PGAP4|protein_coding	PGAP4
ENSG00000120693.14|5834|SMAD9|protein_coding	SMAD9
ENSG00000137171.15|6417|KLC4|protein_coding	KLC4
ENSG00000087502.18|5826|ERGIC2|protein_coding	ERGIC2
ENSG00000156831.8|2991|NSMCE2|protein_coding	NSMCE2
ENSG00000164045.12|4145|CDC25A|protein_coding	CDC25A
ENSG00000196268.12|11218|ZNF493|protein_coding	ZNF493
ENSG00000198780.12|6875|FAM169A|protein_coding	FAM169A
ENSG00000196361.10|4761|ELAVL3|protein_coding	ELAVL3
ENSG00000173915.16|924|ATP5MK|protein_coding	ATP5MK
ENSG00000131899.11|6590|LLGL1|protein_coding	LLGL1
ENSG00000088325.16|3605|TPX2|protein_coding	TPX2
ENSG00000214160.10|3455|ALG3|protein_coding	ALG3
ENSG00000033011.14|10637|ALG1|protein_coding	ALG1
ENSG00000140025.16|8302|EFCAB11|protein_coding	EFCAB11
ENSG00000266302.6|8802|RP11-219A15.1|protein_coding	RP11-219A15.1
ENSG00000230453.9|5857|ANKRD18B|protein_coding	ANKRD18B
ENSG00000010626.15|3052|LRRC23|protein_coding	LRRC23
ENSG00000114805.18|7177|PLCH1|protein_coding	PLCH1
ENSG00000273983.1|2411|H3C8|protein_coding	H3C8
ENSG00000155545.20|5763|MIER3|protein_coding	MIER3
ENSG00000077458.13|6031|FAM76B|protein_coding	FAM76B
ENSG00000181035.14|4666|SLC25A42|protein_coding	SLC25A42
ENSG00000119547.6|16546|ONECUT2|protein_coding	ONECUT2
ENSG00000119457.8|2465|SLC46A2|protein_coding	SLC46A2
ENSG00000204178.11|3979|MACO1|protein_coding	MACO1
ENSG00000054282.16|5321|SDCCAG8|protein_coding	SDCCAG8
ENSG00000168079.17|4380|SCARA5|protein_coding	SCARA5
ENSG00000140830.9|3142|TXNL4B|protein_coding	TXNL4B
ENSG00000149554.14|5600|CHEK1|protein_coding	CHEK1
ENSG00000114541.15|11201|FRMD4B|protein_coding	FRMD4B
ENSG00000144712.12|5587|CAND2|protein_coding	CAND2
ENSG00000109189.13|8895|USP46|protein_coding	USP46
ENSG00000064989.13|7309|CALCRL|protein_coding	CALCRL
ENSG00000145979.18|8300|TBC1D7|protein_coding	TBC1D7
ENSG00000130244.12|4598|FAM98C|protein_coding	FAM98C
ENSG00000166862.7|6482|CACNG2|protein_coding	CACNG2
ENSG00000159713.11|2601|TPPP3|protein_coding	TPPP3
ENSG00000161996.19|10534|WDR90|protein_coding	WDR90
ENSG00000152689.18|10749|RASGRP3|protein_coding	RASGRP3
ENSG00000113658.18|9040|SMAD5|protein_coding	SMAD5
ENSG00000142025.16|3389|DMRTC2|protein_coding	DMRTC2
ENSG00000121152.10|6545|NCAPH|protein_coding	NCAPH
ENSG00000085224.23|22740|ATRX|protein_coding	ATRX
ENSG00000142149.9|8589|HUNK|protein_coding	HUNK
ENSG00000149452.16|8533|SLC22A8|protein_coding	SLC22A8
ENSG00000180801.14|5146|ARSJ|protein_coding	ARSJ
ENSG00000064692.20|7266|SNCAIP|protein_coding	SNCAIP
ENSG00000241484.10|4990|ARHGAP8|protein_coding	ARHGAP8
ENSG00000129933.21|10996|MAU2|protein_coding	MAU2
ENSG00000160049.12|6625|DFFA|protein_coding	DFFA
ENSG00000254788.7|1413|CKLF-CMTM1|protein_coding	CKLF-CMTM1
ENSG00000141349.9|4551|G6PC3|protein_coding	G6PC3
ENSG00000204740.11|7751|MALRD1|protein_coding	MALRD1
ENSG00000146648.20|12507|EGFR|protein_coding	EGFR
ENSG00000130052.14|5558|STARD8|protein_coding	STARD8
ENSG00000168040.5|1708|FADD|protein_coding	FADD
ENSG00000066923.18|8736|STAG3|protein_coding	STAG3
ENSG00000163492.15|15446|CCDC141|protein_coding	CCDC141
ENSG00000267041.6|7850|ZNF850|protein_coding	ZNF850
ENSG00000165716.11|3394|DIPK1B|protein_coding	DIPK1B
ENSG00000197360.9|3291|ZNF98|protein_coding	ZNF98
ENSG00000167562.13|7201|ZNF701|protein_coding	ZNF701
ENSG00000180347.14|9322|ITPRID1|protein_coding	ITPRID1
ENSG00000112280.18|10329|COL9A1|protein_coding	COL9A1
ENSG00000169258.7|4234|GPRIN1|protein_coding	GPRIN1
ENSG00000188611.17|7281|ASAH2|protein_coding	ASAH2
ENSG00000106617.15|16427|PRKAG2|protein_coding	PRKAG2
ENSG00000172766.19|5805|NAA16|protein_coding	NAA16
ENSG00000188807.13|6981|TMEM201|protein_coding	TMEM201
ENSG00000267508.6|6866|ZNF285|protein_coding	ZNF285
ENSG00000138792.10|7720|ENPEP|protein_coding	ENPEP
ENSG00000125726.11|1530|CD70|protein_coding	CD70
ENSG00000106246.18|5687|PTCD1|protein_coding	PTCD1
ENSG00000253731.3|7929|PCDHGA6|protein_coding	PCDHGA6
ENSG00000137166.17|6429|FOXP4|protein_coding	FOXP4
ENSG00000135333.15|16460|EPHA7|protein_coding	EPHA7
ENSG00000165480.16|2998|SKA3|protein_coding	SKA3
ENSG00000113522.14|10565|RAD50|protein_coding	RAD50
ENSG00000186340.17|7197|THBS2|protein_coding	THBS2
ENSG00000157782.9|5858|CABP1|protein_coding	CABP1
ENSG00000171956.7|3606|FOXB1|protein_coding	FOXB1
ENSG00000144026.12|9384|ZNF514|protein_coding	ZNF514
ENSG00000115942.9|5831|ORC2|protein_coding	ORC2
ENSG00000015153.15|10839|YAF2|protein_coding	YAF2
ENSG00000237441.10|4159|RGL2|protein_coding	RGL2
ENSG00000183207.14|3531|RUVBL2|protein_coding	RUVBL2
ENSG00000116017.11|7217|ARID3A|protein_coding	ARID3A
ENSG00000198765.12|4278|SYCP1|protein_coding	SYCP1
ENSG00000130226.17|13594|DPP6|protein_coding	DPP6
ENSG00000178802.18|9090|MPI|protein_coding	MPI
ENSG00000000460.17|5970|C1orf112|protein_coding	C1orf112
ENSG00000051596.10|3449|THOC3|protein_coding	THOC3
ENSG00000284987.1|593|U52112.13|protein_coding	U52112.13
ENSG00000169495.5|2032|HTRA4|protein_coding	HTRA4
ENSG00000144647.6|2671|POMGNT2|protein_coding	POMGNT2
ENSG00000120158.12|4140|RCL1|protein_coding	RCL1
ENSG00000203814.6|3196|H2BC18|protein_coding	H2BC18
ENSG00000141837.22|43150|CACNA1A|protein_coding	CACNA1A
ENSG00000166192.15|4982|SENP8|protein_coding	SENP8
ENSG00000148291.10|999|SURF2|protein_coding	SURF2
ENSG00000186103.5|5047|ARGFX|protein_coding	ARGFX
ENSG00000136750.13|5890|GAD2|protein_coding	GAD2
ENSG00000175274.19|7345|TP53I11|protein_coding	TP53I11
ENSG00000136636.13|5017|KCTD3|protein_coding	KCTD3
ENSG00000184232.9|2913|OAF|protein_coding	OAF
ENSG00000075651.16|12860|PLD1|protein_coding	PLD1
ENSG00000186106.11|5820|ANKRD46|protein_coding	ANKRD46
ENSG00000162636.16|9350|FAM102B|protein_coding	FAM102B
ENSG00000116132.12|8248|PRRX1|protein_coding	PRRX1
ENSG00000168243.11|5194|GNG4|protein_coding	GNG4
ENSG00000137992.15|11616|DBT|protein_coding	DBT
ENSG00000104983.8|2588|CCDC61|protein_coding	CCDC61
ENSG00000154764.6|4529|WNT7A|protein_coding	WNT7A
ENSG00000108433.17|14366|GOSR2|protein_coding	GOSR2
ENSG00000162433.15|7578|AK4|protein_coding	AK4
ENSG00000135925.9|2920|WNT10A|protein_coding	WNT10A
ENSG00000005073.6|2669|HOXA11|protein_coding	HOXA11
ENSG00000163823.4|2646|CCR1|protein_coding	CCR1
ENSG00000070495.15|5969|JMJD6|protein_coding	JMJD6
ENSG00000138175.9|3834|ARL3|protein_coding	ARL3
ENSG00000186260.17|16580|MRTFB|protein_coding	MRTFB
ENSG00000079616.13|4311|KIF22|protein_coding	KIF22
ENSG00000161204.11|5207|ABCF3|protein_coding	ABCF3
ENSG00000184486.10|4885|POU3F2|protein_coding	POU3F2
ENSG00000196218.13|15973|RYR1|protein_coding	RYR1
ENSG00000133835.18|24901|HSD17B4|protein_coding	HSD17B4
ENSG00000102935.12|8974|ZNF423|protein_coding	ZNF423
ENSG00000284946.1|7148|AC068831.18|protein_coding	AC068831.18
ENSG00000157224.16|6708|CLDN12|protein_coding	CLDN12
ENSG00000185238.13|5483|PRMT3|protein_coding	PRMT3
ENSG00000104756.16|4383|KCTD9|protein_coding	KCTD9
ENSG00000196391.11|8472|ZNF774|protein_coding	ZNF774
ENSG00000173699.17|2856|SPATA3|protein_coding	SPATA3
ENSG00000182329.14|7962|KIAA2012|protein_coding	KIAA2012
ENSG00000164032.12|2270|H2AZ1|protein_coding	H2AZ1
ENSG00000173821.19|28570|RNF213|protein_coding	RNF213
ENSG00000185483.12|6720|ROR1|protein_coding	ROR1
ENSG00000175895.4|3157|PLEKHF2|protein_coding	PLEKHF2
ENSG00000176771.17|9563|NCKAP5|protein_coding	NCKAP5
ENSG00000018236.15|7492|CNTN1|protein_coding	CNTN1
ENSG00000166246.14|4477|C16orf71|protein_coding	C16orf71
ENSG00000161904.12|6782|LEMD2|protein_coding	LEMD2
ENSG00000129204.17|11676|USP6|protein_coding	USP6
ENSG00000153071.15|7717|DAB2|protein_coding	DAB2
ENSG00000124201.15|9340|ZNFX1|protein_coding	ZNFX1
ENSG00000178445.10|8882|GLDC|protein_coding	GLDC
ENSG00000112715.25|14431|VEGFA|protein_coding	VEGFA
ENSG00000116299.17|9194|ELAPOR1|protein_coding	ELAPOR1
ENSG00000135517.9|3553|MIP|protein_coding	MIP
ENSG00000116141.17|15255|MARK1|protein_coding	MARK1
ENSG00000186300.12|8542|ZNF555|protein_coding	ZNF555
ENSG00000151067.23|25552|CACNA1C|protein_coding	CACNA1C
ENSG00000218336.9|12010|TENM3|protein_coding	TENM3
ENSG00000172888.12|8943|ZNF621|protein_coding	ZNF621
ENSG00000054598.9|3983|FOXC1|protein_coding	FOXC1
ENSG00000170419.11|5967|VSTM2A|protein_coding	VSTM2A
ENSG00000183864.5|4341|TOB2|protein_coding	TOB2
ENSG00000130699.19|9879|TAF4|protein_coding	TAF4
ENSG00000187066.9|4197|TMEM262|protein_coding	TMEM262
ENSG00000183091.20|30567|NEB|protein_coding	NEB
ENSG00000159387.8|2952|IRX6|protein_coding	IRX6
ENSG00000173068.18|15323|BNC2|protein_coding	BNC2
ENSG00000184635.16|5579|ZNF93|protein_coding	ZNF93
ENSG00000182348.7|5824|ZNF804B|protein_coding	ZNF804B
ENSG00000100749.9|31679|VRK1|protein_coding	VRK1
ENSG00000070950.10|6984|RAD18|protein_coding	RAD18
ENSG00000111732.11|3107|AICDA|protein_coding	AICDA
ENSG00000164161.10|11939|HHIP|protein_coding	HHIP
ENSG00000123200.17|10265|ZC3H13|protein_coding	ZC3H13
ENSG00000179604.10|4837|CDC42EP4|protein_coding	CDC42EP4
ENSG00000185947.15|6284|ZNF267|protein_coding	ZNF267
ENSG00000151322.20|10811|NPAS3|protein_coding	NPAS3
ENSG00000142661.19|9214|MYOM3|protein_coding	MYOM3
ENSG00000104941.8|2533|RSPH6A|protein_coding	RSPH6A
ENSG00000166856.3|3411|GPR182|protein_coding	GPR182
ENSG00000163517.15|5231|HDAC11|protein_coding	HDAC11
ENSG00000255330.9|11464|RP3-403A15.5|protein_coding	RP3-403A15.5
ENSG00000125675.20|6449|GRIA3|protein_coding	GRIA3
ENSG00000223953.6|1537|C1QTNF5|protein_coding	C1QTNF5
ENSG00000167771.6|3049|RCOR2|protein_coding	RCOR2
ENSG00000168917.9|4283|SLC35G2|protein_coding	SLC35G2
ENSG00000157741.15|16634|UBN2|protein_coding	UBN2
ENSG00000204965.9|7117|PCDHA5|protein_coding	PCDHA5
ENSG00000166352.18|10386|IFTAP|protein_coding	IFTAP
ENSG00000213023.11|3844|SYT3|protein_coding	SYT3
ENSG00000100593.18|4097|ISM2|protein_coding	ISM2
ENSG00000188707.6|5176|ZBED6CL|protein_coding	ZBED6CL
ENSG00000274290.3|2585|H2BC6|protein_coding	H2BC6
ENSG00000123388.4|3265|HOXC11|protein_coding	HOXC11
ENSG00000105610.6|1613|KLF1|protein_coding	KLF1
ENSG00000134461.16|3060|ANKRD16|protein_coding	ANKRD16
ENSG00000103932.12|7046|RPAP1|protein_coding	RPAP1
ENSG00000118200.14|7777|CAMSAP2|protein_coding	CAMSAP2
ENSG00000142700.12|3168|DMRTA2|protein_coding	DMRTA2
ENSG00000168594.15|5957|ADAM29|protein_coding	ADAM29
ENSG00000244694.8|28174|PTCHD4|protein_coding	PTCHD4
ENSG00000284526.1|5654|RP11-666A8.13|protein_coding	RP11-666A8.13
ENSG00000174428.18|6560|GTF2IRD2B|protein_coding	GTF2IRD2B
ENSG00000020922.13|7674|MRE11|protein_coding	MRE11
ENSG00000166159.11|4278|LRTM2|protein_coding	LRTM2
ENSG00000116198.14|11885|CEP104|protein_coding	CEP104
ENSG00000079950.14|16387|STX7|protein_coding	STX7
ENSG00000179029.15|3943|TMEM107|protein_coding	TMEM107
ENSG00000256591.5|7522|RP11-286N22.8|protein_coding	RP11-286N22.8
ENSG00000124140.14|8907|SLC12A5|protein_coding	SLC12A5
ENSG00000132330.18|11698|SCLY|protein_coding	SCLY
ENSG00000097046.13|3599|CDC7|protein_coding	CDC7
ENSG00000172586.8|1483|CHCHD1|protein_coding	CHCHD1
ENSG00000175894.18|4462|TSPEAR|protein_coding	TSPEAR
ENSG00000156599.11|5424|ZDHHC5|protein_coding	ZDHHC5
ENSG00000154263.17|8405|ABCA10|protein_coding	ABCA10
ENSG00000251664.5|5541|PCDHA12|protein_coding	PCDHA12
ENSG00000175395.16|4257|ZNF25|protein_coding	ZNF25
ENSG00000119718.11|5436|EIF2B2|protein_coding	EIF2B2
ENSG00000084674.15|14828|APOB|protein_coding	APOB
ENSG00000197024.9|6304|ZNF398|protein_coding	ZNF398
ENSG00000134086.8|4890|VHL|protein_coding	VHL
ENSG00000070019.5|4191|GUCY2C|protein_coding	GUCY2C
ENSG00000121101.16|5325|TEX14|protein_coding	TEX14
ENSG00000174992.8|3116|ZG16|protein_coding	ZG16
ENSG00000126461.15|4464|SCAF1|protein_coding	SCAF1
ENSG00000111412.6|8678|SPRING1|protein_coding	SPRING1
ENSG00000145824.13|1975|CXCL14|protein_coding	CXCL14
ENSG00000164609.10|4769|SLU7|protein_coding	SLU7
ENSG00000196476.12|1730|C20orf96|protein_coding	C20orf96
ENSG00000243811.12|2529|APOBEC3D|protein_coding	APOBEC3D
ENSG00000170074.19|8528|FAM153A|protein_coding	FAM153A
ENSG00000106278.12|10137|PTPRZ1|protein_coding	PTPRZ1
ENSG00000134769.23|14445|DTNA|protein_coding	DTNA
ENSG00000167394.13|3855|ZNF668|protein_coding	ZNF668
ENSG00000188051.7|2418|TMEM221|protein_coding	TMEM221
ENSG00000105875.15|16225|WDR91|protein_coding	WDR91
ENSG00000153246.13|15362|PLA2R1|protein_coding	PLA2R1
ENSG00000159111.13|2771|MRPL10|protein_coding	MRPL10
ENSG00000147601.15|15706|TERF1|protein_coding	TERF1
ENSG00000162222.14|2657|TTC9C|protein_coding	TTC9C
ENSG00000086548.9|2956|CEACAM6|protein_coding	CEACAM6
ENSG00000286221.1|2625|RP11-314O13.2|protein_coding	RP11-314O13.2
ENSG00000161057.13|8637|PSMC2|protein_coding	PSMC2
ENSG00000144231.11|5222|POLR2D|protein_coding	POLR2D
ENSG00000205832.8|4017|C16orf96|protein_coding	C16orf96
ENSG00000174032.17|6794|SLC25A30|protein_coding	SLC25A30
ENSG00000113212.7|3740|PCDHB7|protein_coding	PCDHB7
ENSG00000086696.11|9529|HSD17B2|protein_coding	HSD17B2
ENSG00000130772.14|2017|MED18|protein_coding	MED18
ENSG00000183814.16|4442|LIN9|protein_coding	LIN9
ENSG00000148346.12|1596|LCN2|protein_coding	LCN2
ENSG00000170442.12|2424|KRT86|protein_coding	KRT86
ENSG00000132640.15|6228|BTBD3|protein_coding	BTBD3
ENSG00000091651.9|4309|ORC6|protein_coding	ORC6
ENSG00000205707.11|2474|ETFRF1|protein_coding	ETFRF1
ENSG00000143093.15|7344|STRIP1|protein_coding	STRIP1
ENSG00000155034.19|9753|FBXL18|protein_coding	FBXL18
ENSG00000103021.9|5927|CCDC113|protein_coding	CCDC113
ENSG00000146223.16|7811|RPL7L1|protein_coding	RPL7L1
ENSG00000204767.4|5715|INSYN2B|protein_coding	INSYN2B
ENSG00000135314.12|3350|KHDC1|protein_coding	KHDC1
ENSG00000197930.13|7549|ERO1A|protein_coding	ERO1A
ENSG00000077454.16|7117|LRCH4|protein_coding	LRCH4
ENSG00000142748.13|2169|FCN3|protein_coding	FCN3
ENSG00000116285.13|4179|ERRFI1|protein_coding	ERRFI1
ENSG00000149654.11|4921|CDH22|protein_coding	CDH22
ENSG00000122779.18|9301|TRIM24|protein_coding	TRIM24
ENSG00000085978.22|6047|ATG16L1|protein_coding	ATG16L1
ENSG00000178645.13|5804|C10orf53|protein_coding	C10orf53
ENSG00000083838.16|4768|ZNF446|protein_coding	ZNF446
ENSG00000164877.19|8811|MICALL2|protein_coding	MICALL2
ENSG00000254726.3|6591|MEX3A|protein_coding	MEX3A
ENSG00000242110.8|4847|AMACR|protein_coding	AMACR
ENSG00000151276.23|11649|MAGI1|protein_coding	MAGI1
ENSG00000171960.12|5095|PPIH|protein_coding	PPIH
ENSG00000158315.11|2826|RHBDL2|protein_coding	RHBDL2
ENSG00000105355.9|2739|PLIN3|protein_coding	PLIN3
ENSG00000149798.5|2164|CDC42EP2|protein_coding	CDC42EP2
ENSG00000092200.13|5547|RPGRIP1|protein_coding	RPGRIP1
ENSG00000123213.23|10939|NLN|protein_coding	NLN
ENSG00000075429.9|10576|CACNG5|protein_coding	CACNG5
ENSG00000085185.16|7984|BCORL1|protein_coding	BCORL1
ENSG00000091262.17|6908|ABCC6|protein_coding	ABCC6
ENSG00000154736.6|9765|ADAMTS5|protein_coding	ADAMTS5
ENSG00000005187.12|7510|ACSM3|protein_coding	ACSM3
ENSG00000115112.8|9367|TFCP2L1|protein_coding	TFCP2L1
ENSG00000100865.15|5344|CINP|protein_coding	CINP
ENSG00000170456.16|11346|DENND5B|protein_coding	DENND5B
ENSG00000130204.13|3610|TOMM40|protein_coding	TOMM40
ENSG00000106701.13|9877|FSD1L|protein_coding	FSD1L
ENSG00000144559.10|5925|TAMM41|protein_coding	TAMM41
ENSG00000123612.16|9054|ACVR1C|protein_coding	ACVR1C
ENSG00000144524.18|6066|COPS7B|protein_coding	COPS7B
ENSG00000066583.12|1942|ISOC1|protein_coding	ISOC1
ENSG00000155363.18|6509|MOV10|protein_coding	MOV10
ENSG00000144130.11|4225|NT5DC4|protein_coding	NT5DC4
ENSG00000288637.1|5884|RP11-559F19.4|protein_coding	RP11-559F19.4
ENSG00000197594.14|11423|ENPP1|protein_coding	ENPP1
ENSG00000186190.7|1454|BPIFB3|protein_coding	BPIFB3
ENSG00000278677.2|487|H2AC17|protein_coding	H2AC17
ENSG00000167513.9|2760|CDT1|protein_coding	CDT1
ENSG00000087116.16|8755|ADAMTS2|protein_coding	ADAMTS2
ENSG00000155719.18|7541|OTOA|protein_coding	OTOA
ENSG00000125967.17|4342|NECAB3|protein_coding	NECAB3
ENSG00000138395.17|6172|CDK15|protein_coding	CDK15
ENSG00000280165.1|4778|PCDH20|protein_coding	PCDH20
ENSG00000110318.15|8200|CEP126|protein_coding	CEP126
ENSG00000040275.17|4775|SPDL1|protein_coding	SPDL1
ENSG00000183454.18|18663|GRIN2A|protein_coding	GRIN2A
ENSG00000129158.11|3387|SERGEF|protein_coding	SERGEF
ENSG00000242732.4|4779|RTL5|protein_coding	RTL5
ENSG00000178217.15|4584|SH2D4B|protein_coding	SH2D4B
ENSG00000120925.16|6055|RNF170|protein_coding	RNF170
ENSG00000143624.14|10467|INTS3|protein_coding	INTS3
ENSG00000166685.12|5317|COG1|protein_coding	COG1
ENSG00000164010.15|5720|ERMAP|protein_coding	ERMAP
ENSG00000175985.10|8097|PLEKHD1|protein_coding	PLEKHD1
ENSG00000196586.16|10727|MYO6|protein_coding	MYO6
ENSG00000124766.7|4869|SOX4|protein_coding	SOX4
ENSG00000099810.21|14527|MTAP|protein_coding	MTAP
ENSG00000188227.13|12007|ZNF793|protein_coding	ZNF793
ENSG00000285920.2|3451|RP11-16O9.3|protein_coding	RP11-16O9.3
ENSG00000151247.13|4971|EIF4E|protein_coding	EIF4E
ENSG00000169139.12|6591|UBE2V2|protein_coding	UBE2V2
ENSG00000164093.17|5787|PITX2|protein_coding	PITX2
ENSG00000134490.14|5193|TMEM241|protein_coding	TMEM241
ENSG00000176435.7|2094|CLEC14A|protein_coding	CLEC14A
ENSG00000162631.20|10496|NTNG1|protein_coding	NTNG1
ENSG00000163815.6|985|CLEC3B|protein_coding	CLEC3B
ENSG00000156709.15|13092|AIFM1|protein_coding	AIFM1
ENSG00000054219.11|8805|LY75|protein_coding	LY75
ENSG00000114316.13|7328|USP4|protein_coding	USP4
ENSG00000255730.5|2347|CTC-435M10.3|protein_coding	CTC-435M10.3
ENSG00000178295.15|11832|GEN1|protein_coding	GEN1
ENSG00000284732.1|4672|CTD-3051L14.15|protein_coding	CTD-3051L14.15
ENSG00000156802.13|7100|ATAD2|protein_coding	ATAD2
ENSG00000141219.16|4675|C17orf80|protein_coding	C17orf80
ENSG00000130304.17|8204|SLC27A1|protein_coding	SLC27A1
ENSG00000188916.9|4840|INSYN2A|protein_coding	INSYN2A
ENSG00000188895.12|7725|MSL1|protein_coding	MSL1
ENSG00000123411.15|6813|IKZF4|protein_coding	IKZF4
ENSG00000182095.15|12860|TNRC18|protein_coding	TNRC18
ENSG00000125798.15|2719|FOXA2|protein_coding	FOXA2
ENSG00000143643.13|4212|TTC13|protein_coding	TTC13
ENSG00000214954.8|3056|LRRC69|protein_coding	LRRC69
ENSG00000141378.15|4738|PTRH2|protein_coding	PTRH2
ENSG00000111863.13|3947|ADTRP|protein_coding	ADTRP
ENSG00000213903.9|4465|LTB4R|protein_coding	LTB4R
ENSG00000188997.8|3968|KCTD21|protein_coding	KCTD21
ENSG00000099219.14|6528|ERMP1|protein_coding	ERMP1
ENSG00000176890.16|2421|TYMS|protein_coding	TYMS
ENSG00000134256.13|3904|CD101|protein_coding	CD101
ENSG00000135100.19|5028|HNF1A|protein_coding	HNF1A
ENSG00000115568.16|11560|ZNF142|protein_coding	ZNF142
ENSG00000172482.5|4114|AGXT|protein_coding	AGXT
ENSG00000108848.16|8136|LUC7L3|protein_coding	LUC7L3
ENSG00000182749.6|3244|PAQR7|protein_coding	PAQR7
ENSG00000099282.10|2651|TSPAN15|protein_coding	TSPAN15
ENSG00000277586.4|3940|NEFL|protein_coding	NEFL
ENSG00000268043.7|7272|NBPF12|protein_coding	NBPF12
ENSG00000071539.14|3319|TRIP13|protein_coding	TRIP13
ENSG00000187961.14|3402|KLHL17|protein_coding	KLHL17
ENSG00000204524.7|10169|ZNF805|protein_coding	ZNF805
ENSG00000146352.13|11219|CLVS2|protein_coding	CLVS2
ENSG00000008394.13|7441|MGST1|protein_coding	MGST1
ENSG00000184428.13|6425|TOP1MT|protein_coding	TOP1MT
ENSG00000148180.21|11018|GSN|protein_coding	GSN
ENSG00000100387.9|3092|RBX1|protein_coding	RBX1
ENSG00000197991.11|6347|RP11-310K10.1|protein_coding	RP11-310K10.1
ENSG00000087589.17|5070|CASS4|protein_coding	CASS4
ENSG00000107593.17|2848|PKD2L1|protein_coding	PKD2L1
ENSG00000206199.11|6544|ANKUB1|protein_coding	ANKUB1
ENSG00000173227.14|11041|SYT12|protein_coding	SYT12
ENSG00000197013.10|7571|ZNF429|protein_coding	ZNF429
ENSG00000130023.16|4267|ERMARD|protein_coding	ERMARD
ENSG00000159961.3|3812|OR3A3|protein_coding	OR3A3
ENSG00000182613.3|4777|OR2V2|protein_coding	OR2V2
ENSG00000152779.14|4873|SLC16A12|protein_coding	SLC16A12
ENSG00000115415.20|9770|STAT1|protein_coding	STAT1
ENSG00000025796.14|8606|SEC63|protein_coding	SEC63
ENSG00000172292.15|6851|CERS6|protein_coding	CERS6
ENSG00000196119.8|6088|OR8A1|protein_coding	OR8A1
ENSG00000278588.2|482|H2BC10|protein_coding	H2BC10
ENSG00000158092.7|5510|NCK1|protein_coding	NCK1
ENSG00000269556.8|5158|TMEM185A|protein_coding	TMEM185A
ENSG00000188582.10|10807|PAQR9|protein_coding	PAQR9
ENSG00000168530.16|1326|MYL1|protein_coding	MYL1
ENSG00000051128.19|3422|HOMER3|protein_coding	HOMER3
ENSG00000158966.16|7022|CACHD1|protein_coding	CACHD1
ENSG00000188566.15|5188|NDOR1|protein_coding	NDOR1
ENSG00000189357.9|4923|SPATA31D4|protein_coding	SPATA31D4
ENSG00000054392.13|6645|HHAT|protein_coding	HHAT
ENSG00000108231.14|15449|LGI1|protein_coding	LGI1
ENSG00000128284.19|5901|APOL3|protein_coding	APOL3
ENSG00000120647.10|3550|CCDC77|protein_coding	CCDC77
ENSG00000163257.11|4816|DCAF16|protein_coding	DCAF16
ENSG00000166145.15|3542|SPINT1|protein_coding	SPINT1
ENSG00000110723.12|10944|EXPH5|protein_coding	EXPH5
ENSG00000155099.8|2868|PIP4P2|protein_coding	PIP4P2
ENSG00000253537.3|5439|PCDHGA7|protein_coding	PCDHGA7
ENSG00000138028.16|4052|CGREF1|protein_coding	CGREF1
ENSG00000106384.12|2436|MOGAT3|protein_coding	MOGAT3
ENSG00000087995.16|6398|METTL2A|protein_coding	METTL2A
ENSG00000166793.13|4460|YPEL4|protein_coding	YPEL4
ENSG00000128656.15|9402|CHN1|protein_coding	CHN1
ENSG00000100505.14|8945|TRIM9|protein_coding	TRIM9
ENSG00000006283.18|10062|CACNA1G|protein_coding	CACNA1G
ENSG00000179057.14|4834|IGSF22|protein_coding	IGSF22
ENSG00000183495.14|18041|EP400|protein_coding	EP400
ENSG00000171503.13|23865|ETFDH|protein_coding	ETFDH
ENSG00000139714.12|3856|MORN3|protein_coding	MORN3
ENSG00000163792.6|5123|TCF23|protein_coding	TCF23
ENSG00000130477.16|11180|UNC13A|protein_coding	UNC13A
ENSG00000187134.14|8765|AKR1C1|protein_coding	AKR1C1
ENSG00000164330.17|6333|EBF1|protein_coding	EBF1
ENSG00000282988.2|2110|RP1-34B20.21|protein_coding	RP1-34B20.21
ENSG00000183287.14|6753|CCBE1|protein_coding	CCBE1
ENSG00000116044.16|5671|NFE2L2|protein_coding	NFE2L2
ENSG00000070985.13|3962|TRPM5|protein_coding	TRPM5
ENSG00000165055.16|6749|METTL2B|protein_coding	METTL2B
ENSG00000182771.19|6232|GRID1|protein_coding	GRID1
ENSG00000013441.16|5170|CLK1|protein_coding	CLK1
ENSG00000157152.17|6329|SYN2|protein_coding	SYN2
ENSG00000146910.13|4060|CNPY1|protein_coding	CNPY1
ENSG00000189007.16|7197|ADAT2|protein_coding	ADAT2
ENSG00000169692.13|1832|AGPAT2|protein_coding	AGPAT2
ENSG00000087903.13|9094|RFX2|protein_coding	RFX2
ENSG00000157578.14|5957|LCA5L|protein_coding	LCA5L
ENSG00000187837.4|731|H1-2|protein_coding	H1-2
ENSG00000116273.6|3632|PHF13|protein_coding	PHF13
ENSG00000144331.20|5417|ZNF385B|protein_coding	ZNF385B
ENSG00000168564.6|4015|CDKN2AIP|protein_coding	CDKN2AIP
ENSG00000138182.15|6871|KIF20B|protein_coding	KIF20B
ENSG00000137275.16|12173|RIPK1|protein_coding	RIPK1
ENSG00000093010.15|7376|COMT|protein_coding	COMT
ENSG00000166900.17|7308|STX3|protein_coding	STX3
ENSG00000163607.17|3794|GTPBP8|protein_coding	GTPBP8
ENSG00000142405.22|4950|NLRP12|protein_coding	NLRP12
ENSG00000060709.15|9655|RIMBP2|protein_coding	RIMBP2
ENSG00000171435.14|18301|KSR2|protein_coding	KSR2
ENSG00000133067.18|4685|LGR6|protein_coding	LGR6
ENSG00000155749.13|2635|FLACC1|protein_coding	FLACC1
ENSG00000168874.13|9296|ATOH8|protein_coding	ATOH8
ENSG00000205277.10|17178|MUC12|protein_coding	MUC12
ENSG00000198040.11|9520|ZNF84|protein_coding	ZNF84
ENSG00000103546.19|8043|SLC6A2|protein_coding	SLC6A2
ENSG00000117410.14|3239|ATP6V0B|protein_coding	ATP6V0B
ENSG00000164035.10|5172|EMCN|protein_coding	EMCN
ENSG00000106992.19|2593|AK1|protein_coding	AK1
ENSG00000187715.13|5818|KBTBD12|protein_coding	KBTBD12
ENSG00000143171.13|2691|RXRG|protein_coding	RXRG
ENSG00000180061.10|1714|TMEM150B|protein_coding	TMEM150B
ENSG00000171532.5|6242|NEUROD2|protein_coding	NEUROD2
ENSG00000227151.4|1847|PRR20D|protein_coding	PRR20D
ENSG00000188342.12|3608|GTF2F2|protein_coding	GTF2F2
ENSG00000139974.16|5147|SLC38A6|protein_coding	SLC38A6
ENSG00000160226.16|6063|CFAP410|protein_coding	CFAP410
ENSG00000250312.8|5073|ZNF718|protein_coding	ZNF718
ENSG00000139618.17|12778|BRCA2|protein_coding	BRCA2
ENSG00000064547.14|2975|LPAR2|protein_coding	LPAR2
ENSG00000198482.14|5008|ZNF808|protein_coding	ZNF808
ENSG00000122188.13|3336|LAX1|protein_coding	LAX1
ENSG00000108187.16|5172|PBLD|protein_coding	PBLD
ENSG00000183770.7|2914|FOXL2|protein_coding	FOXL2
ENSG00000198788.9|12667|MUC2|protein_coding	MUC2
ENSG00000105793.16|10434|GTPBP10|protein_coding	GTPBP10
ENSG00000100926.15|3530|TM9SF1|protein_coding	TM9SF1
ENSG00000115665.9|5168|SLC5A7|protein_coding	SLC5A7
ENSG00000135736.6|2551|CCDC102A|protein_coding	CCDC102A
ENSG00000174106.3|5578|LEMD3|protein_coding	LEMD3
ENSG00000233670.7|3457|PIRT|protein_coding	PIRT
ENSG00000152583.13|3476|SPARCL1|protein_coding	SPARCL1
ENSG00000076321.11|4244|KLHL20|protein_coding	KLHL20
ENSG00000125630.16|8997|POLR1B|protein_coding	POLR1B
ENSG00000100416.15|9219|TRMU|protein_coding	TRMU
ENSG00000077157.22|21069|PPP1R12B|protein_coding	PPP1R12B
ENSG00000159593.15|4790|NAE1|protein_coding	NAE1
ENSG00000106123.12|5325|EPHB6|protein_coding	EPHB6
ENSG00000143303.12|3169|RRNAD1|protein_coding	RRNAD1
ENSG00000129646.16|6070|QRICH2|protein_coding	QRICH2
ENSG00000185436.12|4940|IFNLR1|protein_coding	IFNLR1
ENSG00000134760.6|7398|DSG1|protein_coding	DSG1
ENSG00000180596.7|834|H2BC4|protein_coding	H2BC4
ENSG00000135241.17|5673|PNPLA8|protein_coding	PNPLA8
ENSG00000164291.17|4325|ARSK|protein_coding	ARSK
ENSG00000073282.14|7479|TP63|protein_coding	TP63
ENSG00000284772.1|1684|RP11-315A19.1|protein_coding	RP11-315A19.1
ENSG00000248383.5|7016|PCDHAC1|protein_coding	PCDHAC1
ENSG00000135698.10|2188|MPHOSPH6|protein_coding	MPHOSPH6
ENSG00000109956.13|11749|B3GAT1|protein_coding	B3GAT1
ENSG00000167395.10|8635|ZNF646|protein_coding	ZNF646
ENSG00000266728.5|730|AC015688.3|protein_coding	AC015688.3
ENSG00000115548.17|13299|KDM3A|protein_coding	KDM3A
ENSG00000089356.19|3390|FXYD3|protein_coding	FXYD3
ENSG00000166794.6|4369|PPIB|protein_coding	PPIB
ENSG00000103429.11|4285|BFAR|protein_coding	BFAR
ENSG00000231274.5|1520|SBK3|protein_coding	SBK3
ENSG00000288640.1|3135|CTB-163K11.1|protein_coding	CTB-163K11.1
ENSG00000171495.17|6085|MROH2B|protein_coding	MROH2B
ENSG00000171790.15|4310|SLFNL1|protein_coding	SLFNL1
ENSG00000070729.14|7310|CNGB1|protein_coding	CNGB1
ENSG00000057935.14|10580|MTA3|protein_coding	MTA3
ENSG00000092931.11|6587|MFSD11|protein_coding	MFSD11
ENSG00000153002.12|5703|CPB1|protein_coding	CPB1
ENSG00000196693.15|8309|ZNF33B|protein_coding	ZNF33B
ENSG00000137563.13|10619|GGH|protein_coding	GGH
ENSG00000277972.2|3118|CISD3|protein_coding	CISD3
ENSG00000124788.19|19278|ATXN1|protein_coding	ATXN1
ENSG00000196341.3|8507|OR8D1|protein_coding	OR8D1
ENSG00000132109.10|1935|TRIM21|protein_coding	TRIM21
ENSG00000206562.12|6975|METTL6|protein_coding	METTL6
ENSG00000128268.12|5789|MGAT3|protein_coding	MGAT3
ENSG00000169570.10|5867|DTWD2|protein_coding	DTWD2
ENSG00000105647.19|5163|PIK3R2|protein_coding	PIK3R2
ENSG00000243244.7|7709|STON1|protein_coding	STON1
ENSG00000205592.15|29488|MUC19|protein_coding	MUC19
ENSG00000143633.13|5413|C1orf131|protein_coding	C1orf131
ENSG00000186648.15|6657|CARMIL3|protein_coding	CARMIL3
ENSG00000010319.7|5047|SEMA3G|protein_coding	SEMA3G
ENSG00000166105.16|8945|GLB1L3|protein_coding	GLB1L3
ENSG00000184465.16|12610|WDR27|protein_coding	WDR27
ENSG00000185942.13|28726|NKAIN3|protein_coding	NKAIN3
ENSG00000075218.19|4113|GTSE1|protein_coding	GTSE1
ENSG00000178928.8|2075|TPRX1|protein_coding	TPRX1
ENSG00000131148.9|4021|EMC8|protein_coding	EMC8
ENSG00000167333.13|4254|TRIM68|protein_coding	TRIM68
ENSG00000218739.10|4700|CEBPZOS|protein_coding	CEBPZOS
ENSG00000169122.11|4943|FAM110B|protein_coding	FAM110B
ENSG00000009765.15|10362|IYD|protein_coding	IYD
ENSG00000152464.15|1930|RPP38|protein_coding	RPP38
ENSG00000117528.14|7655|ABCD3|protein_coding	ABCD3
ENSG00000128203.7|3370|ASPHD2|protein_coding	ASPHD2
ENSG00000063241.8|4408|ISOC2|protein_coding	ISOC2
ENSG00000163510.14|3524|CWC22|protein_coding	CWC22
ENSG00000131914.11|3975|LIN28A|protein_coding	LIN28A
ENSG00000092054.13|6027|MYH7|protein_coding	MYH7
ENSG00000019505.8|5445|SYT13|protein_coding	SYT13
ENSG00000144034.16|2004|TPRKB|protein_coding	TPRKB
ENSG00000142227.11|1645|EMP3|protein_coding	EMP3
ENSG00000178015.5|2056|GPR150|protein_coding	GPR150
ENSG00000089692.9|3056|LAG3|protein_coding	LAG3
ENSG00000155275.19|7752|TRMT44|protein_coding	TRMT44
ENSG00000122873.12|2753|CISD1|protein_coding	CISD1
ENSG00000110844.14|9444|PRPF40B|protein_coding	PRPF40B
ENSG00000137413.16|9284|TAF8|protein_coding	TAF8
ENSG00000154721.15|5947|JAM2|protein_coding	JAM2
ENSG00000125869.10|2042|LAMP5|protein_coding	LAMP5
ENSG00000198855.7|4175|FICD|protein_coding	FICD
ENSG00000204815.10|3370|ODAD4|protein_coding	ODAD4
ENSG00000154928.19|5843|EPHB1|protein_coding	EPHB1
ENSG00000185432.12|4076|METTL7A|protein_coding	METTL7A
ENSG00000166689.16|10978|PLEKHA7|protein_coding	PLEKHA7
ENSG00000111725.11|6042|PRKAB1|protein_coding	PRKAB1
ENSG00000101190.13|3605|TCFL5|protein_coding	TCFL5
ENSG00000184730.11|3798|APOBR|protein_coding	APOBR
ENSG00000254245.3|4872|PCDHGA3|protein_coding	PCDHGA3
ENSG00000175093.5|3795|SPSB4|protein_coding	SPSB4
ENSG00000162063.13|6309|CCNF|protein_coding	CCNF
ENSG00000185482.8|2091|STAC3|protein_coding	STAC3
ENSG00000167487.12|4744|KLHL26|protein_coding	KLHL26
ENSG00000204120.16|15476|GIGYF2|protein_coding	GIGYF2
ENSG00000106258.15|9817|CYP3A5|protein_coding	CYP3A5
ENSG00000244509.4|2644|APOBEC3C|protein_coding	APOBEC3C
ENSG00000186976.15|8557|EFCAB6|protein_coding	EFCAB6
ENSG00000115840.14|6126|SLC25A12|protein_coding	SLC25A12
ENSG00000065883.16|24618|CDK13|protein_coding	CDK13
ENSG00000081307.15|8072|UBA5|protein_coding	UBA5
ENSG00000206026.7|4009|SMIM21|protein_coding	SMIM21
ENSG00000105668.7|1366|UPK1A|protein_coding	UPK1A
ENSG00000123485.12|3821|HJURP|protein_coding	HJURP
ENSG00000113240.13|7922|CLK4|protein_coding	CLK4
ENSG00000071203.9|1839|MS4A12|protein_coding	MS4A12
ENSG00000159063.14|9465|ALG8|protein_coding	ALG8
ENSG00000001036.14|2822|FUCA2|protein_coding	FUCA2
ENSG00000168887.11|5813|C2orf68|protein_coding	C2orf68
ENSG00000166450.13|14630|PRTG|protein_coding	PRTG
ENSG00000135211.6|877|TMEM60|protein_coding	TMEM60
ENSG00000136929.13|2192|HEMGN|protein_coding	HEMGN
ENSG00000204514.10|13421|ZNF814|protein_coding	ZNF814
ENSG00000183747.12|8195|ACSM2A|protein_coding	ACSM2A
ENSG00000137074.20|15614|APTX|protein_coding	APTX
ENSG00000151376.18|3838|ME3|protein_coding	ME3
ENSG00000046653.15|5767|GPM6B|protein_coding	GPM6B
ENSG00000123191.16|18808|ATP7B|protein_coding	ATP7B
ENSG00000285528.1|2246|RP11-121C6.6|protein_coding	RP11-121C6.6
ENSG00000124215.17|5752|CDH26|protein_coding	CDH26
ENSG00000168827.15|11789|GFM1|protein_coding	GFM1
ENSG00000171953.16|5553|ATPAF2|protein_coding	ATPAF2
ENSG00000106853.20|3770|PTGR1|protein_coding	PTGR1
ENSG00000138311.18|4960|ZNF365|protein_coding	ZNF365
ENSG00000167202.12|9763|TBC1D2B|protein_coding	TBC1D2B
ENSG00000165323.16|19640|FAT3|protein_coding	FAT3
ENSG00000105341.19|4381|DMAC2|protein_coding	DMAC2
ENSG00000003402.20|22479|CFLAR|protein_coding	CFLAR
ENSG00000247077.7|3952|PGAM5|protein_coding	PGAM5
ENSG00000158234.12|4072|FAIM|protein_coding	FAIM
ENSG00000140297.13|6476|GCNT3|protein_coding	GCNT3
ENSG00000238227.8|3408|TMEM250|protein_coding	TMEM250
ENSG00000138785.15|3897|INTS12|protein_coding	INTS12
ENSG00000273703.2|468|H2BC14|protein_coding	H2BC14
ENSG00000215262.8|3966|KCNU1|protein_coding	KCNU1
ENSG00000219481.10|12212|NBPF1|protein_coding	NBPF1
ENSG00000129493.15|10214|HEATR5A|protein_coding	HEATR5A
ENSG00000203666.12|8607|EFCAB2|protein_coding	EFCAB2
ENSG00000197223.12|3565|C1D|protein_coding	C1D
ENSG00000143153.13|2865|ATP1B1|protein_coding	ATP1B1
ENSG00000183386.10|2004|FHL3|protein_coding	FHL3
ENSG00000162139.10|7212|NEU3|protein_coding	NEU3
ENSG00000162951.11|5047|LRRTM1|protein_coding	LRRTM1
ENSG00000135537.17|8353|AFG1L|protein_coding	AFG1L
ENSG00000117069.15|6059|ST6GALNAC5|protein_coding	ST6GALNAC5
ENSG00000140527.15|4054|WDR93|protein_coding	WDR93
ENSG00000117569.19|14681|PTBP2|protein_coding	PTBP2
ENSG00000116667.15|11594|C1orf21|protein_coding	C1orf21
ENSG00000126351.13|7334|THRA|protein_coding	THRA
ENSG00000176834.14|8361|VSIG10|protein_coding	VSIG10
ENSG00000115507.10|4833|OTX1|protein_coding	OTX1
ENSG00000120798.17|6454|NR2C1|protein_coding	NR2C1
ENSG00000154760.14|9329|SLFN13|protein_coding	SLFN13
ENSG00000176887.7|9002|SOX11|protein_coding	SOX11
ENSG00000232040.4|8161|ZBED9|protein_coding	ZBED9
ENSG00000196236.13|9574|XPNPEP3|protein_coding	XPNPEP3
ENSG00000133110.15|5464|POSTN|protein_coding	POSTN
ENSG00000173221.14|6229|GLRX|protein_coding	GLRX
ENSG00000118514.14|2858|ALDH8A1|protein_coding	ALDH8A1
ENSG00000126067.12|4528|PSMB2|protein_coding	PSMB2
ENSG00000158417.11|7865|EIF5B|protein_coding	EIF5B
ENSG00000170049.10|4633|KCNAB3|protein_coding	KCNAB3
ENSG00000142484.7|932|TM4SF5|protein_coding	TM4SF5
ENSG00000127720.8|3644|METTL25|protein_coding	METTL25
ENSG00000151623.15|6607|NR3C2|protein_coding	NR3C2
ENSG00000149716.13|7872|LTO1|protein_coding	LTO1
ENSG00000143157.12|8463|POGK|protein_coding	POGK
ENSG00000137449.17|7370|CPEB2|protein_coding	CPEB2
ENSG00000143494.16|9086|VASH2|protein_coding	VASH2
ENSG00000136243.17|4352|NUP42|protein_coding	NUP42
ENSG00000100226.16|8021|GTPBP1|protein_coding	GTPBP1
ENSG00000107104.20|11908|KANK1|protein_coding	KANK1
ENSG00000111684.11|4693|LPCAT3|protein_coding	LPCAT3
ENSG00000157193.18|19668|LRP8|protein_coding	LRP8
ENSG00000137834.15|8556|SMAD6|protein_coding	SMAD6
ENSG00000114529.13|6021|C3orf52|protein_coding	C3orf52
ENSG00000177943.14|5490|MAMDC4|protein_coding	MAMDC4
ENSG00000135503.13|5658|ACVR1B|protein_coding	ACVR1B
ENSG00000163631.17|3431|ALB|protein_coding	ALB
ENSG00000184678.10|2194|H2BC21|protein_coding	H2BC21
ENSG00000114446.5|3631|IFT57|protein_coding	IFT57
ENSG00000168374.11|2595|ARF4|protein_coding	ARF4
ENSG00000188785.12|6161|ZNF548|protein_coding	ZNF548
ENSG00000117594.10|1512|HSD11B1|protein_coding	HSD11B1
ENSG00000164463.12|12333|CREBRF|protein_coding	CREBRF
ENSG00000154556.18|17161|SORBS2|protein_coding	SORBS2
ENSG00000005810.19|18170|MYCBP2|protein_coding	MYCBP2
ENSG00000196502.12|10161|SULT1A1|protein_coding	SULT1A1
ENSG00000157766.19|10914|ACAN|protein_coding	ACAN
ENSG00000014138.9|5568|POLA2|protein_coding	POLA2
ENSG00000277481.2|5623|PKD1L3|protein_coding	PKD1L3
ENSG00000136574.19|4443|GATA4|protein_coding	GATA4
ENSG00000205795.4|2847|CYS1|protein_coding	CYS1
ENSG00000080618.17|6699|CPB2|protein_coding	CPB2
ENSG00000171865.10|5945|RNASEH1|protein_coding	RNASEH1
ENSG00000104177.18|13902|MYEF2|protein_coding	MYEF2
ENSG00000169894.18|11396|MUC3A|protein_coding	MUC3A
ENSG00000120685.20|7329|PROSER1|protein_coding	PROSER1
ENSG00000182070.7|6178|OR52A1|protein_coding	OR52A1
ENSG00000101158.15|6298|NELFCD|protein_coding	NELFCD
ENSG00000183010.17|2886|PYCR1|protein_coding	PYCR1
ENSG00000146856.14|7307|AGBL3|protein_coding	AGBL3
ENSG00000137274.13|5780|BPHL|protein_coding	BPHL
ENSG00000183625.16|6097|CCR3|protein_coding	CCR3
ENSG00000146859.6|2313|TMEM140|protein_coding	TMEM140
ENSG00000174720.16|3996|LARP7|protein_coding	LARP7
ENSG00000104290.11|13786|FZD3|protein_coding	FZD3
ENSG00000177426.22|8121|TGIF1|protein_coding	TGIF1
ENSG00000096872.17|7277|IFT74|protein_coding	IFT74
ENSG00000013573.17|8367|DDX11|protein_coding	DDX11
ENSG00000185869.15|7742|ZNF829|protein_coding	ZNF829
ENSG00000067048.17|5720|DDX3Y|protein_coding	DDX3Y
ENSG00000198597.9|8659|ZNF536|protein_coding	ZNF536
ENSG00000146263.12|21793|MMS22L|protein_coding	MMS22L
ENSG00000107807.13|2626|TLX1|protein_coding	TLX1
ENSG00000213889.11|2604|PPM1N|protein_coding	PPM1N
ENSG00000137809.17|10866|ITGA11|protein_coding	ITGA11
ENSG00000136404.16|2496|TM6SF1|protein_coding	TM6SF1
ENSG00000180481.11|3771|GLIPR1L2|protein_coding	GLIPR1L2
ENSG00000205045.11|3817|SLFN12L|protein_coding	SLFN12L
ENSG00000138303.18|5916|ASCC1|protein_coding	ASCC1
ENSG00000103351.13|7746|CLUAP1|protein_coding	CLUAP1
ENSG00000198947.18|55038|DMD|protein_coding	DMD
ENSG00000078399.19|3033|HOXA9|protein_coding	HOXA9
ENSG00000103449.12|5660|SALL1|protein_coding	SALL1
ENSG00000072195.15|17066|SPEG|protein_coding	SPEG
ENSG00000063245.15|17616|EPN1|protein_coding	EPN1
ENSG00000137878.17|10302|GCOM1|protein_coding	GCOM1
ENSG00000104883.8|1482|PEX11G|protein_coding	PEX11G
ENSG00000158089.15|4344|GALNT14|protein_coding	GALNT14
ENSG00000179520.11|4273|SLC17A8|protein_coding	SLC17A8
ENSG00000116514.17|2734|RNF19B|protein_coding	RNF19B
ENSG00000196284.17|5255|SUPT3H|protein_coding	SUPT3H
ENSG00000261949.7|2110|GFY|protein_coding	GFY
ENSG00000237289.10|3310|CKMT1B|protein_coding	CKMT1B
ENSG00000168268.11|4799|NT5DC2|protein_coding	NT5DC2
ENSG00000074047.22|7720|GLI2|protein_coding	GLI2
ENSG00000128944.13|3654|KNSTRN|protein_coding	KNSTRN
ENSG00000166503.9|16058|HDGFL3|protein_coding	HDGFL3
ENSG00000130988.13|2811|RGN|protein_coding	RGN
ENSG00000117385.16|6766|P3H1|protein_coding	P3H1
ENSG00000120075.6|1859|HOXB5|protein_coding	HOXB5
ENSG00000154134.15|6981|ROBO3|protein_coding	ROBO3
ENSG00000198929.13|7854|NOS1AP|protein_coding	NOS1AP
ENSG00000102531.16|7698|FNDC3A|protein_coding	FNDC3A
ENSG00000146858.8|1766|ZC3HAV1L|protein_coding	ZC3HAV1L
ENSG00000151388.11|9605|ADAMTS12|protein_coding	ADAMTS12
ENSG00000168418.8|6825|KCNG4|protein_coding	KCNG4
ENSG00000130363.13|6576|RSPH3|protein_coding	RSPH3
ENSG00000173258.13|16723|ZNF483|protein_coding	ZNF483
ENSG00000139180.11|10391|NDUFA9|protein_coding	NDUFA9
ENSG00000070759.17|3319|TESK2|protein_coding	TESK2
ENSG00000183647.11|6096|ZNF530|protein_coding	ZNF530
ENSG00000027697.15|3276|IFNGR1|protein_coding	IFNGR1
ENSG00000166349.10|7839|RAG1|protein_coding	RAG1
ENSG00000183317.17|8152|EPHA10|protein_coding	EPHA10
ENSG00000011454.18|7656|RABGAP1|protein_coding	RABGAP1
ENSG00000134779.15|10569|TPGS2|protein_coding	TPGS2
ENSG00000221944.9|6675|TIGD1|protein_coding	TIGD1
ENSG00000128045.7|2445|RASL11B|protein_coding	RASL11B
ENSG00000151240.17|8563|DIP2C|protein_coding	DIP2C
ENSG00000100304.13|4623|TTLL12|protein_coding	TTLL12
ENSG00000025770.19|4459|NCAPH2|protein_coding	NCAPH2
ENSG00000104881.16|5028|PPP1R13L|protein_coding	PPP1R13L
ENSG00000222009.8|3520|BTBD19|protein_coding	BTBD19
ENSG00000161956.13|3624|SENP3|protein_coding	SENP3
ENSG00000262246.6|8793|CORO7|protein_coding	CORO7
ENSG00000177409.12|7150|SAMD9L|protein_coding	SAMD9L
ENSG00000156976.17|6130|EIF4A2|protein_coding	EIF4A2
ENSG00000153802.12|3264|TMPRSS11D|protein_coding	TMPRSS11D
ENSG00000143416.21|3476|SELENBP1|protein_coding	SELENBP1
ENSG00000136868.11|5145|SLC31A1|protein_coding	SLC31A1
ENSG00000120533.13|6784|ENY2|protein_coding	ENY2
ENSG00000196214.11|7319|ZNF766|protein_coding	ZNF766
ENSG00000170381.14|8450|SEMA3E|protein_coding	SEMA3E
ENSG00000188981.11|5989|MSANTD1|protein_coding	MSANTD1
ENSG00000003987.14|6928|MTMR7|protein_coding	MTMR7
ENSG00000168961.17|5714|LGALS9|protein_coding	LGALS9
ENSG00000175213.3|2866|ZNF408|protein_coding	ZNF408
ENSG00000124256.15|5405|ZBP1|protein_coding	ZBP1
ENSG00000106077.19|2274|ABHD11|protein_coding	ABHD11
ENSG00000011258.16|7184|MBTD1|protein_coding	MBTD1
ENSG00000162650.17|5422|ATXN7L2|protein_coding	ATXN7L2
ENSG00000097096.9|6405|SYDE2|protein_coding	SYDE2
ENSG00000026950.17|5539|BTN3A1|protein_coding	BTN3A1
ENSG00000240303.8|5033|ACAD11|protein_coding	ACAD11
ENSG00000188199.10|5080|NUTM2B|protein_coding	NUTM2B
ENSG00000138600.10|8045|SPPL2A|protein_coding	SPPL2A
ENSG00000136014.12|5372|USP44|protein_coding	USP44
ENSG00000267673.6|1371|FDX2|protein_coding	FDX2
ENSG00000124818.15|5084|OPN5|protein_coding	OPN5
ENSG00000181027.11|5171|FKRP|protein_coding	FKRP
ENSG00000198171.13|1832|DDRGK1|protein_coding	DDRGK1
ENSG00000105251.11|2144|SHD|protein_coding	SHD
ENSG00000167767.14|4364|KRT80|protein_coding	KRT80
ENSG00000113430.10|2974|IRX4|protein_coding	IRX4
ENSG00000277758.6|11673|ABC7-42404400C24.1|protein_coding	ABC7-42404400C24.1
ENSG00000174950.11|1994|CD164L2|protein_coding	CD164L2
ENSG00000179271.3|1769|GADD45GIP1|protein_coding	GADD45GIP1
ENSG00000197497.11|7601|ZNF665|protein_coding	ZNF665
ENSG00000119125.17|7904|GDA|protein_coding	GDA
ENSG00000120800.5|10030|UTP20|protein_coding	UTP20
ENSG00000118997.14|21349|DNAH7|protein_coding	DNAH7
ENSG00000196150.14|7357|ZNF250|protein_coding	ZNF250
ENSG00000072818.12|7420|ACAP1|protein_coding	ACAP1
ENSG00000110801.14|8773|PSMD9|protein_coding	PSMD9
ENSG00000178104.19|27623|PDE4DIP|protein_coding	PDE4DIP
ENSG00000164494.12|3921|PDSS2|protein_coding	PDSS2
ENSG00000106410.15|2113|NOBOX|protein_coding	NOBOX
ENSG00000169914.6|6885|OTUD3|protein_coding	OTUD3
ENSG00000274600.1|6105|RIMBP3B|protein_coding	RIMBP3B
ENSG00000178163.8|10915|ZNF518B|protein_coding	ZNF518B
ENSG00000164237.9|4882|CMBL|protein_coding	CMBL
ENSG00000116001.17|6607|TIA1|protein_coding	TIA1
ENSG00000158793.14|3794|NIT1|protein_coding	NIT1
ENSG00000110427.17|13498|KIAA1549L|protein_coding	KIAA1549L
ENSG00000164776.10|2762|PHKG1|protein_coding	PHKG1
ENSG00000100207.21|9512|TCF20|protein_coding	TCF20
ENSG00000164543.7|5683|STK17A|protein_coding	STK17A
ENSG00000099194.6|5245|SCD|protein_coding	SCD
ENSG00000179709.8|3934|NLRP8|protein_coding	NLRP8
ENSG00000111875.8|2589|ASF1A|protein_coding	ASF1A
ENSG00000235453.11|3906|SMIM27|protein_coding	SMIM27
ENSG00000150527.17|10539|MIA2|protein_coding	MIA2
ENSG00000122557.11|3581|HERPUD2|protein_coding	HERPUD2
ENSG00000125450.11|5193|NUP85|protein_coding	NUP85
ENSG00000084636.18|9253|COL16A1|protein_coding	COL16A1
ENSG00000126254.12|2206|RBM42|protein_coding	RBM42
ENSG00000178202.13|4938|POGLUT3|protein_coding	POGLUT3
ENSG00000135899.19|8849|SP110|protein_coding	SP110
ENSG00000160710.18|12242|ADAR|protein_coding	ADAR
ENSG00000117697.15|13867|NSL1|protein_coding	NSL1
ENSG00000124232.11|2774|RBPJL|protein_coding	RBPJL
ENSG00000001167.15|6209|NFYA|protein_coding	NFYA
ENSG00000172650.15|3061|AGAP5|protein_coding	AGAP5
ENSG00000167674.15|4286|HDGFL2|protein_coding	HDGFL2
ENSG00000243667.7|4066|WDR92|protein_coding	WDR92
ENSG00000176208.9|7079|ATAD5|protein_coding	ATAD5
ENSG00000176092.17|6895|CRYBG2|protein_coding	CRYBG2
ENSG00000163840.10|5768|DTX3L|protein_coding	DTX3L
ENSG00000159625.15|5151|DRC7|protein_coding	DRC7
ENSG00000070193.5|6399|FGF10|protein_coding	FGF10
ENSG00000078487.18|3318|ZCWPW1|protein_coding	ZCWPW1
ENSG00000258417.3|2413|RP11-240B13.2|protein_coding	RP11-240B13.2
ENSG00000143554.14|5470|SLC27A3|protein_coding	SLC27A3
ENSG00000285816.1|4256|RP11-867O8.9|protein_coding	RP11-867O8.9
ENSG00000148225.16|4933|WDR31|protein_coding	WDR31
ENSG00000166035.11|4992|LIPC|protein_coding	LIPC
ENSG00000140945.17|11025|CDH13|protein_coding	CDH13
ENSG00000140798.16|8699|ABCC12|protein_coding	ABCC12
ENSG00000145244.12|10086|CORIN|protein_coding	CORIN
ENSG00000114744.9|4895|COMMD2|protein_coding	COMMD2
ENSG00000167543.16|4570|TP53I13|protein_coding	TP53I13
ENSG00000111206.13|4919|FOXM1|protein_coding	FOXM1
ENSG00000168065.16|5158|SLC22A11|protein_coding	SLC22A11
ENSG00000139540.12|2903|SLC39A5|protein_coding	SLC39A5
ENSG00000142945.13|3646|KIF2C|protein_coding	KIF2C
ENSG00000165487.14|3612|MICU2|protein_coding	MICU2
ENSG00000235376.5|2130|RPEL1|protein_coding	RPEL1
ENSG00000183208.13|5766|GDPGP1|protein_coding	GDPGP1
ENSG00000149201.10|4544|CCDC81|protein_coding	CCDC81
ENSG00000089091.16|6619|DZANK1|protein_coding	DZANK1
ENSG00000185269.12|2913|NOTUM|protein_coding	NOTUM
ENSG00000162419.13|6413|GMEB1|protein_coding	GMEB1
ENSG00000185614.7|1033|INKA1|protein_coding	INKA1
ENSG00000197965.12|7069|MPZL1|protein_coding	MPZL1
ENSG00000116833.14|7543|NR5A2|protein_coding	NR5A2
ENSG00000196778.4|5456|OR52K1|protein_coding	OR52K1
ENSG00000135702.15|3554|CHST5|protein_coding	CHST5
ENSG00000143493.13|5326|INTS7|protein_coding	INTS7
ENSG00000149131.17|7231|SERPING1|protein_coding	SERPING1
ENSG00000032742.18|6049|IFT88|protein_coding	IFT88
ENSG00000086666.19|5153|ZFAND6|protein_coding	ZFAND6
ENSG00000168566.13|5837|SNRNP48|protein_coding	SNRNP48
ENSG00000092421.17|10906|SEMA6A|protein_coding	SEMA6A
ENSG00000176531.10|4553|PHLDB3|protein_coding	PHLDB3
ENSG00000105559.12|3836|PLEKHA4|protein_coding	PLEKHA4
ENSG00000165300.8|21942|SLITRK5|protein_coding	SLITRK5
ENSG00000137948.19|4635|BRDT|protein_coding	BRDT
ENSG00000197561.7|1028|ELANE|protein_coding	ELANE
ENSG00000181458.10|6005|TMEM45A|protein_coding	TMEM45A
ENSG00000047579.20|3046|DTNBP1|protein_coding	DTNBP1
ENSG00000198547.10|5890|C20orf203|protein_coding	C20orf203
ENSG00000248713.2|10451|C4orf54|protein_coding	C4orf54
ENSG00000250305.9|14669|TRMT9B|protein_coding	TRMT9B
ENSG00000122642.11|5169|FKBP9|protein_coding	FKBP9
ENSG00000156140.10|7007|ADAMTS3|protein_coding	ADAMTS3
ENSG00000139767.10|12227|SRRM4|protein_coding	SRRM4
ENSG00000179058.7|3506|C9orf50|protein_coding	C9orf50
ENSG00000141639.12|7594|MAPK4|protein_coding	MAPK4
ENSG00000184697.7|1739|CLDN6|protein_coding	CLDN6
ENSG00000258790.1|3857|RP11-561B11.2|protein_coding	RP11-561B11.2
ENSG00000110455.14|5841|ACCS|protein_coding	ACCS
ENSG00000215474.8|4151|SKOR2|protein_coding	SKOR2
ENSG00000204967.12|13443|PCDHA4|protein_coding	PCDHA4
ENSG00000101417.12|5719|PXMP4|protein_coding	PXMP4
ENSG00000134121.10|11694|CHL1|protein_coding	CHL1
ENSG00000277443.3|4296|MARCKS|protein_coding	MARCKS
ENSG00000198692.10|4023|EIF1AY|protein_coding	EIF1AY
ENSG00000179455.10|7123|MKRN3|protein_coding	MKRN3
ENSG00000164054.16|4416|SHISA5|protein_coding	SHISA5
ENSG00000133488.15|2635|SEC14L4|protein_coding	SEC14L4
ENSG00000229676.3|4246|ZNF492|protein_coding	ZNF492
ENSG00000151445.16|3695|VIPAS39|protein_coding	VIPAS39
ENSG00000149292.17|5247|TTC12|protein_coding	TTC12
ENSG00000108375.13|6329|RNF43|protein_coding	RNF43
ENSG00000177992.10|4431|SPATA31E1|protein_coding	SPATA31E1
ENSG00000182871.16|8464|COL18A1|protein_coding	COL18A1
ENSG00000139350.12|4465|NEDD1|protein_coding	NEDD1
ENSG00000184347.15|14270|SLIT3|protein_coding	SLIT3
ENSG00000160111.15|10195|CPAMD8|protein_coding	CPAMD8
ENSG00000129824.16|2159|RPS4Y1|protein_coding	RPS4Y1
ENSG00000162981.14|8365|LRATD1|protein_coding	LRATD1
ENSG00000135823.14|6477|STX6|protein_coding	STX6
ENSG00000141540.11|5318|TTYH2|protein_coding	TTYH2
ENSG00000115661.14|4368|STK16|protein_coding	STK16
ENSG00000119973.6|5506|PRLHR|protein_coding	PRLHR
ENSG00000185561.10|5884|TLCD2|protein_coding	TLCD2
ENSG00000037637.11|9009|FBXO42|protein_coding	FBXO42
ENSG00000105664.11|3092|COMP|protein_coding	COMP
ENSG00000112294.14|7563|ALDH5A1|protein_coding	ALDH5A1
ENSG00000172731.15|3625|LRRC20|protein_coding	LRRC20
ENSG00000116266.11|5892|STXBP3|protein_coding	STXBP3
ENSG00000163002.13|4025|NUP35|protein_coding	NUP35
ENSG00000105926.16|9369|MPP6|protein_coding	MPP6
ENSG00000003989.18|7905|SLC7A2|protein_coding	SLC7A2
ENSG00000183960.9|6088|KCNH8|protein_coding	KCNH8
ENSG00000134285.11|4957|FKBP11|protein_coding	FKBP11
ENSG00000164897.14|1963|TMUB1|protein_coding	TMUB1
ENSG00000084453.17|11524|SLCO1A2|protein_coding	SLCO1A2
ENSG00000153233.13|5037|PTPRR|protein_coding	PTPRR
ENSG00000255408.4|7463|PCDHA3|protein_coding	PCDHA3
ENSG00000136872.20|3904|ALDOB|protein_coding	ALDOB
ENSG00000143603.19|13599|KCNN3|protein_coding	KCNN3
ENSG00000140557.12|5850|ST8SIA2|protein_coding	ST8SIA2
ENSG00000171873.8|3004|ADRA1D|protein_coding	ADRA1D
ENSG00000054148.18|1612|PHPT1|protein_coding	PHPT1
ENSG00000161542.17|6747|PRPSAP1|protein_coding	PRPSAP1
ENSG00000037965.6|2417|HOXC8|protein_coding	HOXC8
ENSG00000283486.2|3936|FAM95C|protein_coding	FAM95C
ENSG00000260458.3|2196|KCNJ18|protein_coding	KCNJ18
ENSG00000116580.19|11970|GON4L|protein_coding	GON4L
ENSG00000132975.8|5299|GPR12|protein_coding	GPR12
ENSG00000165275.10|2866|TRMT10B|protein_coding	TRMT10B
ENSG00000036672.16|4523|USP2|protein_coding	USP2
ENSG00000127527.14|8431|EPS15L1|protein_coding	EPS15L1
ENSG00000125618.18|7371|PAX8|protein_coding	PAX8
ENSG00000134294.14|6509|SLC38A2|protein_coding	SLC38A2
ENSG00000258405.11|6802|ZNF578|protein_coding	ZNF578
ENSG00000121075.11|3996|TBX4|protein_coding	TBX4
ENSG00000132199.20|11390|ENOSF1|protein_coding	ENOSF1
ENSG00000269190.6|4792|FBXO17|protein_coding	FBXO17
ENSG00000141622.14|11419|RNF165|protein_coding	RNF165
ENSG00000186907.8|2408|RTN4RL2|protein_coding	RTN4RL2
ENSG00000155886.11|10749|SLC24A2|protein_coding	SLC24A2
ENSG00000132514.14|2469|CLEC10A|protein_coding	CLEC10A
ENSG00000178951.9|6740|ZBTB7A|protein_coding	ZBTB7A
ENSG00000134574.12|4842|DDB2|protein_coding	DDB2
ENSG00000164509.16|11428|IL31RA|protein_coding	IL31RA
ENSG00000054965.11|7887|FAM168A|protein_coding	FAM168A
ENSG00000127124.16|14625|HIVEP3|protein_coding	HIVEP3
ENSG00000125848.10|5191|FLRT3|protein_coding	FLRT3
ENSG00000147573.17|3079|TRIM55|protein_coding	TRIM55
ENSG00000163535.18|6336|SGO2|protein_coding	SGO2
ENSG00000143469.20|13977|SYT14|protein_coding	SYT14
ENSG00000143179.16|6984|UCK2|protein_coding	UCK2
ENSG00000237440.9|8978|ZNF737|protein_coding	ZNF737
ENSG00000128602.11|4750|SMO|protein_coding	SMO
ENSG00000124588.22|2426|NQO2|protein_coding	NQO2
ENSG00000072609.18|17113|CHFR|protein_coding	CHFR
ENSG00000185222.10|1974|TCEAL9|protein_coding	TCEAL9
ENSG00000119772.18|13782|DNMT3A|protein_coding	DNMT3A
ENSG00000143257.12|3247|NR1I3|protein_coding	NR1I3
ENSG00000100473.18|4031|COCH|protein_coding	COCH
ENSG00000079931.15|5223|MOXD1|protein_coding	MOXD1
ENSG00000091073.20|5042|DTX2|protein_coding	DTX2
ENSG00000111727.12|6699|HCFC2|protein_coding	HCFC2
ENSG00000141519.15|9961|CCDC40|protein_coding	CCDC40
ENSG00000105464.4|5511|GRIN2D|protein_coding	GRIN2D
ENSG00000077800.13|4746|FKBP6|protein_coding	FKBP6
ENSG00000105085.11|5328|MED26|protein_coding	MED26
ENSG00000182196.14|2781|ARL6IP4|protein_coding	ARL6IP4
ENSG00000005108.16|10921|THSD7A|protein_coding	THSD7A
ENSG00000144893.12|12619|MED12L|protein_coding	MED12L
ENSG00000086200.17|7540|IPO11|protein_coding	IPO11
ENSG00000196083.10|11558|IL1RAP|protein_coding	IL1RAP
ENSG00000091622.16|10671|PITPNM3|protein_coding	PITPNM3
ENSG00000113645.15|10082|WWC1|protein_coding	WWC1
ENSG00000174446.13|2476|SNAPC5|protein_coding	SNAPC5
ENSG00000280893.1|2252|AC009133.23|protein_coding	AC009133.23
ENSG00000198912.12|4883|C1orf174|protein_coding	C1orf174
ENSG00000173285.5|3936|OR10K1|protein_coding	OR10K1
ENSG00000100625.9|6771|SIX4|protein_coding	SIX4
ENSG00000172375.14|9216|C2CD2L|protein_coding	C2CD2L
ENSG00000185420.19|5866|SMYD3|protein_coding	SMYD3
ENSG00000095397.16|5704|WHRN|protein_coding	WHRN
ENSG00000105143.13|7647|SLC1A6|protein_coding	SLC1A6
ENSG00000203780.12|3359|FANK1|protein_coding	FANK1
ENSG00000066279.19|11994|ASPM|protein_coding	ASPM
ENSG00000264522.6|12227|OTUD7B|protein_coding	OTUD7B
ENSG00000186889.10|2985|TMEM17|protein_coding	TMEM17
ENSG00000111445.14|3249|RFC5|protein_coding	RFC5
ENSG00000184672.12|4538|RALYL|protein_coding	RALYL
ENSG00000171401.15|2913|KRT13|protein_coding	KRT13
ENSG00000164588.8|13755|HCN1|protein_coding	HCN1
ENSG00000163803.13|8603|PLB1|protein_coding	PLB1
ENSG00000135775.14|10946|COG2|protein_coding	COG2
ENSG00000146021.15|11853|KLHL3|protein_coding	KLHL3
ENSG00000197106.7|6636|SLC6A17|protein_coding	SLC6A17
ENSG00000115761.16|3836|NOL10|protein_coding	NOL10
ENSG00000140254.13|3722|DUOXA1|protein_coding	DUOXA1
ENSG00000172264.18|11428|MACROD2|protein_coding	MACROD2
ENSG00000110448.11|3127|CD5|protein_coding	CD5
ENSG00000010030.14|2374|ETV7|protein_coding	ETV7
ENSG00000235007.3|4324|RP11-344B5.6|protein_coding	RP11-344B5.6
ENSG00000042980.13|9318|ADAM28|protein_coding	ADAM28
ENSG00000100116.17|2102|GCAT|protein_coding	GCAT
ENSG00000172742.6|6274|OR4D9|protein_coding	OR4D9
ENSG00000184384.14|7124|MAML2|protein_coding	MAML2
ENSG00000164610.10|5745|RP9|protein_coding	RP9
ENSG00000123342.16|4672|MMP19|protein_coding	MMP19
ENSG00000136878.14|5511|USP20|protein_coding	USP20
ENSG00000162227.8|3095|TAF6L|protein_coding	TAF6L
ENSG00000175497.17|10033|DPP10|protein_coding	DPP10
ENSG00000143340.6|2909|FAM163A|protein_coding	FAM163A
ENSG00000102710.20|10933|SUPT20H|protein_coding	SUPT20H
ENSG00000136928.7|7343|GABBR2|protein_coding	GABBR2
ENSG00000116731.22|10923|PRDM2|protein_coding	PRDM2
ENSG00000240184.7|5430|PCDHGC3|protein_coding	PCDHGC3
ENSG00000132005.9|5473|RFX1|protein_coding	RFX1
ENSG00000119943.13|3865|PYROXD2|protein_coding	PYROXD2
ENSG00000165801.10|8194|ARHGEF40|protein_coding	ARHGEF40
ENSG00000100596.7|9007|SPTLC2|protein_coding	SPTLC2
ENSG00000168490.14|3931|PHYHIP|protein_coding	PHYHIP
ENSG00000171246.6|7020|NPTX1|protein_coding	NPTX1
ENSG00000120688.9|2388|WBP4|protein_coding	WBP4
ENSG00000179002.5|2542|TAS1R2|protein_coding	TAS1R2
ENSG00000284770.2|12444|TBCE|protein_coding	TBCE
ENSG00000132964.12|3538|CDK8|protein_coding	CDK8
ENSG00000073734.10|7715|ABCB11|protein_coding	ABCB11
ENSG00000181722.17|32008|ZBTB20|protein_coding	ZBTB20
ENSG00000006118.15|7274|TMEM132A|protein_coding	TMEM132A
ENSG00000142319.18|4467|SLC6A3|protein_coding	SLC6A3
ENSG00000178814.17|4441|OPLAH|protein_coding	OPLAH
ENSG00000112200.17|16414|ZNF451|protein_coding	ZNF451
ENSG00000163785.13|8162|RYK|protein_coding	RYK
ENSG00000165061.15|3691|ZMAT4|protein_coding	ZMAT4
ENSG00000172995.17|10156|ARPP21|protein_coding	ARPP21
ENSG00000178573.7|6999|MAF|protein_coding	MAF
ENSG00000131626.19|11714|PPFIA1|protein_coding	PPFIA1
ENSG00000159307.19|12122|SCUBE1|protein_coding	SCUBE1
ENSG00000103485.19|3680|QPRT|protein_coding	QPRT
ENSG00000213694.6|13702|S1PR3|protein_coding	S1PR3
ENSG00000166405.15|7694|RIC3|protein_coding	RIC3
ENSG00000102452.18|19444|NALCN|protein_coding	NALCN
ENSG00000102595.20|8105|UGGT2|protein_coding	UGGT2
ENSG00000074935.14|7087|TUBE1|protein_coding	TUBE1
ENSG00000272602.6|3929|ZNF595|protein_coding	ZNF595
ENSG00000165409.18|9913|TSHR|protein_coding	TSHR
ENSG00000172830.13|3611|SSH3|protein_coding	SSH3
ENSG00000103061.13|5230|SLC7A6OS|protein_coding	SLC7A6OS
ENSG00000197467.17|11509|COL13A1|protein_coding	COL13A1
ENSG00000174482.10|3480|LINGO2|protein_coding	LINGO2
ENSG00000142621.20|13247|FHAD1|protein_coding	FHAD1
ENSG00000153234.15|3963|NR4A2|protein_coding	NR4A2
ENSG00000169071.15|5880|ROR2|protein_coding	ROR2
ENSG00000154582.17|4934|ELOC|protein_coding	ELOC
ENSG00000104833.12|3220|TUBB4A|protein_coding	TUBB4A
ENSG00000174021.11|1128|GNG5|protein_coding	GNG5
ENSG00000112419.14|11224|PHACTR2|protein_coding	PHACTR2
ENSG00000168724.17|9556|DNAJC21|protein_coding	DNAJC21
ENSG00000149930.18|8831|TAOK2|protein_coding	TAOK2
ENSG00000169126.16|6329|ODAD2|protein_coding	ODAD2
ENSG00000204977.10|8096|TRIM13|protein_coding	TRIM13
ENSG00000111845.5|1523|PAK1IP1|protein_coding	PAK1IP1
ENSG00000278129.2|9110|ZNF8|protein_coding	ZNF8
ENSG00000165891.16|6291|E2F7|protein_coding	E2F7
ENSG00000163626.17|6976|COX18|protein_coding	COX18
ENSG00000135094.11|3005|SDS|protein_coding	SDS
ENSG00000155066.16|6067|PROM2|protein_coding	PROM2
ENSG00000071243.16|5200|ING3|protein_coding	ING3
ENSG00000241935.9|4148|HOGA1|protein_coding	HOGA1
ENSG00000067533.6|7877|RRP15|protein_coding	RRP15
ENSG00000121207.12|7535|LRAT|protein_coding	LRAT
ENSG00000140839.12|3151|CLEC18B|protein_coding	CLEC18B
ENSG00000137672.13|5616|TRPC6|protein_coding	TRPC6
ENSG00000165521.15|11000|EML5|protein_coding	EML5
ENSG00000009950.16|4815|MLXIPL|protein_coding	MLXIPL
ENSG00000083896.13|7033|YTHDC1|protein_coding	YTHDC1
ENSG00000164073.11|8849|MFSD8|protein_coding	MFSD8
ENSG00000118492.18|7771|ADGB|protein_coding	ADGB
ENSG00000118369.13|5754|USP35|protein_coding	USP35
ENSG00000178921.14|6471|PFAS|protein_coding	PFAS
ENSG00000157214.14|8720|STEAP2|protein_coding	STEAP2
ENSG00000139132.16|11445|FGD4|protein_coding	FGD4
ENSG00000179111.9|1880|HES7|protein_coding	HES7
ENSG00000073050.12|2745|XRCC1|protein_coding	XRCC1
ENSG00000125482.13|3215|TTF1|protein_coding	TTF1
ENSG00000148082.10|9980|SHC3|protein_coding	SHC3
ENSG00000102786.15|25509|INTS6|protein_coding	INTS6
ENSG00000170006.12|11438|TMEM154|protein_coding	TMEM154
ENSG00000140443.15|13941|IGF1R|protein_coding	IGF1R
ENSG00000104859.15|4926|CLASRP|protein_coding	CLASRP
ENSG00000103591.13|4138|AAGAB|protein_coding	AAGAB
ENSG00000168878.19|4110|SFTPB|protein_coding	SFTPB
ENSG00000179088.15|4866|C12orf42|protein_coding	C12orf42
ENSG00000126522.17|6031|ASL|protein_coding	ASL
ENSG00000007545.16|8596|CRAMP1|protein_coding	CRAMP1
ENSG00000051620.11|10352|HEBP2|protein_coding	HEBP2
ENSG00000180071.20|5239|ANKRD18A|protein_coding	ANKRD18A
ENSG00000100902.11|6506|PSMA6|protein_coding	PSMA6
ENSG00000171475.14|8123|WIPF2|protein_coding	WIPF2
ENSG00000198720.13|4307|ANKRD13B|protein_coding	ANKRD13B
ENSG00000146243.14|7463|IRAK1BP1|protein_coding	IRAK1BP1
ENSG00000084444.14|6710|FAM234B|protein_coding	FAM234B
ENSG00000139372.15|4885|TDG|protein_coding	TDG
ENSG00000163006.12|5796|CCDC138|protein_coding	CCDC138
ENSG00000095906.17|4947|NUBP2|protein_coding	NUBP2
ENSG00000055118.17|7207|KCNH2|protein_coding	KCNH2
ENSG00000205363.7|7150|INSYN1|protein_coding	INSYN1
ENSG00000273777.5|2193|CEACAM20|protein_coding	CEACAM20
ENSG00000182752.10|11585|PAPPA|protein_coding	PAPPA
ENSG00000260220.7|11626|CCDC187|protein_coding	CCDC187
ENSG00000082293.13|11018|COL19A1|protein_coding	COL19A1
ENSG00000104886.12|4655|PLEKHJ1|protein_coding	PLEKHJ1
ENSG00000185499.16|4717|MUC1|protein_coding	MUC1
ENSG00000166049.11|4376|PASD1|protein_coding	PASD1
ENSG00000164062.13|4425|APEH|protein_coding	APEH
ENSG00000152348.16|5445|ATG10|protein_coding	ATG10
ENSG00000188868.14|2847|ZNF563|protein_coding	ZNF563
ENSG00000158748.4|3800|HTR6|protein_coding	HTR6
ENSG00000099284.15|14988|MACROH2A2|protein_coding	MACROH2A2
ENSG00000163485.17|4191|ADORA1|protein_coding	ADORA1
ENSG00000171914.16|16209|TLN2|protein_coding	TLN2
ENSG00000116717.13|1925|GADD45A|protein_coding	GADD45A
ENSG00000105778.19|14762|AVL9|protein_coding	AVL9
ENSG00000198431.16|6710|TXNRD1|protein_coding	TXNRD1
ENSG00000171180.3|5934|OR2M4|protein_coding	OR2M4
ENSG00000161267.12|11814|BDH1|protein_coding	BDH1
ENSG00000284341.1|989|RP11-229P13.28|protein_coding	RP11-229P13.28
ENSG00000151948.12|3478|GLT1D1|protein_coding	GLT1D1
ENSG00000106327.13|5065|TFR2|protein_coding	TFR2
ENSG00000204160.12|5460|ZDHHC18|protein_coding	ZDHHC18
ENSG00000182379.10|2151|NXPH4|protein_coding	NXPH4
ENSG00000255154.9|3738|HTD2|protein_coding	HTD2
ENSG00000187889.13|4648|FYB2|protein_coding	FYB2
ENSG00000122490.19|5218|SLC66A2|protein_coding	SLC66A2
ENSG00000135116.9|6853|HRK|protein_coding	HRK
ENSG00000153774.9|3335|CFDP1|protein_coding	CFDP1
ENSG00000106080.11|5344|FKBP14|protein_coding	FKBP14
ENSG00000127530.4|12208|OR7C1|protein_coding	OR7C1
ENSG00000130733.11|2518|YIPF2|protein_coding	YIPF2
ENSG00000010219.13|7054|DYRK4|protein_coding	DYRK4
ENSG00000254221.3|4772|PCDHGB1|protein_coding	PCDHGB1
ENSG00000164307.13|7945|ERAP1|protein_coding	ERAP1
ENSG00000183347.15|4685|GBP6|protein_coding	GBP6
ENSG00000106460.19|13838|TMEM106B|protein_coding	TMEM106B
ENSG00000179168.15|2445|GGN|protein_coding	GGN
ENSG00000049541.11|2211|RFC2|protein_coding	RFC2
ENSG00000166833.22|15174|NAV2|protein_coding	NAV2
ENSG00000139546.11|4090|TARBP2|protein_coding	TARBP2
ENSG00000126814.7|5514|TRMT5|protein_coding	TRMT5
ENSG00000169855.20|11059|ROBO1|protein_coding	ROBO1
ENSG00000133742.14|4068|CA1|protein_coding	CA1
ENSG00000051523.11|3253|CYBA|protein_coding	CYBA
ENSG00000140650.13|12581|PMM2|protein_coding	PMM2
ENSG00000176102.13|4513|CSTF3|protein_coding	CSTF3
ENSG00000132680.11|5646|KHDC4|protein_coding	KHDC4
ENSG00000159496.15|4715|RGL4|protein_coding	RGL4
ENSG00000122378.14|6520|PRXL2A|protein_coding	PRXL2A
ENSG00000100104.13|4319|SRRD|protein_coding	SRRD
ENSG00000157212.19|9683|PAXIP1|protein_coding	PAXIP1
ENSG00000166347.19|9271|CYB5A|protein_coding	CYB5A
ENSG00000187942.12|4494|LDLRAD2|protein_coding	LDLRAD2
ENSG00000250423.2|7824|KIAA1210|protein_coding	KIAA1210
ENSG00000196363.10|3635|WDR5|protein_coding	WDR5
ENSG00000145936.9|6036|KCNMB1|protein_coding	KCNMB1
ENSG00000128604.20|4543|IRF5|protein_coding	IRF5
ENSG00000242515.5|3157|UGT1A10|protein_coding	UGT1A10
ENSG00000131351.15|5533|HAUS8|protein_coding	HAUS8
ENSG00000169764.16|6791|UGP2|protein_coding	UGP2
ENSG00000198707.17|25131|CEP290|protein_coding	CEP290
ENSG00000187021.15|4986|PNLIPRP1|protein_coding	PNLIPRP1
ENSG00000078140.14|5180|UBE2K|protein_coding	UBE2K
ENSG00000227500.10|6795|SCAMP4|protein_coding	SCAMP4
ENSG00000162438.12|3483|CTRC|protein_coding	CTRC
ENSG00000171823.7|2703|FBXL14|protein_coding	FBXL14
ENSG00000183520.12|3381|UTP11|protein_coding	UTP11
ENSG00000180304.14|7671|OAZ2|protein_coding	OAZ2
ENSG00000151079.7|4237|KCNA6|protein_coding	KCNA6
ENSG00000184925.12|2862|LCN12|protein_coding	LCN12
ENSG00000173898.15|12609|SPTBN2|protein_coding	SPTBN2
ENSG00000146282.18|2969|RARS2|protein_coding	RARS2
ENSG00000117682.17|5608|DHDDS|protein_coding	DHDDS
ENSG00000189144.15|4689|ZNF573|protein_coding	ZNF573
ENSG00000140937.14|13275|CDH11|protein_coding	CDH11
ENSG00000063438.20|9480|AHRR|protein_coding	AHRR
ENSG00000181773.7|2137|GPR3|protein_coding	GPR3
ENSG00000074706.13|8474|IPCEF1|protein_coding	IPCEF1
ENSG00000126088.14|4029|UROD|protein_coding	UROD
ENSG00000286022.1|2857|RP4-816K17.2|protein_coding	RP4-816K17.2
ENSG00000064933.18|5454|PMS1|protein_coding	PMS1
ENSG00000115896.16|8122|PLCL1|protein_coding	PLCL1
ENSG00000115687.14|10665|PASK|protein_coding	PASK
ENSG00000196678.14|6761|ERI2|protein_coding	ERI2
ENSG00000107789.16|3017|MINPP1|protein_coding	MINPP1
ENSG00000188523.9|2149|CFAP77|protein_coding	CFAP77
ENSG00000171759.10|7378|PAH|protein_coding	PAH
ENSG00000197816.16|14382|CCDC180|protein_coding	CCDC180
ENSG00000185352.9|8538|HS6ST3|protein_coding	HS6ST3
ENSG00000084110.11|5146|HAL|protein_coding	HAL
ENSG00000081479.15|16109|LRP2|protein_coding	LRP2
ENSG00000164687.11|1904|FABP5|protein_coding	FABP5
ENSG00000166263.13|18055|STXBP4|protein_coding	STXBP4
ENSG00000080822.17|5210|CLDND1|protein_coding	CLDND1
ENSG00000136931.10|3412|NR5A1|protein_coding	NR5A1
ENSG00000137821.12|9992|LRRC49|protein_coding	LRRC49
ENSG00000169629.12|8609|RGPD8|protein_coding	RGPD8
ENSG00000203697.12|5174|CAPN8|protein_coding	CAPN8
ENSG00000143858.12|7811|SYT2|protein_coding	SYT2
ENSG00000178078.12|2766|STAP2|protein_coding	STAP2
ENSG00000145439.12|5110|CBR4|protein_coding	CBR4
ENSG00000177054.14|7759|ZDHHC13|protein_coding	ZDHHC13
ENSG00000213024.12|6020|NUP62|protein_coding	NUP62
ENSG00000057252.13|7005|SOAT1|protein_coding	SOAT1
ENSG00000197757.8|3458|HOXC6|protein_coding	HOXC6
ENSG00000178502.6|7402|KLHL11|protein_coding	KLHL11
ENSG00000248098.12|2251|BCKDHA|protein_coding	BCKDHA
ENSG00000107317.13|2712|PTGDS|protein_coding	PTGDS
ENSG00000186191.9|2815|BPIFB4|protein_coding	BPIFB4
ENSG00000089234.16|4656|BRAP|protein_coding	BRAP
ENSG00000162129.14|12428|CLPB|protein_coding	CLPB
ENSG00000165762.3|8694|OR4K2|protein_coding	OR4K2
ENSG00000109944.11|8589|JHY|protein_coding	JHY
ENSG00000189157.14|9511|FAM47E|protein_coding	FAM47E
ENSG00000181192.12|5295|DHTKD1|protein_coding	DHTKD1
ENSG00000171310.11|6492|CHST11|protein_coding	CHST11
ENSG00000187048.13|3890|CYP4A11|protein_coding	CYP4A11
ENSG00000070423.18|3452|RNF126|protein_coding	RNF126
ENSG00000174473.16|9242|GALNTL6|protein_coding	GALNTL6
ENSG00000110046.13|7833|ATG2A|protein_coding	ATG2A
ENSG00000105605.8|2866|CACNG7|protein_coding	CACNG7
ENSG00000100106.22|12189|TRIOBP|protein_coding	TRIOBP
ENSG00000138399.18|5692|FASTKD1|protein_coding	FASTKD1
ENSG00000148702.15|3630|HABP2|protein_coding	HABP2
ENSG00000113648.16|17730|MACROH2A1|protein_coding	MACROH2A1
ENSG00000053918.18|4420|KCNQ1|protein_coding	KCNQ1
ENSG00000077942.19|7285|FBLN1|protein_coding	FBLN1
ENSG00000135426.16|5044|TESPA1|protein_coding	TESPA1
ENSG00000155816.21|18429|FMN2|protein_coding	FMN2
ENSG00000166147.15|18525|FBN1|protein_coding	FBN1
ENSG00000198792.13|7056|TMEM184B|protein_coding	TMEM184B
ENSG00000137142.5|3566|IGFBPL1|protein_coding	IGFBPL1
ENSG00000173976.16|2421|RAX2|protein_coding	RAX2
ENSG00000129195.16|2797|PIMREG|protein_coding	PIMREG
ENSG00000214652.6|8478|ZNF727|protein_coding	ZNF727
ENSG00000169871.13|11131|TRIM56|protein_coding	TRIM56
ENSG00000221932.6|1434|HEPN1|protein_coding	HEPN1
ENSG00000174450.12|3499|GOLGA6L2|protein_coding	GOLGA6L2
ENSG00000174173.7|1882|TRMT10C|protein_coding	TRMT10C
ENSG00000182326.15|6462|C1S|protein_coding	C1S
ENSG00000158545.16|8624|ZC3H18|protein_coding	ZC3H18
ENSG00000169752.17|5020|NRG4|protein_coding	NRG4
ENSG00000277322.1|4013|GOLGA6L6|protein_coding	GOLGA6L6
ENSG00000148296.7|4414|SURF6|protein_coding	SURF6
ENSG00000196632.10|11472|WNK3|protein_coding	WNK3
ENSG00000182973.19|4846|CNOT10|protein_coding	CNOT10
ENSG00000049883.15|12115|PTCD2|protein_coding	PTCD2
ENSG00000006016.12|2967|CRLF1|protein_coding	CRLF1
ENSG00000133083.15|14451|DCLK1|protein_coding	DCLK1
ENSG00000121454.6|6085|LHX4|protein_coding	LHX4
ENSG00000204954.10|4435|C12orf73|protein_coding	C12orf73
ENSG00000074219.14|2980|TEAD2|protein_coding	TEAD2
ENSG00000108018.16|10136|SORCS1|protein_coding	SORCS1
ENSG00000164040.18|4626|PGRMC2|protein_coding	PGRMC2
ENSG00000143748.18|4615|NVL|protein_coding	NVL
ENSG00000239306.5|6480|RBM14|protein_coding	RBM14
ENSG00000197093.11|3264|GAL3ST4|protein_coding	GAL3ST4
ENSG00000102271.14|6158|KLHL4|protein_coding	KLHL4
ENSG00000181072.12|8339|CHRM2|protein_coding	CHRM2
ENSG00000139910.20|10328|NOVA1|protein_coding	NOVA1
ENSG00000276043.5|5145|UHRF1|protein_coding	UHRF1
ENSG00000100426.7|6893|ZBED4|protein_coding	ZBED4
ENSG00000006638.13|2827|TBXA2R|protein_coding	TBXA2R
ENSG00000154265.16|13158|ABCA5|protein_coding	ABCA5
ENSG00000134138.20|10817|MEIS2|protein_coding	MEIS2
ENSG00000101438.4|2550|SLC32A1|protein_coding	SLC32A1
ENSG00000151413.17|7590|NUBPL|protein_coding	NUBPL
ENSG00000125510.18|3640|OPRL1|protein_coding	OPRL1
ENSG00000188738.15|23585|FSIP2|protein_coding	FSIP2
ENSG00000215915.10|3981|ATAD3C|protein_coding	ATAD3C
ENSG00000129910.8|4647|CDH15|protein_coding	CDH15
ENSG00000123415.16|6027|SMUG1|protein_coding	SMUG1
ENSG00000177990.12|5611|DPY19L2|protein_coding	DPY19L2
ENSG00000093009.11|2978|CDC45|protein_coding	CDC45
ENSG00000165912.16|2755|PACSIN3|protein_coding	PACSIN3
ENSG00000158158.12|5088|CNNM4|protein_coding	CNNM4
ENSG00000115598.10|2611|IL1RL2|protein_coding	IL1RL2
ENSG00000221829.10|3540|FANCG|protein_coding	FANCG
ENSG00000182983.15|6352|ZNF662|protein_coding	ZNF662
ENSG00000152439.13|8141|ZNF773|protein_coding	ZNF773
ENSG00000140829.12|6310|DHX38|protein_coding	DHX38
ENSG00000285827.1|6447|RP11-770J1.8|protein_coding	RP11-770J1.8
ENSG00000144724.20|14625|PTPRG|protein_coding	PTPRG
ENSG00000134627.12|4498|PIWIL4|protein_coding	PIWIL4
ENSG00000178917.17|4478|ZNF852|protein_coding	ZNF852
ENSG00000100147.14|7135|CCDC134|protein_coding	CCDC134
ENSG00000177191.2|1874|B3GNT8|protein_coding	B3GNT8
ENSG00000116183.11|10926|PAPPA2|protein_coding	PAPPA2
ENSG00000178726.7|4040|THBD|protein_coding	THBD
ENSG00000130150.12|5676|MOSPD2|protein_coding	MOSPD2
ENSG00000121289.18|9233|CEP89|protein_coding	CEP89
ENSG00000091513.16|26038|TF|protein_coding	TF
ENSG00000109684.15|6109|CLNK|protein_coding	CLNK
ENSG00000134242.16|4497|PTPN22|protein_coding	PTPN22
ENSG00000173917.11|2456|HOXB2|protein_coding	HOXB2
ENSG00000107249.24|15467|GLIS3|protein_coding	GLIS3
ENSG00000105669.14|2875|COPE|protein_coding	COPE
ENSG00000106526.11|6460|ACTR3C|protein_coding	ACTR3C
ENSG00000096696.15|13340|DSP|protein_coding	DSP
ENSG00000284554.2|2121|CTA-150C2.22|protein_coding	CTA-150C2.22
ENSG00000182858.14|5330|ALG12|protein_coding	ALG12
ENSG00000103226.19|12002|NOMO3|protein_coding	NOMO3
ENSG00000105497.8|7413|ZNF175|protein_coding	ZNF175
ENSG00000135409.11|3656|AMHR2|protein_coding	AMHR2
ENSG00000123268.9|2830|ATF1|protein_coding	ATF1
ENSG00000110077.15|5547|MS4A6A|protein_coding	MS4A6A
ENSG00000135374.11|4913|ELF5|protein_coding	ELF5
ENSG00000168395.16|10259|ING5|protein_coding	ING5
ENSG00000177239.16|10873|MAN1B1|protein_coding	MAN1B1
ENSG00000164099.3|5725|PRSS12|protein_coding	PRSS12
ENSG00000196498.13|13975|NCOR2|protein_coding	NCOR2
ENSG00000187257.16|7190|RSBN1L|protein_coding	RSBN1L
ENSG00000175857.9|3273|GAPT|protein_coding	GAPT
ENSG00000075213.11|9259|SEMA3A|protein_coding	SEMA3A
ENSG00000151062.15|7463|CACNA2D4|protein_coding	CACNA2D4
ENSG00000124493.14|16302|GRM4|protein_coding	GRM4
ENSG00000022840.17|5900|RNF10|protein_coding	RNF10
ENSG00000119446.14|5196|RBM18|protein_coding	RBM18
ENSG00000113494.17|13006|PRLR|protein_coding	PRLR
ENSG00000086205.18|5335|FOLH1|protein_coding	FOLH1
ENSG00000146216.13|10231|TTBK1|protein_coding	TTBK1
ENSG00000226887.8|4022|ERVMER34-1|protein_coding	ERVMER34-1
ENSG00000088970.16|5207|KIZ|protein_coding	KIZ
ENSG00000170801.10|3319|HTRA3|protein_coding	HTRA3
ENSG00000149054.16|5968|ZNF215|protein_coding	ZNF215
ENSG00000146755.11|2493|TRIM50|protein_coding	TRIM50
ENSG00000134330.19|5901|IAH1|protein_coding	IAH1
ENSG00000174586.11|3897|ZNF497|protein_coding	ZNF497
ENSG00000276203.5|9226|ANKRD20A3P|protein_coding	ANKRD20A3P
ENSG00000204956.6|6303|PCDHGA1|protein_coding	PCDHGA1
ENSG00000167302.11|4762|TEPSIN|protein_coding	TEPSIN
ENSG00000185640.6|2560|KRT79|protein_coding	KRT79
ENSG00000214367.9|10300|HAUS3|protein_coding	HAUS3
ENSG00000198673.11|9172|TAFA2|protein_coding	TAFA2
ENSG00000080224.17|6291|EPHA6|protein_coding	EPHA6
ENSG00000162614.19|4436|NEXN|protein_coding	NEXN
ENSG00000117724.13|11673|CENPF|protein_coding	CENPF
ENSG00000061987.16|16014|MON2|protein_coding	MON2
ENSG00000288654.1|78|RP11-159G9.5|protein_coding	RP11-159G9.5
ENSG00000175264.8|4666|CHST1|protein_coding	CHST1
ENSG00000117899.11|7455|MESD|protein_coding	MESD
ENSG00000185475.11|1504|TMEM179B|protein_coding	TMEM179B
ENSG00000106125.14|7336|MINDY4|protein_coding	MINDY4
ENSG00000147324.11|6868|MFHAS1|protein_coding	MFHAS1
ENSG00000164690.8|5234|SHH|protein_coding	SHH
ENSG00000112425.16|18282|EPM2A|protein_coding	EPM2A
ENSG00000174307.7|3243|PHLDA3|protein_coding	PHLDA3
ENSG00000023041.12|9250|ZDHHC6|protein_coding	ZDHHC6
ENSG00000138079.14|6541|SLC3A1|protein_coding	SLC3A1
ENSG00000119650.13|4169|IFT43|protein_coding	IFT43
ENSG00000127564.17|4974|PKMYT1|protein_coding	PKMYT1
ENSG00000163520.14|4818|FBLN2|protein_coding	FBLN2
ENSG00000006652.15|7902|IFRD1|protein_coding	IFRD1
ENSG00000162426.16|2600|SLC45A1|protein_coding	SLC45A1
ENSG00000108055.10|5683|SMC3|protein_coding	SMC3
ENSG00000132300.19|10123|PTCD3|protein_coding	PTCD3
ENSG00000118113.12|3437|MMP8|protein_coding	MMP8
ENSG00000157985.19|13956|AGAP1|protein_coding	AGAP1
ENSG00000112333.12|3765|NR2E1|protein_coding	NR2E1
ENSG00000117625.14|9092|RCOR3|protein_coding	RCOR3
ENSG00000259417.3|6893|CTXND1|protein_coding	CTXND1
ENSG00000104231.11|4214|ZFAND1|protein_coding	ZFAND1
ENSG00000107443.16|4148|CCNJ|protein_coding	CCNJ
ENSG00000086598.11|3833|TMED2|protein_coding	TMED2
ENSG00000165264.11|1386|NDUFB6|protein_coding	NDUFB6
ENSG00000130764.10|4509|LRRC47|protein_coding	LRRC47
ENSG00000032444.17|7161|PNPLA6|protein_coding	PNPLA6
ENSG00000116663.11|1735|FBXO6|protein_coding	FBXO6
ENSG00000163288.14|2952|GABRB1|protein_coding	GABRB1
ENSG00000219545.12|3752|UMAD1|protein_coding	UMAD1
ENSG00000139579.13|2201|NABP2|protein_coding	NABP2
ENSG00000182580.3|4530|EPHB3|protein_coding	EPHB3
ENSG00000103043.15|8275|VAC14|protein_coding	VAC14
ENSG00000113209.9|3410|PCDHB5|protein_coding	PCDHB5
ENSG00000123572.17|9577|NRK|protein_coding	NRK
ENSG00000138622.4|6922|HCN4|protein_coding	HCN4
ENSG00000170417.16|6084|TMEM182|protein_coding	TMEM182
ENSG00000160957.14|4236|RECQL4|protein_coding	RECQL4
ENSG00000167757.14|3113|KLK11|protein_coding	KLK11
ENSG00000008118.10|3328|CAMK1G|protein_coding	CAMK1G
ENSG00000103037.12|7739|SETD6|protein_coding	SETD6
ENSG00000205758.12|6177|CRYZL1|protein_coding	CRYZL1
ENSG00000008128.23|5085|CDK11A|protein_coding	CDK11A
ENSG00000285791.1|4999|RP11-346I3.5|protein_coding	RP11-346I3.5
ENSG00000256407.2|3952|RP11-446E24.4|protein_coding	RP11-446E24.4
ENSG00000175352.11|4123|NRIP3|protein_coding	NRIP3
ENSG00000070010.19|8722|UFD1|protein_coding	UFD1
ENSG00000138777.20|4640|PPA2|protein_coding	PPA2
ENSG00000175084.13|2489|DES|protein_coding	DES
ENSG00000162873.15|3666|KLHDC8A|protein_coding	KLHDC8A
ENSG00000058453.17|8875|CROCC|protein_coding	CROCC
ENSG00000090316.16|9821|MAEA|protein_coding	MAEA
ENSG00000165028.12|5630|NIPSNAP3B|protein_coding	NIPSNAP3B
ENSG00000188610.12|3033|FAM72B|protein_coding	FAM72B
ENSG00000072071.16|8487|ADGRL1|protein_coding	ADGRL1
ENSG00000173714.8|3800|WFIKKN2|protein_coding	WFIKKN2
ENSG00000152558.15|4442|TMEM123|protein_coding	TMEM123
ENSG00000287908.1|3105|RP11-571M6.19|protein_coding	RP11-571M6.19
ENSG00000166986.15|7028|MARS1|protein_coding	MARS1
ENSG00000064195.7|2715|DLX3|protein_coding	DLX3
ENSG00000253117.5|1788|OC90|protein_coding	OC90
ENSG00000143147.15|11417|GPR161|protein_coding	GPR161
ENSG00000179562.3|4966|GCC1|protein_coding	GCC1
ENSG00000170500.13|15117|LONRF2|protein_coding	LONRF2
ENSG00000277224.2|1196|H2BC7|protein_coding	H2BC7
ENSG00000130635.16|11160|COL5A1|protein_coding	COL5A1
ENSG00000134057.15|2433|CCNB1|protein_coding	CCNB1
ENSG00000182923.20|24294|CEP63|protein_coding	CEP63
ENSG00000268500.6|3544|SIGLEC5|protein_coding	SIGLEC5
ENSG00000196821.10|4551|ILRUN|protein_coding	ILRUN
ENSG00000143627.19|3168|PKLR|protein_coding	PKLR
ENSG00000070718.12|6276|AP3M2|protein_coding	AP3M2
ENSG00000142449.13|9985|FBN3|protein_coding	FBN3
ENSG00000144659.13|2662|SLC25A38|protein_coding	SLC25A38
ENSG00000165434.8|8782|PGM2L1|protein_coding	PGM2L1
ENSG00000164258.12|1174|NDUFS4|protein_coding	NDUFS4
ENSG00000162598.13|4422|C1orf87|protein_coding	C1orf87
ENSG00000213551.7|3218|DNAJC9|protein_coding	DNAJC9
ENSG00000129566.13|11400|TEP1|protein_coding	TEP1
ENSG00000135407.10|5889|AVIL|protein_coding	AVIL
ENSG00000134897.14|7952|BIVM|protein_coding	BIVM
ENSG00000138036.18|4618|DYNC2LI1|protein_coding	DYNC2LI1
ENSG00000105738.11|10352|SIPA1L3|protein_coding	SIPA1L3
ENSG00000183206.18|7133|POTEC|protein_coding	POTEC
ENSG00000155875.15|9081|SAXO1|protein_coding	SAXO1
ENSG00000104267.10|2007|CA2|protein_coding	CA2
ENSG00000129221.16|3985|AIPL1|protein_coding	AIPL1
ENSG00000013288.9|8884|MAN2B2|protein_coding	MAN2B2
ENSG00000115282.21|4767|TTC31|protein_coding	TTC31
ENSG00000180233.11|3403|ZNRF2|protein_coding	ZNRF2
ENSG00000163156.12|3264|SCNM1|protein_coding	SCNM1
ENSG00000170653.19|7985|ATF7|protein_coding	ATF7
ENSG00000184207.9|3164|PGP|protein_coding	PGP
ENSG00000107902.14|4075|LHPP|protein_coding	LHPP
ENSG00000073111.14|4715|MCM2|protein_coding	MCM2
ENSG00000124507.11|4805|PACSIN1|protein_coding	PACSIN1
ENSG00000141161.12|5679|UNC45B|protein_coding	UNC45B
ENSG00000113790.11|4651|EHHADH|protein_coding	EHHADH
ENSG00000169660.17|4541|HEXD|protein_coding	HEXD
ENSG00000110002.16|6361|VWA5A|protein_coding	VWA5A
ENSG00000110435.13|3720|PDHX|protein_coding	PDHX
ENSG00000088756.13|11912|ARHGAP28|protein_coding	ARHGAP28
ENSG00000103199.14|6463|ZNF500|protein_coding	ZNF500
ENSG00000162971.11|11558|TYW5|protein_coding	TYW5
ENSG00000110628.16|5231|SLC22A18|protein_coding	SLC22A18
ENSG00000128463.13|4445|EMC4|protein_coding	EMC4
ENSG00000129484.14|4062|PARP2|protein_coding	PARP2
ENSG00000152292.17|4249|SH2D6|protein_coding	SH2D6
ENSG00000197748.13|7186|CFAP43|protein_coding	CFAP43
ENSG00000065621.15|9926|GSTO2|protein_coding	GSTO2
ENSG00000136908.18|2503|DPM2|protein_coding	DPM2
ENSG00000160055.20|3571|TMEM234|protein_coding	TMEM234
ENSG00000182667.15|6956|NTM|protein_coding	NTM
ENSG00000123685.9|2569|BATF3|protein_coding	BATF3
ENSG00000099260.11|8074|PALMD|protein_coding	PALMD
ENSG00000174292.12|3860|TNK1|protein_coding	TNK1
ENSG00000187630.17|2516|DHRS4L2|protein_coding	DHRS4L2
ENSG00000127463.15|9602|EMC1|protein_coding	EMC1
ENSG00000105011.9|1958|ASF1B|protein_coding	ASF1B
ENSG00000080823.23|10986|MOK|protein_coding	MOK
ENSG00000196242.10|8509|OR2C3|protein_coding	OR2C3
ENSG00000153944.12|22248|MSI2|protein_coding	MSI2
ENSG00000253159.3|4893|PCDHGA12|protein_coding	PCDHGA12
ENSG00000197580.13|6763|BCO2|protein_coding	BCO2
ENSG00000179270.7|7532|PCARE|protein_coding	PCARE
ENSG00000162804.14|13812|SNED1|protein_coding	SNED1
ENSG00000007376.8|2769|RPUSD1|protein_coding	RPUSD1
ENSG00000185803.12|3820|SLC52A2|protein_coding	SLC52A2
ENSG00000134253.10|4368|TRIM45|protein_coding	TRIM45
ENSG00000152804.11|2522|HHEX|protein_coding	HHEX
ENSG00000136235.17|5906|GPNMB|protein_coding	GPNMB
ENSG00000257365.8|3773|FNTB|protein_coding	FNTB
ENSG00000102032.13|2047|RENBP|protein_coding	RENBP
ENSG00000134900.12|8793|TPP2|protein_coding	TPP2
ENSG00000055813.6|4114|CCDC85A|protein_coding	CCDC85A
ENSG00000175445.17|4131|LPL|protein_coding	LPL
ENSG00000178403.4|2295|NEUROG2|protein_coding	NEUROG2
ENSG00000242372.9|1637|EIF6|protein_coding	EIF6
ENSG00000077984.6|891|CST7|protein_coding	CST7
ENSG00000177455.15|2681|CD19|protein_coding	CD19
ENSG00000105613.10|6534|MAST1|protein_coding	MAST1
ENSG00000049618.24|45931|ARID1B|protein_coding	ARID1B
ENSG00000174177.13|3522|CTU2|protein_coding	CTU2
ENSG00000146839.19|8872|ZAN|protein_coding	ZAN
ENSG00000154654.15|8286|NCAM2|protein_coding	NCAM2
ENSG00000166855.9|5461|CLPX|protein_coding	CLPX
ENSG00000105204.14|3192|DYRK1B|protein_coding	DYRK1B
ENSG00000172071.15|20691|EIF2AK3|protein_coding	EIF2AK3
ENSG00000006740.17|9322|ARHGAP44|protein_coding	ARHGAP44
ENSG00000128805.15|6776|ARHGAP22|protein_coding	ARHGAP22
ENSG00000162896.6|4372|PIGR|protein_coding	PIGR
ENSG00000172167.8|8327|MTBP|protein_coding	MTBP
ENSG00000066248.15|4647|NGEF|protein_coding	NGEF
ENSG00000155846.17|12889|PPARGC1B|protein_coding	PPARGC1B
ENSG00000040199.18|12493|PHLPP2|protein_coding	PHLPP2
ENSG00000103528.17|7545|SYT17|protein_coding	SYT17
ENSG00000171720.10|4610|HDAC3|protein_coding	HDAC3
ENSG00000104043.15|11062|ATP8B4|protein_coding	ATP8B4
ENSG00000156958.15|7343|GALK2|protein_coding	GALK2
ENSG00000145388.15|6838|METTL14|protein_coding	METTL14
ENSG00000132155.13|7746|RAF1|protein_coding	RAF1
ENSG00000133124.12|16618|IRS4|protein_coding	IRS4
ENSG00000163697.17|12956|APBB2|protein_coding	APBB2
ENSG00000173585.17|2801|CCR9|protein_coding	CCR9
ENSG00000149679.11|3785|CABLES2|protein_coding	CABLES2
ENSG00000142233.14|3115|NTN5|protein_coding	NTN5
ENSG00000027869.12|2498|SH2D2A|protein_coding	SH2D2A
ENSG00000122694.16|3055|GLIPR2|protein_coding	GLIPR2
ENSG00000160087.21|4691|UBE2J2|protein_coding	UBE2J2
ENSG00000151657.12|6856|KIN|protein_coding	KIN
ENSG00000166741.8|2596|NNMT|protein_coding	NNMT
ENSG00000166402.9|7004|TUB|protein_coding	TUB
ENSG00000090013.11|1613|BLVRB|protein_coding	BLVRB
ENSG00000138821.14|8482|SLC39A8|protein_coding	SLC39A8
ENSG00000214357.9|6427|NEURL1B|protein_coding	NEURL1B
ENSG00000114735.10|19221|HEMK1|protein_coding	HEMK1
ENSG00000175048.17|11132|ZDHHC14|protein_coding	ZDHHC14
ENSG00000104218.16|31717|CSPP1|protein_coding	CSPP1
ENSG00000139144.11|6090|PIK3C2G|protein_coding	PIK3C2G
ENSG00000169302.16|7916|STK32A|protein_coding	STK32A
ENSG00000188811.14|6409|NHLRC3|protein_coding	NHLRC3
ENSG00000157181.16|4073|ODR4|protein_coding	ODR4
ENSG00000176381.6|3149|PRR18|protein_coding	PRR18
ENSG00000083535.16|4179|PIBF1|protein_coding	PIBF1
ENSG00000235169.11|993|SMIM1|protein_coding	SMIM1
ENSG00000119703.15|8738|ZC2HC1C|protein_coding	ZC2HC1C
ENSG00000222011.9|2729|FAM185A|protein_coding	FAM185A
ENSG00000139977.14|7642|NAA30|protein_coding	NAA30
ENSG00000285815.1|2127|GET1-SH3BGR|protein_coding	GET1-SH3BGR
ENSG00000174775.18|2435|HRAS|protein_coding	HRAS
ENSG00000143952.20|5447|VPS54|protein_coding	VPS54
ENSG00000204930.10|3941|FAM221B|protein_coding	FAM221B
ENSG00000164754.15|6103|RAD21|protein_coding	RAD21
ENSG00000215218.4|5895|UBE2QL1|protein_coding	UBE2QL1
ENSG00000181690.8|7828|PLAG1|protein_coding	PLAG1
ENSG00000164946.20|8274|FREM1|protein_coding	FREM1
ENSG00000135119.15|7621|RNFT2|protein_coding	RNFT2
ENSG00000169019.11|1758|COMMD8|protein_coding	COMMD8
ENSG00000105697.9|2862|HAMP|protein_coding	HAMP
ENSG00000114859.16|8522|CLCN2|protein_coding	CLCN2
ENSG00000169155.10|7052|ZBTB43|protein_coding	ZBTB43
ENSG00000143297.19|12414|FCRL5|protein_coding	FCRL5
ENSG00000163491.16|9582|NEK10|protein_coding	NEK10
ENSG00000102359.9|7707|SRPX2|protein_coding	SRPX2
ENSG00000138160.7|5322|KIF11|protein_coding	KIF11
ENSG00000075461.6|3583|CACNG4|protein_coding	CACNG4
ENSG00000136807.14|3005|CDK9|protein_coding	CDK9
ENSG00000137860.12|5189|SLC28A2|protein_coding	SLC28A2
ENSG00000117834.13|4535|SLC5A9|protein_coding	SLC5A9
ENSG00000186496.12|6080|ZNF396|protein_coding	ZNF396
ENSG00000135931.19|23371|ARMC9|protein_coding	ARMC9
ENSG00000163755.9|6202|HPS3|protein_coding	HPS3
ENSG00000130283.9|2579|GDF1|protein_coding	GDF1
ENSG00000160447.7|3393|PKN3|protein_coding	PKN3
ENSG00000171135.15|1779|JAGN1|protein_coding	JAGN1
ENSG00000100417.12|5057|PMM1|protein_coding	PMM1
ENSG00000185742.7|5867|C11orf87|protein_coding	C11orf87
ENSG00000182481.10|7365|KPNA2|protein_coding	KPNA2
ENSG00000136875.13|4418|PRPF4|protein_coding	PRPF4
ENSG00000204116.11|6939|CHIC1|protein_coding	CHIC1
ENSG00000105855.10|15156|ITGB8|protein_coding	ITGB8
ENSG00000157765.13|5045|SLC34A2|protein_coding	SLC34A2
ENSG00000172320.4|8612|OR5A1|protein_coding	OR5A1
ENSG00000204962.6|5485|PCDHA8|protein_coding	PCDHA8
ENSG00000183779.7|3316|ZNF703|protein_coding	ZNF703
ENSG00000188112.9|6852|C6orf132|protein_coding	C6orf132
ENSG00000262576.3|4887|PCDHGA4|protein_coding	PCDHGA4
ENSG00000135960.10|4426|EDAR|protein_coding	EDAR
ENSG00000163596.17|10379|ICA1L|protein_coding	ICA1L
ENSG00000102805.16|22814|CLN5|protein_coding	CLN5
ENSG00000174667.4|4986|OR7D4|protein_coding	OR7D4
ENSG00000142279.13|13613|WTIP|protein_coding	WTIP
ENSG00000180785.10|3612|OR51E1|protein_coding	OR51E1
ENSG00000188596.11|12914|CFAP54|protein_coding	CFAP54
ENSG00000188760.11|2578|TMEM198|protein_coding	TMEM198
ENSG00000183060.16|5697|LYSMD4|protein_coding	LYSMD4
ENSG00000160973.8|2017|FOXH1|protein_coding	FOXH1
ENSG00000135414.10|8801|GDF11|protein_coding	GDF11
ENSG00000041982.16|9639|TNC|protein_coding	TNC
ENSG00000144668.12|8270|ITGA9|protein_coding	ITGA9
ENSG00000148948.8|5356|LRRC4C|protein_coding	LRRC4C
ENSG00000172172.8|4209|MRPL13|protein_coding	MRPL13
ENSG00000011275.19|7576|RNF216|protein_coding	RNF216
ENSG00000249715.13|10449|FER1L5|protein_coding	FER1L5
ENSG00000141428.17|1616|C18orf21|protein_coding	C18orf21
ENSG00000119396.11|4308|RAB14|protein_coding	RAB14
ENSG00000168621.15|4628|GDNF|protein_coding	GDNF
ENSG00000050438.17|17920|SLC4A8|protein_coding	SLC4A8
ENSG00000120333.4|2594|MRPS14|protein_coding	MRPS14
ENSG00000144445.17|8519|KANSL1L|protein_coding	KANSL1L
ENSG00000240021.10|4007|TEX35|protein_coding	TEX35
ENSG00000142733.17|5746|MAP3K6|protein_coding	MAP3K6
ENSG00000028203.18|8766|VEZT|protein_coding	VEZT
ENSG00000145782.13|8867|ATG12|protein_coding	ATG12
ENSG00000178662.16|12565|CSRNP3|protein_coding	CSRNP3
ENSG00000163521.16|3419|GLB1L|protein_coding	GLB1L
ENSG00000114124.3|6533|GRK7|protein_coding	GRK7
ENSG00000081853.15|6720|PCDHGA2|protein_coding	PCDHGA2
ENSG00000115970.19|14197|THADA|protein_coding	THADA
ENSG00000151552.12|3034|QDPR|protein_coding	QDPR
ENSG00000131409.13|3511|LRRC4B|protein_coding	LRRC4B
ENSG00000035928.16|6719|RFC1|protein_coding	RFC1
ENSG00000204961.7|9769|PCDHA9|protein_coding	PCDHA9
ENSG00000105928.16|8598|GSDME|protein_coding	GSDME
ENSG00000135744.9|12703|AGT|protein_coding	AGT
ENSG00000185722.18|14224|ANKFY1|protein_coding	ANKFY1
ENSG00000157036.13|5575|EXOG|protein_coding	EXOG
ENSG00000116863.11|1651|ADPRS|protein_coding	ADPRS
ENSG00000184307.17|7147|ZDHHC23|protein_coding	ZDHHC23
ENSG00000167112.10|5832|TRUB2|protein_coding	TRUB2
ENSG00000088827.13|8126|SIGLEC1|protein_coding	SIGLEC1
ENSG00000229544.9|3211|NKX1-2|protein_coding	NKX1-2
ENSG00000085552.17|6637|IGSF9|protein_coding	IGSF9
ENSG00000183765.23|4493|CHEK2|protein_coding	CHEK2
ENSG00000173262.12|5575|SLC2A14|protein_coding	SLC2A14
ENSG00000112499.13|5983|SLC22A2|protein_coding	SLC22A2
ENSG00000284862.3|10601|CCDC39|protein_coding	CCDC39
ENSG00000188706.13|5243|ZDHHC9|protein_coding	ZDHHC9
ENSG00000105889.16|6478|STEAP1B|protein_coding	STEAP1B
ENSG00000154889.17|6773|MPPE1|protein_coding	MPPE1
ENSG00000178695.6|6231|KCTD12|protein_coding	KCTD12
ENSG00000158553.5|4143|POM121L2|protein_coding	POM121L2
ENSG00000278685.4|2826|IQCA1L|protein_coding	IQCA1L
ENSG00000254004.7|5571|ZNF260|protein_coding	ZNF260
ENSG00000172689.2|2311|MS4A10|protein_coding	MS4A10
ENSG00000115652.15|6980|UXS1|protein_coding	UXS1
ENSG00000070526.15|3396|ST6GALNAC1|protein_coding	ST6GALNAC1
ENSG00000132359.15|7532|RAP1GAP2|protein_coding	RAP1GAP2
ENSG00000148229.13|2607|POLE3|protein_coding	POLE3
ENSG00000109794.13|5218|FAM149A|protein_coding	FAM149A
ENSG00000099331.14|9952|MYO9B|protein_coding	MYO9B
ENSG00000164430.17|4174|CGAS|protein_coding	CGAS
ENSG00000081138.14|14528|CDH7|protein_coding	CDH7
ENSG00000080345.18|18166|RIF1|protein_coding	RIF1
ENSG00000091986.16|13068|CCDC80|protein_coding	CCDC80
ENSG00000104889.7|2056|RNASEH2A|protein_coding	RNASEH2A
ENSG00000205572.10|3051|SERF1B|protein_coding	SERF1B
ENSG00000161509.14|8584|GRIN2C|protein_coding	GRIN2C
ENSG00000169635.10|7252|HIC2|protein_coding	HIC2
ENSG00000115525.18|16300|ST3GAL5|protein_coding	ST3GAL5
ENSG00000134042.14|5525|MRO|protein_coding	MRO
ENSG00000137872.17|8523|SEMA6D|protein_coding	SEMA6D
ENSG00000185760.17|8157|KCNQ5|protein_coding	KCNQ5
ENSG00000137273.6|2451|FOXF2|protein_coding	FOXF2
ENSG00000183876.9|3221|ARSI|protein_coding	ARSI
ENSG00000187123.15|4973|LYPD6|protein_coding	LYPD6
ENSG00000155287.11|1830|SLC25A28|protein_coding	SLC25A28
ENSG00000113269.14|12817|RNF130|protein_coding	RNF130
ENSG00000064703.13|8778|DDX20|protein_coding	DDX20
ENSG00000125780.12|2694|TGM3|protein_coding	TGM3
ENSG00000072958.9|14094|AP1M1|protein_coding	AP1M1
ENSG00000152700.14|10798|SAR1B|protein_coding	SAR1B
ENSG00000123992.20|6154|DNPEP|protein_coding	DNPEP
ENSG00000160801.14|2783|PTH1R|protein_coding	PTH1R
ENSG00000135845.10|5225|PIGC|protein_coding	PIGC
ENSG00000081177.18|6263|EXD2|protein_coding	EXD2
ENSG00000159403.18|5803|C1R|protein_coding	C1R
ENSG00000170153.11|11012|RNF150|protein_coding	RNF150
ENSG00000197062.12|2885|ZSCAN26|protein_coding	ZSCAN26
ENSG00000163811.12|4103|WDR43|protein_coding	WDR43
ENSG00000203812.2|549|H2AC18|protein_coding	H2AC18
ENSG00000134758.14|3776|RNF138|protein_coding	RNF138
ENSG00000187522.16|2502|HSPA14|protein_coding	HSPA14
ENSG00000104327.7|7138|CALB1|protein_coding	CALB1
ENSG00000213160.10|5513|KLHL23|protein_coding	KLHL23
ENSG00000004776.13|1724|HSPB6|protein_coding	HSPB6
ENSG00000204842.18|16540|ATXN2|protein_coding	ATXN2
ENSG00000056487.16|6007|PHF21B|protein_coding	PHF21B
ENSG00000254206.5|4398|NPIPB11|protein_coding	NPIPB11
ENSG00000215529.12|4536|EFCAB8|protein_coding	EFCAB8
ENSG00000074657.14|11754|ZNF532|protein_coding	ZNF532
ENSG00000166589.13|3589|CDH16|protein_coding	CDH16
ENSG00000156136.10|3103|DCK|protein_coding	DCK
ENSG00000164162.14|4522|ANAPC10|protein_coding	ANAPC10
ENSG00000110987.9|6565|BCL7A|protein_coding	BCL7A
ENSG00000101680.15|15857|LAMA1|protein_coding	LAMA1
ENSG00000223611.6|3218|SUPT20HL2|protein_coding	SUPT20HL2
ENSG00000206538.9|12740|VGLL3|protein_coding	VGLL3
ENSG00000165934.13|13563|CPSF2|protein_coding	CPSF2
ENSG00000151789.12|13400|ZNF385D|protein_coding	ZNF385D
ENSG00000138190.17|6487|EXOC6|protein_coding	EXOC6
ENSG00000116857.17|3919|TMEM9|protein_coding	TMEM9
ENSG00000163710.9|3533|PCOLCE2|protein_coding	PCOLCE2
ENSG00000142634.13|2534|EFHD2|protein_coding	EFHD2
ENSG00000176798.3|7300|OR51L1|protein_coding	OR51L1
ENSG00000223802.9|3767|CERS1|protein_coding	CERS1
ENSG00000146350.14|6912|TBC1D32|protein_coding	TBC1D32
ENSG00000128708.13|6794|HAT1|protein_coding	HAT1
ENSG00000039068.20|6076|CDH1|protein_coding	CDH1
ENSG00000139352.4|2481|ASCL1|protein_coding	ASCL1
ENSG00000117226.12|4284|GBP3|protein_coding	GBP3
ENSG00000159239.13|7033|RP11-523H20.5|protein_coding	RP11-523H20.5
ENSG00000179148.10|3761|ALOXE3|protein_coding	ALOXE3
ENSG00000197603.16|21307|CPLANE1|protein_coding	CPLANE1
ENSG00000129991.13|2034|TNNI3|protein_coding	TNNI3
ENSG00000129654.8|2587|FOXJ1|protein_coding	FOXJ1
ENSG00000165805.10|5609|C12orf50|protein_coding	C12orf50
ENSG00000197614.11|3889|MFAP5|protein_coding	MFAP5
ENSG00000205126.2|1867|ACCSL|protein_coding	ACCSL
ENSG00000189195.15|8342|BTBD8|protein_coding	BTBD8
ENSG00000100258.18|3065|LMF2|protein_coding	LMF2
ENSG00000174514.13|5790|MFSD4A|protein_coding	MFSD4A
ENSG00000118640.11|895|VAMP8|protein_coding	VAMP8
ENSG00000116793.16|7170|PHTF1|protein_coding	PHTF1
ENSG00000167601.12|5134|AXL|protein_coding	AXL
ENSG00000162542.14|4027|TMCO4|protein_coding	TMCO4
ENSG00000154065.17|6417|ANKRD29|protein_coding	ANKRD29
ENSG00000071189.21|16418|SNX13|protein_coding	SNX13
ENSG00000152683.14|5410|SLC30A6|protein_coding	SLC30A6
ENSG00000184661.14|3697|CDCA2|protein_coding	CDCA2
ENSG00000154025.16|6451|SLC5A10|protein_coding	SLC5A10
ENSG00000049759.20|34097|NEDD4L|protein_coding	NEDD4L
ENSG00000036828.17|12020|CASR|protein_coding	CASR
ENSG00000044524.11|6577|EPHA3|protein_coding	EPHA3
ENSG00000148143.13|12190|ZNF462|protein_coding	ZNF462
ENSG00000103550.14|7758|KNOP1|protein_coding	KNOP1
ENSG00000154864.13|15702|PIEZO2|protein_coding	PIEZO2
ENSG00000121753.13|7756|ADGRB2|protein_coding	ADGRB2
ENSG00000158525.16|2965|CPA5|protein_coding	CPA5
ENSG00000140534.14|8415|TICRR|protein_coding	TICRR
ENSG00000258984.5|3195|UBE2F-SCLY|protein_coding	UBE2F-SCLY
ENSG00000254469.9|7380|RP11-849H4.2|protein_coding	RP11-849H4.2
ENSG00000145217.14|4293|SLC26A1|protein_coding	SLC26A1
ENSG00000172554.12|4488|SNTG2|protein_coding	SNTG2
ENSG00000152208.13|10617|GRID2|protein_coding	GRID2
ENSG00000158691.15|11366|ZSCAN12|protein_coding	ZSCAN12
ENSG00000145604.17|17377|SKP2|protein_coding	SKP2
ENSG00000100330.16|9891|MTMR3|protein_coding	MTMR3
ENSG00000241635.8|4446|UGT1A1|protein_coding	UGT1A1
ENSG00000183166.11|9997|CALN1|protein_coding	CALN1
ENSG00000112394.17|11237|SLC16A10|protein_coding	SLC16A10
ENSG00000116396.15|26071|KCNC4|protein_coding	KCNC4
ENSG00000273136.7|6782|NBPF26|protein_coding	NBPF26
ENSG00000160271.16|7648|RALGDS|protein_coding	RALGDS
ENSG00000169184.6|7951|MN1|protein_coding	MN1
ENSG00000180957.18|5129|PITPNB|protein_coding	PITPNB
ENSG00000104341.17|3197|LAPTM4B|protein_coding	LAPTM4B
ENSG00000270011.8|4345|ZNF559-ZNF177|protein_coding	ZNF559-ZNF177
ENSG00000285077.2|4280|ARHGAP11B|protein_coding	ARHGAP11B
ENSG00000186523.14|4232|FAM86B1|protein_coding	FAM86B1
ENSG00000171714.13|19477|ANO5|protein_coding	ANO5
ENSG00000166377.20|14934|ATP9B|protein_coding	ATP9B
ENSG00000103051.20|4781|COG4|protein_coding	COG4
ENSG00000177710.6|1349|SLC35G5|protein_coding	SLC35G5
ENSG00000065135.12|9044|GNAI3|protein_coding	GNAI3
ENSG00000184182.19|4238|UBE2F|protein_coding	UBE2F
ENSG00000124207.17|3800|CSE1L|protein_coding	CSE1L
ENSG00000141979.4|2567|CTD-3222D19.2|protein_coding	CTD-3222D19.2
ENSG00000240583.14|3261|AQP1|protein_coding	AQP1
ENSG00000198218.11|5328|QRICH1|protein_coding	QRICH1
ENSG00000118156.12|4655|ZNF541|protein_coding	ZNF541
ENSG00000183111.12|5299|ARHGEF37|protein_coding	ARHGEF37
ENSG00000156510.13|4223|HKDC1|protein_coding	HKDC1
ENSG00000119698.12|4973|PPP4R4|protein_coding	PPP4R4
ENSG00000102349.18|12729|KLF8|protein_coding	KLF8
ENSG00000134539.17|17412|KLRD1|protein_coding	KLRD1
ENSG00000010379.16|4243|SLC6A13|protein_coding	SLC6A13
ENSG00000246705.4|3356|H2AJ|protein_coding	H2AJ
ENSG00000122008.15|9105|POLK|protein_coding	POLK
ENSG00000101276.18|5984|SLC52A3|protein_coding	SLC52A3
ENSG00000162543.6|5562|UBXN10|protein_coding	UBXN10
ENSG00000151532.14|8408|VTI1A|protein_coding	VTI1A
ENSG00000274386.5|4373|TMEM269|protein_coding	TMEM269
ENSG00000128285.4|2961|MCHR1|protein_coding	MCHR1
ENSG00000137642.13|19408|SORL1|protein_coding	SORL1
ENSG00000152582.14|16140|SPEF2|protein_coding	SPEF2
ENSG00000130702.15|14291|LAMA5|protein_coding	LAMA5
ENSG00000133454.16|9710|MYO18B|protein_coding	MYO18B
ENSG00000055732.13|6624|MCOLN3|protein_coding	MCOLN3
ENSG00000189079.17|12086|ARID2|protein_coding	ARID2
ENSG00000078124.13|23102|ACER3|protein_coding	ACER3
ENSG00000181322.15|4119|NME9|protein_coding	NME9
ENSG00000153933.10|10925|DGKE|protein_coding	DGKE
ENSG00000255872.3|2591|RP11-613M10.9|protein_coding	RP11-613M10.9
ENSG00000140470.15|8390|ADAMTS17|protein_coding	ADAMTS17
ENSG00000158014.15|3483|SLC30A2|protein_coding	SLC30A2
ENSG00000110675.13|5856|ELMOD1|protein_coding	ELMOD1
ENSG00000070388.11|2778|FGF22|protein_coding	FGF22
ENSG00000167195.7|2082|GOLGA6C|protein_coding	GOLGA6C
ENSG00000172456.18|12174|FGGY|protein_coding	FGGY
ENSG00000147485.13|5239|PXDNL|protein_coding	PXDNL
ENSG00000123473.17|7821|STIL|protein_coding	STIL
ENSG00000138709.19|9480|LARP1B|protein_coding	LARP1B
ENSG00000238243.3|945|OR2W3|protein_coding	OR2W3
ENSG00000140326.13|5448|CDAN1|protein_coding	CDAN1
ENSG00000151692.15|6450|RNF144A|protein_coding	RNF144A
ENSG00000123600.21|11733|METTL8|protein_coding	METTL8
ENSG00000283782.2|8961|AC116366.7|protein_coding	AC116366.7
ENSG00000009724.17|4257|MASP2|protein_coding	MASP2
ENSG00000185372.4|2785|OR2V1|protein_coding	OR2V1
ENSG00000112130.17|6564|RNF8|protein_coding	RNF8
ENSG00000124780.14|2080|KCNK17|protein_coding	KCNK17
ENSG00000169933.16|9961|FRMPD4|protein_coding	FRMPD4
ENSG00000013725.14|5958|CD6|protein_coding	CD6
ENSG00000009954.11|7060|BAZ1B|protein_coding	BAZ1B
ENSG00000087301.9|4733|TXNDC16|protein_coding	TXNDC16
ENSG00000140563.15|13237|MCTP2|protein_coding	MCTP2
ENSG00000165868.16|21113|HSPA12A|protein_coding	HSPA12A
ENSG00000120306.11|1857|CYSTM1|protein_coding	CYSTM1
ENSG00000224916.9|1829|APOC4-APOC2|protein_coding	APOC4-APOC2
ENSG00000155428.12|1471|TRIM74|protein_coding	TRIM74
ENSG00000196866.3|510|H2AC7|protein_coding	H2AC7
ENSG00000110811.20|4600|P3H3|protein_coding	P3H3
ENSG00000175535.6|1539|PNLIP|protein_coding	PNLIP
ENSG00000182919.15|6269|C11orf54|protein_coding	C11orf54
ENSG00000206432.4|10638|TMEM200C|protein_coding	TMEM200C
ENSG00000162643.13|3923|DNAI3|protein_coding	DNAI3
ENSG00000099995.19|6301|SF3A1|protein_coding	SF3A1
ENSG00000177201.3|5708|OR2T12|protein_coding	OR2T12
ENSG00000153147.6|8146|SMARCA5|protein_coding	SMARCA5
ENSG00000169962.5|3475|TAS1R3|protein_coding	TAS1R3
ENSG00000151632.17|6461|AKR1C2|protein_coding	AKR1C2
ENSG00000073614.13|12029|KDM5A|protein_coding	KDM5A
ENSG00000204970.10|5595|PCDHA1|protein_coding	PCDHA1
ENSG00000060718.22|9091|COL11A1|protein_coding	COL11A1
ENSG00000079308.20|16281|TNS1|protein_coding	TNS1
ENSG00000139269.3|3046|INHBE|protein_coding	INHBE
ENSG00000163406.11|5984|SLC15A2|protein_coding	SLC15A2
ENSG00000136717.15|6862|BIN1|protein_coding	BIN1
ENSG00000288208.1|2768|RP4-534D1.6|protein_coding	RP4-534D1.6
ENSG00000074582.15|3379|BCS1L|protein_coding	BCS1L
ENSG00000206561.14|9237|COLQ|protein_coding	COLQ
ENSG00000150768.17|7550|DLAT|protein_coding	DLAT
ENSG00000115592.11|3334|PRKAG3|protein_coding	PRKAG3
ENSG00000130287.14|6920|NCAN|protein_coding	NCAN
ENSG00000103426.12|3815|CORO7-PAM16|protein_coding	CORO7-PAM16
ENSG00000108523.16|2744|RNF167|protein_coding	RNF167
ENSG00000101871.16|9450|MID1|protein_coding	MID1
ENSG00000080644.16|4761|CHRNA3|protein_coding	CHRNA3
ENSG00000125998.8|3169|FAM83C|protein_coding	FAM83C
ENSG00000135903.20|7942|PAX3|protein_coding	PAX3
ENSG00000122483.17|5633|CCDC18|protein_coding	CCDC18
ENSG00000165379.14|6834|LRFN5|protein_coding	LRFN5
ENSG00000205517.13|4344|RGL3|protein_coding	RGL3
ENSG00000136143.16|8879|SUCLA2|protein_coding	SUCLA2
ENSG00000139233.7|7975|LLPH|protein_coding	LLPH
ENSG00000156411.10|3415|ATP5MJ|protein_coding	ATP5MJ
ENSG00000100263.14|2997|RHBDD3|protein_coding	RHBDD3
ENSG00000198131.14|7216|ZNF544|protein_coding	ZNF544
ENSG00000114026.22|8733|OGG1|protein_coding	OGG1
ENSG00000122565.19|4840|CBX3|protein_coding	CBX3
ENSG00000170677.6|5839|SOCS6|protein_coding	SOCS6
ENSG00000082898.19|23843|XPO1|protein_coding	XPO1
ENSG00000179528.16|2276|LBX2|protein_coding	LBX2
ENSG00000136514.3|1501|RTP4|protein_coding	RTP4
ENSG00000176915.15|17461|ANKLE2|protein_coding	ANKLE2
ENSG00000197323.12|9604|TRIM33|protein_coding	TRIM33
ENSG00000134780.10|5799|DAGLA|protein_coding	DAGLA
ENSG00000117971.12|4984|CHRNB4|protein_coding	CHRNB4
ENSG00000224051.7|2555|CPTP|protein_coding	CPTP
ENSG00000130413.15|7599|STK33|protein_coding	STK33
ENSG00000214309.5|1477|MBLAC1|protein_coding	MBLAC1
ENSG00000260027.5|1520|HOXB7|protein_coding	HOXB7
ENSG00000136542.9|10991|GALNT5|protein_coding	GALNT5
ENSG00000167612.13|3719|ANKRD33|protein_coding	ANKRD33
ENSG00000141956.14|12998|PRDM15|protein_coding	PRDM15
ENSG00000260007.3|7276|RP11-315D16.2|protein_coding	RP11-315D16.2
ENSG00000073578.17|8765|SDHA|protein_coding	SDHA
ENSG00000160785.14|7293|SLC25A44|protein_coding	SLC25A44
ENSG00000076555.15|14505|ACACB|protein_coding	ACACB
ENSG00000211448.13|7393|DIO2|protein_coding	DIO2
ENSG00000198739.11|6341|LRRTM3|protein_coding	LRRTM3
ENSG00000101596.16|12447|SMCHD1|protein_coding	SMCHD1
ENSG00000277157.2|403|H4C4|protein_coding	H4C4
ENSG00000166569.8|3545|CPLX4|protein_coding	CPLX4
ENSG00000205420.11|2926|KRT6A|protein_coding	KRT6A
ENSG00000165633.13|8655|VSTM4|protein_coding	VSTM4
ENSG00000253710.5|15689|ALG11|protein_coding	ALG11
ENSG00000137364.5|3184|TPMT|protein_coding	TPMT
ENSG00000169814.16|17103|BTD|protein_coding	BTD
ENSG00000107404.20|3882|DVL1|protein_coding	DVL1
ENSG00000143167.12|2946|GPA33|protein_coding	GPA33
ENSG00000151229.13|10023|SLC2A13|protein_coding	SLC2A13
ENSG00000162961.14|2725|DPY30|protein_coding	DPY30
ENSG00000103657.14|17059|HERC1|protein_coding	HERC1
ENSG00000185860.13|4316|CCDC190|protein_coding	CCDC190
ENSG00000178922.18|2754|HYI|protein_coding	HYI
ENSG00000243710.8|5583|CFAP57|protein_coding	CFAP57
ENSG00000145736.14|8676|GTF2H2|protein_coding	GTF2H2
ENSG00000187672.14|8034|ERC2|protein_coding	ERC2
ENSG00000076003.5|4135|MCM6|protein_coding	MCM6
ENSG00000059915.17|5979|PSD|protein_coding	PSD
ENSG00000143450.19|4633|OAZ3|protein_coding	OAZ3
ENSG00000091164.13|11297|TXNL1|protein_coding	TXNL1
ENSG00000182108.11|6692|DEXI|protein_coding	DEXI
ENSG00000147654.15|3681|EBAG9|protein_coding	EBAG9
ENSG00000099889.14|5636|ARVCF|protein_coding	ARVCF
ENSG00000180423.4|2662|HARBI1|protein_coding	HARBI1
ENSG00000185271.9|5509|KLHL33|protein_coding	KLHL33
ENSG00000187187.14|9028|ZNF546|protein_coding	ZNF546
ENSG00000105672.14|2152|ETV2|protein_coding	ETV2
ENSG00000132718.9|5182|SYT11|protein_coding	SYT11
ENSG00000172336.5|911|POP7|protein_coding	POP7
ENSG00000129625.13|3974|REEP5|protein_coding	REEP5
ENSG00000130544.12|5759|ZNF557|protein_coding	ZNF557
ENSG00000258864.1|694|CTC-554D6.1|protein_coding	CTC-554D6.1
ENSG00000100281.14|6006|HMGXB4|protein_coding	HMGXB4
ENSG00000279170.3|16113|TSTD3|protein_coding	TSTD3
ENSG00000156687.11|10798|UNC5D|protein_coding	UNC5D
ENSG00000157796.18|8773|WDR19|protein_coding	WDR19
ENSG00000093167.18|10674|LRRFIP2|protein_coding	LRRFIP2
ENSG00000119431.10|2092|HDHD3|protein_coding	HDHD3
ENSG00000120457.12|6237|KCNJ5|protein_coding	KCNJ5
ENSG00000141447.18|8029|OSBPL1A|protein_coding	OSBPL1A
ENSG00000173681.16|8630|BCLAF3|protein_coding	BCLAF3
ENSG00000164331.10|2785|ANKRA2|protein_coding	ANKRA2
ENSG00000214413.9|8442|BBIP1|protein_coding	BBIP1
ENSG00000138678.11|3623|GPAT3|protein_coding	GPAT3
ENSG00000106086.20|10886|PLEKHA8|protein_coding	PLEKHA8
ENSG00000168056.17|10675|LTBP3|protein_coding	LTBP3
ENSG00000124641.16|3278|MED20|protein_coding	MED20
ENSG00000187079.20|10700|TEAD1|protein_coding	TEAD1
ENSG00000175175.6|6560|PPM1E|protein_coding	PPM1E
ENSG00000188171.16|6835|ZNF626|protein_coding	ZNF626
ENSG00000267360.6|1654|CTC-454I21.3|protein_coding	CTC-454I21.3
ENSG00000168676.11|7380|KCTD19|protein_coding	KCTD19
ENSG00000089094.19|13632|KDM2B|protein_coding	KDM2B
ENSG00000167992.13|4766|VWCE|protein_coding	VWCE
ENSG00000184903.10|3970|IMMP2L|protein_coding	IMMP2L
ENSG00000175322.12|15787|ZNF519|protein_coding	ZNF519
ENSG00000108506.13|8627|INTS2|protein_coding	INTS2
ENSG00000178567.8|8089|EPM2AIP1|protein_coding	EPM2AIP1
ENSG00000122484.9|17048|RPAP2|protein_coding	RPAP2
ENSG00000168090.10|2779|COPS6|protein_coding	COPS6
ENSG00000139620.13|3576|KANSL2|protein_coding	KANSL2
ENSG00000168062.10|2815|BATF2|protein_coding	BATF2
ENSG00000158560.14|4568|DYNC1I1|protein_coding	DYNC1I1
ENSG00000187244.12|4997|BCAM|protein_coding	BCAM
ENSG00000105792.19|9139|CFAP69|protein_coding	CFAP69
ENSG00000174628.16|4993|IQCK|protein_coding	IQCK
ENSG00000148604.15|4942|RGR|protein_coding	RGR
ENSG00000197372.10|6785|ZNF675|protein_coding	ZNF675
ENSG00000108106.14|2799|UBE2S|protein_coding	UBE2S
ENSG00000150347.17|8760|ARID5B|protein_coding	ARID5B
ENSG00000166261.11|5071|ZNF202|protein_coding	ZNF202
ENSG00000179388.9|5033|EGR3|protein_coding	EGR3
ENSG00000167965.18|4360|MLST8|protein_coding	MLST8
ENSG00000198400.13|5205|NTRK1|protein_coding	NTRK1
ENSG00000166889.14|4335|PATL1|protein_coding	PATL1
ENSG00000198561.16|15212|CTNND1|protein_coding	CTNND1
ENSG00000004777.18|5260|ARHGAP33|protein_coding	ARHGAP33
ENSG00000165606.10|3078|DRGX|protein_coding	DRGX
ENSG00000130368.7|11111|MAS1|protein_coding	MAS1
ENSG00000196912.12|6771|ANKRD36B|protein_coding	ANKRD36B
ENSG00000244754.9|21002|N4BP2L2|protein_coding	N4BP2L2
ENSG00000106538.10|1909|RARRES2|protein_coding	RARRES2
ENSG00000265817.4|7413|FSBP|protein_coding	FSBP
ENSG00000100379.17|2786|KCTD17|protein_coding	KCTD17
ENSG00000115194.11|5766|SLC30A3|protein_coding	SLC30A3
ENSG00000096401.8|6241|CDC5L|protein_coding	CDC5L
ENSG00000065518.8|1877|NDUFB4|protein_coding	NDUFB4
ENSG00000049167.16|26458|ERCC8|protein_coding	ERCC8
ENSG00000205981.8|3586|DNAJC19|protein_coding	DNAJC19
ENSG00000151468.11|3699|CCDC3|protein_coding	CCDC3
ENSG00000136160.17|5608|EDNRB|protein_coding	EDNRB
ENSG00000203722.8|1486|RAET1G|protein_coding	RAET1G
ENSG00000116329.11|9345|OPRD1|protein_coding	OPRD1
ENSG00000157657.14|10384|ZNF618|protein_coding	ZNF618
ENSG00000167716.19|8086|WDR81|protein_coding	WDR81
ENSG00000094661.3|6057|OR1I1|protein_coding	OR1I1
ENSG00000148690.12|8162|FRA10AC1|protein_coding	FRA10AC1
ENSG00000127377.10|3181|CRYGN|protein_coding	CRYGN
ENSG00000104368.19|7770|PLAT|protein_coding	PLAT
ENSG00000152402.11|16306|GUCY1A2|protein_coding	GUCY1A2
ENSG00000006607.14|14371|FARP2|protein_coding	FARP2
ENSG00000167769.5|1428|ACER1|protein_coding	ACER1
ENSG00000143224.18|4725|PPOX|protein_coding	PPOX
ENSG00000212807.3|4946|OR2A42|protein_coding	OR2A42
ENSG00000213413.2|1984|PVRIG|protein_coding	PVRIG
ENSG00000119953.14|5404|SMNDC1|protein_coding	SMNDC1
ENSG00000197150.13|9336|ABCB8|protein_coding	ABCB8
ENSG00000066468.24|18813|FGFR2|protein_coding	FGFR2
ENSG00000174498.14|5514|IGDCC3|protein_coding	IGDCC3
ENSG00000170473.17|2406|PYM1|protein_coding	PYM1
ENSG00000150672.18|16709|DLG2|protein_coding	DLG2
ENSG00000181638.20|6910|ZFP41|protein_coding	ZFP41
ENSG00000123427.17|3158|EEF1AKMT3|protein_coding	EEF1AKMT3
ENSG00000196911.11|11418|KPNA5|protein_coding	KPNA5
ENSG00000118946.12|8392|PCDH17|protein_coding	PCDH17
ENSG00000112053.14|6034|SLC26A8|protein_coding	SLC26A8
ENSG00000184166.3|4887|OR1D2|protein_coding	OR1D2
ENSG00000285382.1|4707|RP11-503P21.4|protein_coding	RP11-503P21.4
ENSG00000187792.5|6940|ZNF70|protein_coding	ZNF70
ENSG00000169609.14|13899|C15orf40|protein_coding	C15orf40
ENSG00000175581.14|3830|MRPL48|protein_coding	MRPL48
ENSG00000165626.18|10018|BEND7|protein_coding	BEND7
ENSG00000080709.16|6108|KCNN2|protein_coding	KCNN2
ENSG00000179593.16|3011|ALOX15B|protein_coding	ALOX15B
ENSG00000183426.17|7366|NPIPA1|protein_coding	NPIPA1
ENSG00000145354.12|6352|CISD2|protein_coding	CISD2
ENSG00000141076.18|5600|UTP4|protein_coding	UTP4
ENSG00000122756.15|2098|CNTFR|protein_coding	CNTFR
ENSG00000169762.17|7758|TAPT1|protein_coding	TAPT1
ENSG00000115718.18|2491|PROC|protein_coding	PROC
ENSG00000143977.14|1764|SNRPG|protein_coding	SNRPG
ENSG00000148344.11|1891|PTGES|protein_coding	PTGES
ENSG00000100490.10|9288|CDKL1|protein_coding	CDKL1
ENSG00000154518.10|3883|ATP5MC3|protein_coding	ATP5MC3
ENSG00000197928.11|9348|ZNF677|protein_coding	ZNF677
ENSG00000105509.11|2238|HAS1|protein_coding	HAS1
ENSG00000162642.14|3420|C1orf52|protein_coding	C1orf52
ENSG00000007129.18|1977|CEACAM21|protein_coding	CEACAM21
ENSG00000163435.16|7186|ELF3|protein_coding	ELF3
ENSG00000156222.12|3447|SLC28A1|protein_coding	SLC28A1
ENSG00000138081.22|12759|FBXO11|protein_coding	FBXO11
ENSG00000196132.14|6863|MYT1|protein_coding	MYT1
ENSG00000171931.13|4388|FBXW10|protein_coding	FBXW10
ENSG00000205857.2|996|NANOGNB|protein_coding	NANOGNB
ENSG00000081913.14|9051|PHLPP1|protein_coding	PHLPP1
ENSG00000271425.9|14362|NBPF10|protein_coding	NBPF10
ENSG00000162086.16|8063|ZNF75A|protein_coding	ZNF75A
ENSG00000197948.11|6072|FCHSD1|protein_coding	FCHSD1
ENSG00000285082.2|2592|RP11-281A20.3|protein_coding	RP11-281A20.3
ENSG00000169347.17|4046|GP2|protein_coding	GP2
ENSG00000122012.14|11817|SV2C|protein_coding	SV2C
ENSG00000143401.15|3605|ANP32E|protein_coding	ANP32E
ENSG00000139266.6|4004|MARCHF9|protein_coding	MARCHF9
ENSG00000168314.18|9237|MOBP|protein_coding	MOBP
ENSG00000153558.16|7644|FBXL2|protein_coding	FBXL2
ENSG00000151233.11|7492|GXYLT1|protein_coding	GXYLT1
ENSG00000064787.13|8186|BCAS1|protein_coding	BCAS1
ENSG00000197136.5|7969|PCNX3|protein_coding	PCNX3
ENSG00000003393.16|33513|ALS2|protein_coding	ALS2
ENSG00000205413.8|6855|SAMD9|protein_coding	SAMD9
ENSG00000129680.16|6885|MAP7D3|protein_coding	MAP7D3
ENSG00000198756.12|7806|COLGALT2|protein_coding	COLGALT2
ENSG00000146373.17|12887|RNF217|protein_coding	RNF217
ENSG00000167536.14|2952|DHRS13|protein_coding	DHRS13
ENSG00000147100.11|4292|SLC16A2|protein_coding	SLC16A2
ENSG00000111801.16|5658|BTN3A3|protein_coding	BTN3A3
ENSG00000135424.18|6379|ITGA7|protein_coding	ITGA7
ENSG00000168671.10|2683|UGT3A2|protein_coding	UGT3A2
ENSG00000106245.11|2374|BUD31|protein_coding	BUD31
ENSG00000146147.15|7293|MLIP|protein_coding	MLIP
ENSG00000283228.1|3287|CTD-2021K4.1|protein_coding	CTD-2021K4.1
ENSG00000108821.14|9007|COL1A1|protein_coding	COL1A1
ENSG00000115514.12|2816|TXNDC9|protein_coding	TXNDC9
ENSG00000183856.11|6742|IQGAP3|protein_coding	IQGAP3
ENSG00000105519.18|2551|CAPS|protein_coding	CAPS
ENSG00000197016.12|9670|ZNF470|protein_coding	ZNF470
ENSG00000164362.21|5920|TERT|protein_coding	TERT
ENSG00000120784.17|7708|ZFP30|protein_coding	ZFP30
ENSG00000161642.18|3189|ZNF385A|protein_coding	ZNF385A
ENSG00000066382.17|8114|MPPED2|protein_coding	MPPED2
ENSG00000120314.19|7483|WDR55|protein_coding	WDR55
ENSG00000285733.1|4233|RP1-137D17.4|protein_coding	RP1-137D17.4
ENSG00000143537.14|6584|ADAM15|protein_coding	ADAM15
ENSG00000156042.18|7432|CFAP70|protein_coding	CFAP70
ENSG00000141665.13|6223|FBXO15|protein_coding	FBXO15
ENSG00000161682.15|3570|FAM171A2|protein_coding	FAM171A2
ENSG00000167925.16|4019|GHDC|protein_coding	GHDC
ENSG00000197599.12|2726|CCDC154|protein_coding	CCDC154
ENSG00000131379.10|3452|C3orf20|protein_coding	C3orf20
ENSG00000139428.12|6018|MMAB|protein_coding	MMAB
ENSG00000155868.8|2776|MED7|protein_coding	MED7
ENSG00000162490.7|7365|DRAXIN|protein_coding	DRAXIN
ENSG00000188000.6|3461|OR7D2|protein_coding	OR7D2
ENSG00000172939.9|6071|OXSR1|protein_coding	OXSR1
ENSG00000186187.12|8830|ZNRF1|protein_coding	ZNRF1
ENSG00000163449.11|3628|TMEM169|protein_coding	TMEM169
ENSG00000187957.8|3932|DNER|protein_coding	DNER
ENSG00000198920.11|5553|KIAA0753|protein_coding	KIAA0753
ENSG00000089195.15|3783|TRMT6|protein_coding	TRMT6
ENSG00000168679.18|3164|SLC16A4|protein_coding	SLC16A4
ENSG00000108852.15|6114|MPP2|protein_coding	MPP2
ENSG00000091181.20|6602|IL5RA|protein_coding	IL5RA
ENSG00000137073.24|12402|UBAP2|protein_coding	UBAP2
ENSG00000170088.14|10182|TMEM192|protein_coding	TMEM192
ENSG00000126785.13|4082|RHOJ|protein_coding	RHOJ
ENSG00000184381.20|8150|PLA2G6|protein_coding	PLA2G6
ENSG00000166135.14|13894|HIF1AN|protein_coding	HIF1AN
ENSG00000167858.13|3847|TEKT1|protein_coding	TEKT1
ENSG00000102057.10|6082|KCND1|protein_coding	KCND1
ENSG00000142168.15|1975|SOD1|protein_coding	SOD1
ENSG00000206530.11|12160|CFAP44|protein_coding	CFAP44
ENSG00000081842.18|6136|PCDHA6|protein_coding	PCDHA6
ENSG00000133059.17|8475|DSTYK|protein_coding	DSTYK
ENSG00000100288.20|2866|CHKB|protein_coding	CHKB
ENSG00000082996.20|3573|RNF13|protein_coding	RNF13
ENSG00000141337.13|6583|ARSG|protein_coding	ARSG
ENSG00000140678.17|7076|ITGAX|protein_coding	ITGAX
ENSG00000176809.11|7823|LRRC37A3|protein_coding	LRRC37A3
ENSG00000128607.14|6583|KLHDC10|protein_coding	KLHDC10
ENSG00000040633.13|2733|PHF23|protein_coding	PHF23
ENSG00000006025.12|6572|OSBPL7|protein_coding	OSBPL7
ENSG00000187492.9|3201|CDHR4|protein_coding	CDHR4
ENSG00000100462.16|3276|PRMT5|protein_coding	PRMT5
ENSG00000150722.11|4902|PPP1R1C|protein_coding	PPP1R1C
ENSG00000102837.7|2843|OLFM4|protein_coding	OLFM4
ENSG00000139154.16|6768|AEBP2|protein_coding	AEBP2
ENSG00000039139.11|24848|DNAH5|protein_coding	DNAH5
ENSG00000176155.19|12394|CCDC57|protein_coding	CCDC57
ENSG00000162365.12|3853|CYP4A22|protein_coding	CYP4A22
ENSG00000117481.11|7856|NSUN4|protein_coding	NSUN4
ENSG00000152284.5|4431|TCF7L1|protein_coding	TCF7L1
ENSG00000169856.9|6110|ONECUT1|protein_coding	ONECUT1
ENSG00000198000.12|8056|NOL8|protein_coding	NOL8
ENSG00000273802.2|1534|H2BC8|protein_coding	H2BC8
ENSG00000170835.17|2381|CEL|protein_coding	CEL
ENSG00000174501.14|8574|ANKRD36C|protein_coding	ANKRD36C
ENSG00000283361.2|2353|CFAP97D2|protein_coding	CFAP97D2
ENSG00000164104.12|2401|HMGB2|protein_coding	HMGB2
ENSG00000102390.11|1207|PBDC1|protein_coding	PBDC1
ENSG00000170921.15|22866|TANC2|protein_coding	TANC2
ENSG00000146757.14|3513|ZNF92|protein_coding	ZNF92
ENSG00000105388.16|3986|CEACAM5|protein_coding	CEACAM5
ENSG00000261873.2|3506|SMIM36|protein_coding	SMIM36
ENSG00000009335.18|9215|UBE3C|protein_coding	UBE3C
ENSG00000164402.14|7709|SEPTIN8|protein_coding	SEPTIN8
ENSG00000035664.11|13612|DAPK2|protein_coding	DAPK2
ENSG00000183889.12|7897|AC138969.4|protein_coding	AC138969.4
ENSG00000130950.14|2561|NUTM2F|protein_coding	NUTM2F
ENSG00000086189.11|10981|DIMT1|protein_coding	DIMT1
ENSG00000180979.10|8114|LRRC57|protein_coding	LRRC57
ENSG00000100968.14|8437|NFATC4|protein_coding	NFATC4
ENSG00000168542.16|6758|COL3A1|protein_coding	COL3A1
ENSG00000135521.9|1853|LTV1|protein_coding	LTV1
ENSG00000088386.17|4210|SLC15A1|protein_coding	SLC15A1
ENSG00000237515.9|10180|SHISA9|protein_coding	SHISA9
ENSG00000126524.10|1715|SBDS|protein_coding	SBDS
ENSG00000198039.11|8652|ZNF273|protein_coding	ZNF273
ENSG00000177663.14|9036|IL17RA|protein_coding	IL17RA
ENSG00000110274.16|12896|CEP164|protein_coding	CEP164
ENSG00000206384.10|9720|COL6A6|protein_coding	COL6A6
ENSG00000104783.14|3404|KCNN4|protein_coding	KCNN4
ENSG00000122707.12|5569|RECK|protein_coding	RECK
ENSG00000171827.11|6246|ZNF570|protein_coding	ZNF570
ENSG00000158552.13|3398|ZFAND2B|protein_coding	ZFAND2B
ENSG00000125898.13|2722|FAM110A|protein_coding	FAM110A
ENSG00000173320.12|11365|STOX2|protein_coding	STOX2
ENSG00000188529.15|11860|SRSF10|protein_coding	SRSF10
ENSG00000076716.9|4959|GPC4|protein_coding	GPC4
ENSG00000170667.15|7305|RASA4B|protein_coding	RASA4B
ENSG00000254122.3|4962|PCDHGB7|protein_coding	PCDHGB7
ENSG00000196867.8|6972|ZFP28|protein_coding	ZFP28
ENSG00000107282.8|11447|APBA1|protein_coding	APBA1
ENSG00000164841.5|7419|TMEM74|protein_coding	TMEM74
ENSG00000123405.14|2363|NFE2|protein_coding	NFE2
ENSG00000285749.2|4167|RP11-314A5.7|protein_coding	RP11-314A5.7
ENSG00000197641.12|4534|SERPINB13|protein_coding	SERPINB13
ENSG00000115290.10|2987|GRB14|protein_coding	GRB14
ENSG00000137871.21|12118|ZNF280D|protein_coding	ZNF280D
ENSG00000011422.12|4457|PLAUR|protein_coding	PLAUR
ENSG00000143951.16|13600|WDPCP|protein_coding	WDPCP
ENSG00000244122.3|4205|UGT1A7|protein_coding	UGT1A7
ENSG00000167701.14|2756|GPT|protein_coding	GPT
ENSG00000109991.9|4432|P2RX3|protein_coding	P2RX3
ENSG00000103375.11|1387|AQP8|protein_coding	AQP8
ENSG00000007541.17|7856|PIGQ|protein_coding	PIGQ
ENSG00000154529.15|13220|CNTNAP3B|protein_coding	CNTNAP3B
ENSG00000087303.18|6392|NID2|protein_coding	NID2
ENSG00000105289.15|3964|TJP3|protein_coding	TJP3
ENSG00000163810.12|5443|TGM4|protein_coding	TGM4
ENSG00000170454.6|2170|KRT75|protein_coding	KRT75
ENSG00000172955.17|4401|ADH6|protein_coding	ADH6
ENSG00000130921.9|8318|C12orf65|protein_coding	C12orf65
ENSG00000166153.17|4699|DEPDC4|protein_coding	DEPDC4
ENSG00000064651.14|10653|SLC12A2|protein_coding	SLC12A2
ENSG00000135373.13|6617|EHF|protein_coding	EHF
ENSG00000116254.18|10094|CHD5|protein_coding	CHD5
ENSG00000168894.10|1315|RNF181|protein_coding	RNF181
ENSG00000111799.22|18860|COL12A1|protein_coding	COL12A1
ENSG00000183196.10|8620|CHST6|protein_coding	CHST6
ENSG00000101457.13|1866|DNTTIP1|protein_coding	DNTTIP1
ENSG00000101452.15|4998|DHX35|protein_coding	DHX35
ENSG00000163702.20|4540|IL17RC|protein_coding	IL17RC
ENSG00000158715.6|3752|SLC45A3|protein_coding	SLC45A3
ENSG00000132763.15|5049|MMACHC|protein_coding	MMACHC
ENSG00000163624.6|4309|CDS1|protein_coding	CDS1
ENSG00000196177.13|6234|ACADSB|protein_coding	ACADSB
ENSG00000169951.10|2989|ZNF764|protein_coding	ZNF764
ENSG00000168872.17|7847|DDX19A|protein_coding	DDX19A
ENSG00000136274.9|4973|NACAD|protein_coding	NACAD
ENSG00000196296.14|4544|ATP2A1|protein_coding	ATP2A1
ENSG00000158458.21|4601|NRG2|protein_coding	NRG2
ENSG00000168071.22|8350|CCDC88B|protein_coding	CCDC88B
ENSG00000185046.19|11053|ANKS1B|protein_coding	ANKS1B
ENSG00000169093.16_PAR_Y|3506|ASMTL|protein_coding	ASMTL
ENSG00000145087.13|11085|STXBP5L|protein_coding	STXBP5L
ENSG00000184305.15|10474|CCSER1|protein_coding	CCSER1
ENSG00000169223.15|2168|LMAN2|protein_coding	LMAN2
ENSG00000133424.22|14081|LARGE1|protein_coding	LARGE1
ENSG00000162599.17|55886|NFIA|protein_coding	NFIA
ENSG00000137601.17|8354|NEK1|protein_coding	NEK1
ENSG00000105339.11|14693|DENND3|protein_coding	DENND3
ENSG00000166478.10|4222|ZNF143|protein_coding	ZNF143
ENSG00000091106.19|3788|NLRC4|protein_coding	NLRC4
ENSG00000184937.16|8133|WT1|protein_coding	WT1
ENSG00000140853.16|12386|NLRC5|protein_coding	NLRC5
ENSG00000169220.18|3705|RGS14|protein_coding	RGS14
ENSG00000232859.10|5380|LYRM9|protein_coding	LYRM9
ENSG00000273294.1|3424|C1QTNF3-AMACR|protein_coding	C1QTNF3-AMACR
ENSG00000138073.14|3212|PREB|protein_coding	PREB
ENSG00000185305.11|3800|ARL15|protein_coding	ARL15
ENSG00000094914.14|4727|AAAS|protein_coding	AAAS
ENSG00000074755.15|15888|ZZEF1|protein_coding	ZZEF1
ENSG00000135776.5|4268|ABCB10|protein_coding	ABCB10
ENSG00000166359.11|1845|WDR88|protein_coding	WDR88
ENSG00000128573.26|16334|FOXP2|protein_coding	FOXP2
ENSG00000103175.11|8578|WFDC1|protein_coding	WFDC1
ENSG00000241973.11|11407|PI4KA|protein_coding	PI4KA
ENSG00000177706.9|5054|FAM20C|protein_coding	FAM20C
ENSG00000163170.12|3072|BOLA3|protein_coding	BOLA3
ENSG00000226174.7|2878|TEX22|protein_coding	TEX22
ENSG00000166348.19|9658|USP54|protein_coding	USP54
ENSG00000086619.14|5788|ERO1B|protein_coding	ERO1B
ENSG00000164692.18|10817|COL1A2|protein_coding	COL1A2
ENSG00000204963.6|5791|PCDHA7|protein_coding	PCDHA7
ENSG00000214866.9|2856|DCDC2C|protein_coding	DCDC2C
ENSG00000167306.20|10566|MYO5B|protein_coding	MYO5B
ENSG00000158079.16|6369|PTPDC1|protein_coding	PTPDC1
ENSG00000159214.13|3563|CCDC24|protein_coding	CCDC24
ENSG00000114790.13|5459|ARHGEF26|protein_coding	ARHGEF26
ENSG00000181392.17|2548|SYNE4|protein_coding	SYNE4
ENSG00000101391.21|4567|CDK5RAP1|protein_coding	CDK5RAP1
ENSG00000213859.8|3056|KCTD11|protein_coding	KCTD11
ENSG00000125844.16|6980|RRBP1|protein_coding	RRBP1
ENSG00000136490.9|4751|LIMD2|protein_coding	LIMD2
ENSG00000171815.6|7973|PCDHB1|protein_coding	PCDHB1
ENSG00000125730.17|8296|C3|protein_coding	C3
ENSG00000065361.17|11711|ERBB3|protein_coding	ERBB3
ENSG00000147145.13|4733|LPAR4|protein_coding	LPAR4
ENSG00000152377.14|6200|SPOCK1|protein_coding	SPOCK1
ENSG00000135749.19|13827|PCNX2|protein_coding	PCNX2
ENSG00000153531.14|11044|ADPRHL1|protein_coding	ADPRHL1
ENSG00000142453.12|4420|CARM1|protein_coding	CARM1
ENSG00000152767.17|36232|FARP1|protein_coding	FARP1
ENSG00000128534.8|17309|LSM8|protein_coding	LSM8
ENSG00000253368.4|1979|TRNP1|protein_coding	TRNP1
ENSG00000170445.16|14155|HARS1|protein_coding	HARS1
ENSG00000181234.10|5176|TMEM132C|protein_coding	TMEM132C
ENSG00000117791.16|2597|MTARC2|protein_coding	MTARC2
ENSG00000116641.18|24890|DOCK7|protein_coding	DOCK7
ENSG00000106771.13|9503|TMEM245|protein_coding	TMEM245
ENSG00000163655.16|8765|GMPS|protein_coding	GMPS
ENSG00000108947.5|3216|EFNB3|protein_coding	EFNB3
ENSG00000204624.8|6120|DISP3|protein_coding	DISP3
ENSG00000102312.24|5795|PORCN|protein_coding	PORCN
ENSG00000168014.18|27209|C2CD3|protein_coding	C2CD3
ENSG00000186197.15|3996|EDARADD|protein_coding	EDARADD
ENSG00000131174.7|3025|COX7B|protein_coding	COX7B
ENSG00000136010.14|9493|ALDH1L2|protein_coding	ALDH1L2
ENSG00000242866.10|8102|STRC|protein_coding	STRC
ENSG00000116062.17|10955|MSH6|protein_coding	MSH6
ENSG00000150961.15|9920|SEC24D|protein_coding	SEC24D
ENSG00000113262.16|8282|GRM6|protein_coding	GRM6
ENSG00000085788.14|10548|DDHD2|protein_coding	DDHD2
ENSG00000127152.18|8528|BCL11B|protein_coding	BCL11B
ENSG00000085377.15|8917|PREP|protein_coding	PREP
ENSG00000147255.19|7573|IGSF1|protein_coding	IGSF1
ENSG00000180592.17|6703|SKIDA1|protein_coding	SKIDA1
ENSG00000242715.8|8837|CCDC169|protein_coding	CCDC169
ENSG00000149922.11|3174|TBX6|protein_coding	TBX6
ENSG00000111110.12|7164|PPM1H|protein_coding	PPM1H
ENSG00000181143.15|43830|MUC16|protein_coding	MUC16
ENSG00000074054.20|10941|CLASP1|protein_coding	CLASP1
ENSG00000163935.14|5681|SFMBT1|protein_coding	SFMBT1
ENSG00000267467.4|742|APOC4|protein_coding	APOC4
ENSG00000120437.9|2639|ACAT2|protein_coding	ACAT2
ENSG00000168743.13|6111|NPNT|protein_coding	NPNT
ENSG00000182552.15|2754|RWDD4|protein_coding	RWDD4
ENSG00000106633.18|6772|GCK|protein_coding	GCK
ENSG00000256683.7|4542|ZNF350|protein_coding	ZNF350
ENSG00000133997.12|4219|MED6|protein_coding	MED6
ENSG00000104067.17|11315|TJP1|protein_coding	TJP1
ENSG00000115107.20|4562|STEAP3|protein_coding	STEAP3
ENSG00000107147.14|15592|KCNT1|protein_coding	KCNT1
ENSG00000144152.13|6580|FBLN7|protein_coding	FBLN7
ENSG00000087470.19|7282|DNM1L|protein_coding	DNM1L
ENSG00000131067.17|2962|GGT7|protein_coding	GGT7
ENSG00000221836.4|8681|OR2A5|protein_coding	OR2A5
ENSG00000095059.16|2984|DHPS|protein_coding	DHPS
ENSG00000119714.11|3474|GPR68|protein_coding	GPR68
ENSG00000158445.10|17725|KCNB1|protein_coding	KCNB1
ENSG00000138193.16|13679|PLCE1|protein_coding	PLCE1
ENSG00000103599.20|7122|IQCH|protein_coding	IQCH
ENSG00000175198.17|7288|PCCA|protein_coding	PCCA
ENSG00000116830.12|10158|TTF2|protein_coding	TTF2
ENSG00000171824.14|5991|EXOSC10|protein_coding	EXOSC10
ENSG00000172782.13|2858|FADS6|protein_coding	FADS6
ENSG00000186951.16|13219|PPARA|protein_coding	PPARA
ENSG00000245680.11|7538|ZNF585B|protein_coding	ZNF585B
ENSG00000157800.18|10588|SLC37A3|protein_coding	SLC37A3
ENSG00000128652.12|3698|HOXD3|protein_coding	HOXD3
ENSG00000176953.12|5738|NFATC2IP|protein_coding	NFATC2IP
ENSG00000140465.14|3361|CYP1A1|protein_coding	CYP1A1
ENSG00000267426.5|5062|RP11-552F3.12|protein_coding	RP11-552F3.12
ENSG00000117425.14|5334|PTCH2|protein_coding	PTCH2
ENSG00000145990.11|10686|GFOD1|protein_coding	GFOD1
ENSG00000160882.13|4206|CYP11B1|protein_coding	CYP11B1
ENSG00000130810.20|2888|PPAN|protein_coding	PPAN
ENSG00000186193.9|3814|SAPCD2|protein_coding	SAPCD2
ENSG00000144355.15|3570|DLX1|protein_coding	DLX1
ENSG00000162409.11|9362|PRKAA2|protein_coding	PRKAA2
ENSG00000183474.16|7980|GTF2H2C|protein_coding	GTF2H2C
ENSG00000128591.16|9251|FLNC|protein_coding	FLNC
ENSG00000181634.8|7785|TNFSF15|protein_coding	TNFSF15
ENSG00000188158.16|10614|NHS|protein_coding	NHS
ENSG00000128595.17|6342|CALU|protein_coding	CALU
ENSG00000152270.9|11626|PDE3B|protein_coding	PDE3B
ENSG00000103042.9|6657|SLC38A7|protein_coding	SLC38A7
ENSG00000250722.6|5502|SELENOP|protein_coding	SELENOP
ENSG00000116922.15|4443|C1orf109|protein_coding	C1orf109
ENSG00000168026.19|7701|TTC21A|protein_coding	TTC21A
ENSG00000134532.19|11062|SOX5|protein_coding	SOX5
ENSG00000170703.16|5113|TTLL6|protein_coding	TTLL6
ENSG00000198816.7|2083|ZNF358|protein_coding	ZNF358
ENSG00000154478.4|10306|GPR26|protein_coding	GPR26
ENSG00000121057.13|5340|AKAP1|protein_coding	AKAP1
ENSG00000121749.16|8227|TBC1D15|protein_coding	TBC1D15
ENSG00000104332.12|4733|SFRP1|protein_coding	SFRP1
ENSG00000138696.11|6561|BMPR1B|protein_coding	BMPR1B
ENSG00000146166.17|5829|LGSN|protein_coding	LGSN
ENSG00000071205.12|10755|ARHGAP10|protein_coding	ARHGAP10
ENSG00000066032.19|7535|CTNNA2|protein_coding	CTNNA2
ENSG00000132518.7|4022|GUCY2D|protein_coding	GUCY2D
ENSG00000230778.2|4693|ANKRD63|protein_coding	ANKRD63
ENSG00000280571.2|5715|RP4-613B23.5|protein_coding	RP4-613B23.5
ENSG00000101144.13|5425|BMP7|protein_coding	BMP7
ENSG00000104973.19|7683|MED25|protein_coding	MED25
ENSG00000180828.3|3263|BHLHE22|protein_coding	BHLHE22
ENSG00000131013.4|2889|PPIL4|protein_coding	PPIL4
ENSG00000111816.8|13363|FRK|protein_coding	FRK
ENSG00000122375.12|2471|OPN4|protein_coding	OPN4
ENSG00000108515.18|4292|ENO3|protein_coding	ENO3
ENSG00000197763.20|3780|TXNRD3|protein_coding	TXNRD3
ENSG00000111911.7|3325|HINT3|protein_coding	HINT3
ENSG00000169344.16|3410|UMOD|protein_coding	UMOD
ENSG00000258839.4|4759|MC1R|protein_coding	MC1R
ENSG00000169876.14|14693|MUC17|protein_coding	MUC17
ENSG00000047597.7|5174|XK|protein_coding	XK
ENSG00000111696.12|8759|NT5DC3|protein_coding	NT5DC3
ENSG00000116117.18|10700|PARD3B|protein_coding	PARD3B
ENSG00000197753.11|7533|LHFPL5|protein_coding	LHFPL5
ENSG00000131475.7|2391|VPS25|protein_coding	VPS25
ENSG00000255432.1|577|RP11-831H9.11|protein_coding	RP11-831H9.11
ENSG00000154914.17|5084|USP43|protein_coding	USP43
ENSG00000125459.17|4192|MSTO1|protein_coding	MSTO1
ENSG00000213214.5|2609|ARHGEF35|protein_coding	ARHGEF35
ENSG00000123636.18|20247|BAZ2B|protein_coding	BAZ2B
ENSG00000137727.13|7139|ARHGAP20|protein_coding	ARHGAP20
ENSG00000111087.10|4560|GLI1|protein_coding	GLI1
ENSG00000108883.13|10153|EFTUD2|protein_coding	EFTUD2
ENSG00000035862.12|5633|TIMP2|protein_coding	TIMP2
ENSG00000170175.11|4332|CHRNB1|protein_coding	CHRNB1
ENSG00000158623.14|4139|COPG2|protein_coding	COPG2
ENSG00000121634.6|1392|GJA8|protein_coding	GJA8
ENSG00000185946.16|6867|RNPC3|protein_coding	RNPC3
ENSG00000176658.17|8188|MYO1D|protein_coding	MYO1D
ENSG00000175305.18|4397|CCNE2|protein_coding	CCNE2
ENSG00000147408.14|6580|CSGALNACT1|protein_coding	CSGALNACT1
ENSG00000165704.15|1612|HPRT1|protein_coding	HPRT1
ENSG00000135898.10|4146|GPR55|protein_coding	GPR55
ENSG00000136099.13|5150|PCDH8|protein_coding	PCDH8
ENSG00000118873.16|10343|RAB3GAP2|protein_coding	RAB3GAP2
ENSG00000166532.16|8597|RIMKLB|protein_coding	RIMKLB
ENSG00000175104.15|8129|TRAF6|protein_coding	TRAF6
ENSG00000099625.13|4591|CBARP|protein_coding	CBARP
ENSG00000118557.16|5591|PMFBP1|protein_coding	PMFBP1
ENSG00000184445.12|11325|KNTC1|protein_coding	KNTC1
ENSG00000036054.13|5176|TBC1D23|protein_coding	TBC1D23
ENSG00000178691.11|6551|SUZ12|protein_coding	SUZ12
ENSG00000165837.12|2943|ERICH6B|protein_coding	ERICH6B
ENSG00000144583.5|4903|MARCHF4|protein_coding	MARCHF4
ENSG00000168807.16|9875|SNTB2|protein_coding	SNTB2
ENSG00000158714.11|3178|SLAMF8|protein_coding	SLAMF8
ENSG00000138152.10|2413|BTBD16|protein_coding	BTBD16
ENSG00000017427.17|8115|IGF1|protein_coding	IGF1
ENSG00000177058.12|8823|SLC38A9|protein_coding	SLC38A9
ENSG00000182628.13|3233|SKA2|protein_coding	SKA2
ENSG00000180626.10|5300|ZNF594|protein_coding	ZNF594
ENSG00000177613.9|4110|CSTF2T|protein_coding	CSTF2T
ENSG00000172748.14|6008|ZNF596|protein_coding	ZNF596
ENSG00000165118.15|2754|C9orf64|protein_coding	C9orf64
ENSG00000122643.23|3222|NT5C3A|protein_coding	NT5C3A
ENSG00000167741.11|3161|GGT6|protein_coding	GGT6
ENSG00000148655.15|6390|LRMDA|protein_coding	LRMDA
ENSG00000091656.19|15851|ZFHX4|protein_coding	ZFHX4
ENSG00000267228.7|1786|RP11-49K24.6|protein_coding	RP11-49K24.6
ENSG00000196227.11|5373|FAM217B|protein_coding	FAM217B
ENSG00000109063.15|6684|MYH3|protein_coding	MYH3
ENSG00000162836.12|11993|ACP6|protein_coding	ACP6
ENSG00000254413.8|5022|CHKB-CPT1B|protein_coding	CHKB-CPT1B
ENSG00000075391.17|16081|RASAL2|protein_coding	RASAL2
ENSG00000175077.6|2214|RTP1|protein_coding	RTP1
ENSG00000256646.8|3915|RP11-111K18.1|protein_coding	RP11-111K18.1
ENSG00000186416.17|4552|NKRF|protein_coding	NKRF
ENSG00000104660.19|5411|LEPROTL1|protein_coding	LEPROTL1
ENSG00000237190.4|1762|CDKN2AIPNL|protein_coding	CDKN2AIPNL
ENSG00000178150.10|3014|ZNF114|protein_coding	ZNF114
ENSG00000163623.10|3930|NKX6-1|protein_coding	NKX6-1
ENSG00000183570.17|6864|PCBP3|protein_coding	PCBP3
ENSG00000158816.16|11045|VWA5B1|protein_coding	VWA5B1
ENSG00000163214.21|7985|DHX57|protein_coding	DHX57
ENSG00000184999.13|4910|SLC22A10|protein_coding	SLC22A10
ENSG00000122735.16|3614|DNAI1|protein_coding	DNAI1
ENSG00000140538.16|26750|NTRK3|protein_coding	NTRK3
ENSG00000164308.17|6953|ERAP2|protein_coding	ERAP2
ENSG00000166801.17|7221|FAM111A|protein_coding	FAM111A
ENSG00000180822.12|10415|PSMG4|protein_coding	PSMG4
ENSG00000253846.3|6639|PCDHGA10|protein_coding	PCDHGA10
ENSG00000177354.12|5439|C10orf71|protein_coding	C10orf71
ENSG00000149599.16|3705|DUSP15|protein_coding	DUSP15
ENSG00000135750.15|3527|KCNK1|protein_coding	KCNK1
ENSG00000112031.16|4297|MTRF1L|protein_coding	MTRF1L
ENSG00000184992.13|6703|BRI3BP|protein_coding	BRI3BP
ENSG00000134538.3|2787|SLCO1B1|protein_coding	SLCO1B1
ENSG00000187980.7|3855|PLA2G2C|protein_coding	PLA2G2C
ENSG00000156097.12|5057|GPR61|protein_coding	GPR61
ENSG00000141198.16|7275|TOM1L1|protein_coding	TOM1L1
ENSG00000163283.7|2869|ALPP|protein_coding	ALPP
ENSG00000177103.15|7036|DSCAML1|protein_coding	DSCAML1
ENSG00000186532.12|6798|SMYD4|protein_coding	SMYD4
ENSG00000013375.16|7478|PGM3|protein_coding	PGM3
ENSG00000196569.13|10358|LAMA2|protein_coding	LAMA2
ENSG00000173137.12|2742|ADCK5|protein_coding	ADCK5
ENSG00000156414.19|5486|TDRD9|protein_coding	TDRD9
ENSG00000162769.13|6422|FLVCR1|protein_coding	FLVCR1
ENSG00000166025.18|10030|AMOTL1|protein_coding	AMOTL1
ENSG00000049540.18|6455|ELN|protein_coding	ELN
ENSG00000137776.17|8178|SLTM|protein_coding	SLTM
ENSG00000147789.16|10242|ZNF7|protein_coding	ZNF7
ENSG00000166851.15|4760|PLK1|protein_coding	PLK1
ENSG00000167637.18|7200|ZNF283|protein_coding	ZNF283
ENSG00000143889.16|5932|HNRNPLL|protein_coding	HNRNPLL
ENSG00000185010.15|10956|F8|protein_coding	F8
ENSG00000206418.5|2477|RAB12|protein_coding	RAB12
ENSG00000089685.15|3815|BIRC5|protein_coding	BIRC5
ENSG00000138411.13|23675|HECW2|protein_coding	HECW2
ENSG00000215910.7|6499|C1orf167|protein_coding	C1orf167
ENSG00000139675.13|1343|HNRNPA1L2|protein_coding	HNRNPA1L2
ENSG00000105429.13|11372|MEGF8|protein_coding	MEGF8
ENSG00000124155.18|19653|PIGT|protein_coding	PIGT
ENSG00000089041.17|5546|P2RX7|protein_coding	P2RX7
ENSG00000145194.19|4729|ECE2|protein_coding	ECE2
ENSG00000151892.16|10655|GFRA1|protein_coding	GFRA1
ENSG00000114354.15|12709|TFG|protein_coding	TFG
ENSG00000168487.20|7067|BMP1|protein_coding	BMP1
ENSG00000143793.13|4308|C1orf35|protein_coding	C1orf35
ENSG00000156218.13|9752|ADAMTSL3|protein_coding	ADAMTSL3
ENSG00000111364.16|5716|DDX55|protein_coding	DDX55
ENSG00000196188.12|3562|CTSE|protein_coding	CTSE
ENSG00000198860.14|10197|TSEN15|protein_coding	TSEN15
ENSG00000102934.10|8705|PLLP|protein_coding	PLLP
ENSG00000168556.7|2695|ING2|protein_coding	ING2
ENSG00000128039.13|7702|SRD5A3|protein_coding	SRD5A3
ENSG00000170430.10|6527|MGMT|protein_coding	MGMT
ENSG00000133731.10|4405|IMPA1|protein_coding	IMPA1
ENSG00000151835.17|26912|SACS|protein_coding	SACS
ENSG00000205670.12|7896|SMIM11A|protein_coding	SMIM11A
ENSG00000214530.10|4076|STARD10|protein_coding	STARD10
ENSG00000106588.12|8378|PSMA2|protein_coding	PSMA2
ENSG00000105767.3|2257|CADM4|protein_coding	CADM4
ENSG00000172922.11|4972|RNASEH2C|protein_coding	RNASEH2C
ENSG00000166526.18|5424|ZNF3|protein_coding	ZNF3
ENSG00000169884.14|2601|WNT10B|protein_coding	WNT10B
ENSG00000174938.15|4113|SEZ6L2|protein_coding	SEZ6L2
ENSG00000183878.16|9716|UTY|protein_coding	UTY
ENSG00000002016.18|4503|RAD52|protein_coding	RAD52
ENSG00000138621.12|3750|PPCDC|protein_coding	PPCDC
ENSG00000187902.13|6536|SHISA7|protein_coding	SHISA7
ENSG00000171219.9|6531|CDC42BPG|protein_coding	CDC42BPG
ENSG00000110881.12|5745|ASIC1|protein_coding	ASIC1
ENSG00000165643.11|3642|SOHLH1|protein_coding	SOHLH1
ENSG00000152404.15|3581|CWF19L2|protein_coding	CWF19L2
ENSG00000196876.18|16144|SCN8A|protein_coding	SCN8A
ENSG00000153214.11|5321|TMEM87B|protein_coding	TMEM87B
ENSG00000155760.3|4587|FZD7|protein_coding	FZD7
ENSG00000069248.12|6081|NUP133|protein_coding	NUP133
ENSG00000122034.17|2926|GTF3A|protein_coding	GTF3A
ENSG00000087206.17|4767|UIMC1|protein_coding	UIMC1
ENSG00000136944.19|6345|LMX1B|protein_coding	LMX1B
ENSG00000068024.17|13377|HDAC4|protein_coding	HDAC4
ENSG00000115504.15|8224|EHBP1|protein_coding	EHBP1
ENSG00000107651.14|7847|SEC23IP|protein_coding	SEC23IP
ENSG00000133812.17|16816|SBF2|protein_coding	SBF2
ENSG00000122674.12|6431|CCZ1|protein_coding	CCZ1
ENSG00000152229.18|4120|PSTPIP2|protein_coding	PSTPIP2
ENSG00000205085.13|6920|FAM71F2|protein_coding	FAM71F2
ENSG00000170370.12|3261|EMX2|protein_coding	EMX2
ENSG00000163625.16|17168|WDFY3|protein_coding	WDFY3
ENSG00000177508.12|2935|IRX3|protein_coding	IRX3
ENSG00000161921.17|2793|CXCL16|protein_coding	CXCL16
ENSG00000065243.20|6897|PKN2|protein_coding	PKN2
ENSG00000142224.17|6231|IL19|protein_coding	IL19
ENSG00000183813.7|3025|CCR4|protein_coding	CCR4
ENSG00000147614.4|2940|ATP6V0D2|protein_coding	ATP6V0D2
ENSG00000122417.15|10898|ODF2L|protein_coding	ODF2L
ENSG00000149090.12|3863|PAMR1|protein_coding	PAMR1
ENSG00000128594.8|4403|LRRC4|protein_coding	LRRC4
ENSG00000026559.14|5415|KCNG1|protein_coding	KCNG1
ENSG00000158373.8|871|H2BC5|protein_coding	H2BC5
ENSG00000105552.15|4553|BCAT2|protein_coding	BCAT2
ENSG00000196811.13|4362|CHRNG|protein_coding	CHRNG
ENSG00000188735.13|8449|TMEM120B|protein_coding	TMEM120B
ENSG00000161649.13|4755|CD300LG|protein_coding	CD300LG
ENSG00000170385.10|5893|SLC30A1|protein_coding	SLC30A1
ENSG00000106789.13|5714|CORO2A|protein_coding	CORO2A
ENSG00000153015.16|3727|CWC27|protein_coding	CWC27
ENSG00000075415.15|8896|SLC25A3|protein_coding	SLC25A3
ENSG00000165899.12|12279|OTOGL|protein_coding	OTOGL
ENSG00000147364.17|11438|FBXO25|protein_coding	FBXO25
ENSG00000160446.19|2596|ZDHHC12|protein_coding	ZDHHC12
ENSG00000141542.11|6164|RAB40B|protein_coding	RAB40B
ENSG00000174145.8|7800|NWD2|protein_coding	NWD2
ENSG00000164828.18|11850|SUN1|protein_coding	SUN1
ENSG00000170324.21|8617|FRMPD2|protein_coding	FRMPD2
ENSG00000174442.12|4851|ZWILCH|protein_coding	ZWILCH
ENSG00000091704.10|2837|CPA1|protein_coding	CPA1
ENSG00000006047.13|4631|YBX2|protein_coding	YBX2
ENSG00000023171.19|14944|GRAMD1B|protein_coding	GRAMD1B
ENSG00000162624.15|4471|LHX8|protein_coding	LHX8
ENSG00000166676.17|5772|TVP23A|protein_coding	TVP23A
ENSG00000269897.5|1904|COMMD3-BMI1|protein_coding	COMMD3-BMI1
ENSG00000130714.19|12766|POMT1|protein_coding	POMT1
ENSG00000101076.18|11917|HNF4A|protein_coding	HNF4A
ENSG00000167080.9|8961|B4GALNT2|protein_coding	B4GALNT2
ENSG00000112992.18|12018|NNT|protein_coding	NNT
ENSG00000147996.17|12673|CBWD5|protein_coding	CBWD5
ENSG00000168818.10|5349|STX18|protein_coding	STX18
ENSG00000101180.16|2692|HRH3|protein_coding	HRH3
ENSG00000125885.13|7691|MCM8|protein_coding	MCM8
ENSG00000205571.14|2985|SMN2|protein_coding	SMN2
ENSG00000198598.7|4001|MMP17|protein_coding	MMP17
ENSG00000140478.15|3455|GOLGA6D|protein_coding	GOLGA6D
ENSG00000007174.18|16941|DNAH9|protein_coding	DNAH9
ENSG00000101294.18|8766|HM13|protein_coding	HM13
ENSG00000115355.17|33942|CCDC88A|protein_coding	CCDC88A
ENSG00000079263.19|5582|SP140|protein_coding	SP140
ENSG00000133739.16|5001|LRRCC1|protein_coding	LRRCC1
ENSG00000254673.1|623|RP11-598P20.5|protein_coding	RP11-598P20.5
ENSG00000234719.9|2833|NPIPB2|protein_coding	NPIPB2
ENSG00000102878.18|3913|HSF4|protein_coding	HSF4
ENSG00000099864.18|4912|PALM|protein_coding	PALM
ENSG00000175768.13|3606|TOMM5|protein_coding	TOMM5
ENSG00000169436.17|7865|COL22A1|protein_coding	COL22A1
ENSG00000188056.12|2697|TREML4|protein_coding	TREML4
ENSG00000203727.4|6557|SAMD5|protein_coding	SAMD5
ENSG00000174227.16|10899|PIGG|protein_coding	PIGG
ENSG00000203546.7|4422|RP11-176H8.1|protein_coding	RP11-176H8.1
ENSG00000164078.13|5252|MST1R|protein_coding	MST1R
ENSG00000153404.14|13304|PLEKHG4B|protein_coding	PLEKHG4B
ENSG00000043039.7|3752|BARX2|protein_coding	BARX2
ENSG00000139155.9|4883|SLCO1C1|protein_coding	SLCO1C1
ENSG00000166997.8|2451|CNPY4|protein_coding	CNPY4
ENSG00000188162.12|10823|OTOG|protein_coding	OTOG
ENSG00000198542.14|6176|ITGBL1|protein_coding	ITGBL1
ENSG00000258890.7|7771|CEP95|protein_coding	CEP95
ENSG00000125084.12|2422|WNT1|protein_coding	WNT1
ENSG00000111664.11|3437|GNB3|protein_coding	GNB3
ENSG00000215114.10|5295|UBXN2B|protein_coding	UBXN2B
ENSG00000271949.1|654|RP11-302M6.4|protein_coding	RP11-302M6.4
ENSG00000259224.2|1697|SLC35G6|protein_coding	SLC35G6
ENSG00000137941.17|10547|TTLL7|protein_coding	TTLL7
ENSG00000166483.12|9251|WEE1|protein_coding	WEE1
ENSG00000102921.8|7810|N4BP1|protein_coding	N4BP1
ENSG00000279486.6|6993|OR2AG1|protein_coding	OR2AG1
ENSG00000186020.13|8177|ZNF529|protein_coding	ZNF529
ENSG00000028310.18|9549|BRD9|protein_coding	BRD9
ENSG00000167004.13|4221|PDIA3|protein_coding	PDIA3
ENSG00000141905.19|9801|NFIC|protein_coding	NFIC
ENSG00000135334.9|2235|AKIRIN2|protein_coding	AKIRIN2
ENSG00000170848.16|5133|PSG6|protein_coding	PSG6
ENSG00000112902.12|12308|SEMA5A|protein_coding	SEMA5A
ENSG00000187024.15|4072|PTRH1|protein_coding	PTRH1
ENSG00000164885.13|2302|CDK5|protein_coding	CDK5
ENSG00000005471.19|7728|ABCB4|protein_coding	ABCB4
ENSG00000110400.11|7817|NECTIN1|protein_coding	NECTIN1
ENSG00000185933.7|3212|CALHM1|protein_coding	CALHM1
ENSG00000108406.10|5906|DHX40|protein_coding	DHX40
ENSG00000136305.11|3198|CIDEB|protein_coding	CIDEB
ENSG00000111261.14|5716|MANSC1|protein_coding	MANSC1
ENSG00000174579.4|5411|MSL2|protein_coding	MSL2
ENSG00000103335.22|11292|PIEZO1|protein_coding	PIEZO1
ENSG00000130758.8|4884|MAP3K10|protein_coding	MAP3K10
ENSG00000273899.5|3587|NOL12|protein_coding	NOL12
ENSG00000228198.3|9933|OR2M3|protein_coding	OR2M3
ENSG00000137494.14|6751|ANKRD42|protein_coding	ANKRD42
ENSG00000197170.10|5342|PSMD12|protein_coding	PSMD12
ENSG00000005075.15|1355|POLR2J|protein_coding	POLR2J
ENSG00000099804.9|1894|CDC34|protein_coding	CDC34
ENSG00000239264.9|4361|TXNDC5|protein_coding	TXNDC5
ENSG00000176142.13|5867|TMEM39A|protein_coding	TMEM39A
ENSG00000157168.20|21398|NRG1|protein_coding	NRG1
ENSG00000167371.21|3755|PRRT2|protein_coding	PRRT2
ENSG00000096968.14|7908|JAK2|protein_coding	JAK2
ENSG00000164796.18|20407|CSMD3|protein_coding	CSMD3
ENSG00000150873.12|7902|C2orf50|protein_coding	C2orf50
ENSG00000188338.15|3968|SLC38A3|protein_coding	SLC38A3
ENSG00000133317.16|2302|LGALS12|protein_coding	LGALS12
ENSG00000196427.14|3463|NBPF4|protein_coding	NBPF4
ENSG00000284917.1|3445|EEF1AKMT4-ECE2|protein_coding	EEF1AKMT4-ECE2
ENSG00000148824.19|5308|MTG1|protein_coding	MTG1
ENSG00000118620.13|6831|ZNF430|protein_coding	ZNF430
ENSG00000140459.18|3397|CYP11A1|protein_coding	CYP11A1
ENSG00000148200.17|7125|NR6A1|protein_coding	NR6A1
ENSG00000114786.16|4761|ABHD14A-ACY1|protein_coding	ABHD14A-ACY1
ENSG00000049245.13|2733|VAMP3|protein_coding	VAMP3
ENSG00000155729.13|4909|KCTD18|protein_coding	KCTD18
ENSG00000285269.2|4087|RP11-240L7.5|protein_coding	RP11-240L7.5
ENSG00000138759.20|20323|FRAS1|protein_coding	FRAS1
ENSG00000206503.13|2710|HLA-A|protein_coding	HLA-A
ENSG00000100802.15|4257|C14orf93|protein_coding	C14orf93
ENSG00000128626.12|1754|MRPS12|protein_coding	MRPS12
ENSG00000156298.13|2938|TSPAN7|protein_coding	TSPAN7
ENSG00000127249.15|8988|ATP13A4|protein_coding	ATP13A4
ENSG00000123454.12|2746|DBH|protein_coding	DBH
ENSG00000204271.13|15841|SPIN3|protein_coding	SPIN3
ENSG00000167971.16|5969|CASKIN1|protein_coding	CASKIN1
ENSG00000135185.12|3270|TMEM243|protein_coding	TMEM243
ENSG00000178177.16|16917|LCORL|protein_coding	LCORL
ENSG00000078098.14|6968|FAP|protein_coding	FAP
ENSG00000176393.11|3455|RNPEP|protein_coding	RNPEP
ENSG00000213380.16|7851|COG8|protein_coding	COG8
ENSG00000169715.15|1052|MT1E|protein_coding	MT1E
ENSG00000159433.12|20776|STARD9|protein_coding	STARD9
ENSG00000134533.6|4157|RERG|protein_coding	RERG
ENSG00000172927.8|3747|MYEOV|protein_coding	MYEOV
ENSG00000123119.12|6202|NECAB1|protein_coding	NECAB1
ENSG00000187595.16|5198|ZNF385C|protein_coding	ZNF385C
ENSG00000151150.22|25759|ANK3|protein_coding	ANK3
ENSG00000178665.16|6480|ZNF713|protein_coding	ZNF713
ENSG00000149929.16|3560|HIRIP3|protein_coding	HIRIP3
ENSG00000159164.10|4786|SV2A|protein_coding	SV2A
ENSG00000198342.10|6596|ZNF442|protein_coding	ZNF442
ENSG00000144229.12|6762|THSD7B|protein_coding	THSD7B
ENSG00000111913.20|9435|RIPOR2|protein_coding	RIPOR2
ENSG00000080031.10|4345|PTPRH|protein_coding	PTPRH
ENSG00000132549.20|20919|VPS13B|protein_coding	VPS13B
ENSG00000196275.15|8844|GTF2IRD2|protein_coding	GTF2IRD2
ENSG00000140948.13|8369|ZCCHC14|protein_coding	ZCCHC14
ENSG00000146700.9|2821|SSC4D|protein_coding	SSC4D
ENSG00000263874.2|3692|LINC00672|protein_coding	LINC00672
ENSG00000119042.17|10958|SATB2|protein_coding	SATB2
ENSG00000173193.15|10274|PARP14|protein_coding	PARP14
ENSG00000148737.17|6739|TCF7L2|protein_coding	TCF7L2
ENSG00000217555.13|1161|CKLF|protein_coding	CKLF
ENSG00000168883.20|3953|USP39|protein_coding	USP39
ENSG00000146826.17|3263|TRAPPC14|protein_coding	TRAPPC14
ENSG00000159409.15|6774|CELF3|protein_coding	CELF3
ENSG00000163082.10|4983|SGPP2|protein_coding	SGPP2
ENSG00000173517.11|24184|PEAK1|protein_coding	PEAK1
ENSG00000138443.17|23275|ABI2|protein_coding	ABI2
ENSG00000149970.16|31865|CNKSR2|protein_coding	CNKSR2
ENSG00000137996.13|3028|RTCA|protein_coding	RTCA
ENSG00000071655.18|7909|MBD3|protein_coding	MBD3
ENSG00000101311.16|4845|FERMT1|protein_coding	FERMT1
ENSG00000051382.9|7841|PIK3CB|protein_coding	PIK3CB
ENSG00000131781.13|5984|FMO5|protein_coding	FMO5
ENSG00000169194.9|2887|IL13|protein_coding	IL13
ENSG00000174799.11|8638|CEP135|protein_coding	CEP135
ENSG00000198742.10|6282|SMURF1|protein_coding	SMURF1
ENSG00000146285.14|9066|SCML4|protein_coding	SCML4
ENSG00000261934.3|4899|PCDHGA9|protein_coding	PCDHGA9
ENSG00000157388.20|19199|CACNA1D|protein_coding	CACNA1D
ENSG00000139915.21|8877|MDGA2|protein_coding	MDGA2
ENSG00000128581.17|6585|IFT22|protein_coding	IFT22
ENSG00000196437.12|5016|ZNF569|protein_coding	ZNF569
ENSG00000214694.12|5500|ARHGEF33|protein_coding	ARHGEF33
ENSG00000038210.14|3685|PI4K2B|protein_coding	PI4K2B
ENSG00000196549.13|9863|MME|protein_coding	MME
ENSG00000205903.7|7662|ZNF316|protein_coding	ZNF316
ENSG00000221843.4|16402|C2orf16|protein_coding	C2orf16
ENSG00000008130.15|5570|NADK|protein_coding	NADK
ENSG00000184277.13|11894|TM2D3|protein_coding	TM2D3
ENSG00000112379.9|14859|ARFGEF3|protein_coding	ARFGEF3
ENSG00000185313.9|6730|SCN10A|protein_coding	SCN10A
ENSG00000155893.13|13343|PXYLP1|protein_coding	PXYLP1
ENSG00000130669.17|7115|PAK4|protein_coding	PAK4
ENSG00000128833.13|10051|MYO5C|protein_coding	MYO5C
ENSG00000004838.14|2889|ZMYND10|protein_coding	ZMYND10
ENSG00000143156.14|5718|NME7|protein_coding	NME7
ENSG00000130396.21|13731|AFDN|protein_coding	AFDN
ENSG00000204435.15|3788|CSNK2B|protein_coding	CSNK2B
ENSG00000172752.14|9586|COL6A5|protein_coding	COL6A5
ENSG00000124587.14|3465|PEX6|protein_coding	PEX6
ENSG00000125522.4|3572|NPBWR2|protein_coding	NPBWR2
ENSG00000205084.11|6000|TMEM231|protein_coding	TMEM231
ENSG00000138758.12|9740|SEPTIN11|protein_coding	SEPTIN11
ENSG00000103460.17|6754|TOX3|protein_coding	TOX3
ENSG00000198019.13|4234|FCGR1B|protein_coding	FCGR1B
ENSG00000183715.14|7565|OPCML|protein_coding	OPCML
ENSG00000116521.11|2442|SCAMP3|protein_coding	SCAMP3
ENSG00000188315.8|4142|C3orf62|protein_coding	C3orf62
ENSG00000118705.17|2700|RPN2|protein_coding	RPN2
ENSG00000006071.16|27254|ABCC8|protein_coding	ABCC8
ENSG00000188517.16|8744|COL25A1|protein_coding	COL25A1
ENSG00000151470.13|7015|C4orf33|protein_coding	C4orf33
ENSG00000174939.11|2312|ASPHD1|protein_coding	ASPHD1
ENSG00000105245.9|5823|NUMBL|protein_coding	NUMBL
ENSG00000132603.15|4744|NIP7|protein_coding	NIP7
ENSG00000169118.18|9618|CSNK1G1|protein_coding	CSNK1G1
ENSG00000153896.19|6799|ZNF599|protein_coding	ZNF599
ENSG00000124159.16|2466|MATN4|protein_coding	MATN4
ENSG00000042781.14|20633|USH2A|protein_coding	USH2A
ENSG00000168439.17|4601|STIP1|protein_coding	STIP1
ENSG00000146063.20|12811|TRIM41|protein_coding	TRIM41
ENSG00000103549.22|6286|RNF40|protein_coding	RNF40
ENSG00000085871.9|3172|MGST2|protein_coding	MGST2
ENSG00000143183.18|5326|TMCO1|protein_coding	TMCO1
ENSG00000113761.12|6686|ZNF346|protein_coding	ZNF346
ENSG00000139531.13|5008|SUOX|protein_coding	SUOX
ENSG00000262209.3|4775|PCDHGB3|protein_coding	PCDHGB3
ENSG00000196878.15|4647|LAMB3|protein_coding	LAMB3
ENSG00000215397.4|3200|SCRT2|protein_coding	SCRT2
ENSG00000094841.14|3689|UPRT|protein_coding	UPRT
ENSG00000132128.17|8614|LRRC41|protein_coding	LRRC41
ENSG00000164120.14|5531|HPGD|protein_coding	HPGD
ENSG00000006042.12|5187|TMEM98|protein_coding	TMEM98
ENSG00000066777.9|11059|ARFGEF1|protein_coding	ARFGEF1
ENSG00000184206.12|6065|GOLGA6L4|protein_coding	GOLGA6L4
ENSG00000123307.4|3927|NEUROD4|protein_coding	NEUROD4
ENSG00000176619.13|5395|LMNB2|protein_coding	LMNB2
ENSG00000112139.17|14690|MDGA1|protein_coding	MDGA1
ENSG00000061936.10|10158|SFSWAP|protein_coding	SFSWAP
ENSG00000227124.11|7648|ZNF717|protein_coding	ZNF717
ENSG00000133794.20|6934|ARNTL|protein_coding	ARNTL
ENSG00000077063.11|6969|CTTNBP2|protein_coding	CTTNBP2
ENSG00000180089.6|2147|TMEM86B|protein_coding	TMEM86B
ENSG00000124571.18|8481|XPO5|protein_coding	XPO5
ENSG00000183760.11|3044|ACP7|protein_coding	ACP7
ENSG00000165669.14|15023|FAM204A|protein_coding	FAM204A
ENSG00000167619.13|3605|TMEM145|protein_coding	TMEM145
ENSG00000196950.14|6917|SLC39A10|protein_coding	SLC39A10
ENSG00000145088.9|1770|EAF2|protein_coding	EAF2
ENSG00000171241.9|6175|SHCBP1|protein_coding	SHCBP1
ENSG00000204852.17|12558|TCTN1|protein_coding	TCTN1
ENSG00000134917.10|4141|ADAMTS8|protein_coding	ADAMTS8
ENSG00000136861.18|10080|CDK5RAP2|protein_coding	CDK5RAP2
ENSG00000155324.10|5051|GRAMD2B|protein_coding	GRAMD2B
ENSG00000110756.18|6433|HPS5|protein_coding	HPS5
ENSG00000258644.6|1404|SYNJ2BP-COX16|protein_coding	SYNJ2BP-COX16
ENSG00000185069.2|2529|KRT76|protein_coding	KRT76
ENSG00000197430.11|3874|OPALIN|protein_coding	OPALIN
ENSG00000079156.17|11488|OSBPL6|protein_coding	OSBPL6
ENSG00000183496.6|4342|MEX3B|protein_coding	MEX3B
ENSG00000146587.18|6959|RBAK|protein_coding	RBAK
ENSG00000031823.14|7445|RANBP3|protein_coding	RANBP3
ENSG00000058404.20|8159|CAMK2B|protein_coding	CAMK2B
ENSG00000274209.6|3101|ANTXRL|protein_coding	ANTXRL
ENSG00000095951.17|11005|HIVEP1|protein_coding	HIVEP1
ENSG00000136731.13|11349|UGGT1|protein_coding	UGGT1
ENSG00000046651.16|15550|OFD1|protein_coding	OFD1
ENSG00000169062.15|5755|UPF3A|protein_coding	UPF3A
ENSG00000064205.11|4981|CCN5|protein_coding	CCN5
ENSG00000130528.12|2657|HRC|protein_coding	HRC
ENSG00000114383.10|2404|TUSC2|protein_coding	TUSC2
ENSG00000119013.10|1852|NDUFB3|protein_coding	NDUFB3
ENSG00000069018.19|3768|TRPC7|protein_coding	TRPC7
ENSG00000112659.14|12242|CUL9|protein_coding	CUL9
ENSG00000188766.12|5864|SPRED3|protein_coding	SPRED3
ENSG00000023839.12|7837|ABCC2|protein_coding	ABCC2
ENSG00000182985.18|10975|CADM1|protein_coding	CADM1
ENSG00000170927.15|17443|PKHD1|protein_coding	PKHD1
ENSG00000143457.11|3334|GOLPH3L|protein_coding	GOLPH3L
ENSG00000143106.13|5734|PSMA5|protein_coding	PSMA5
ENSG00000196209.13|5047|SIRPB2|protein_coding	SIRPB2
ENSG00000197162.10|4950|ZNF785|protein_coding	ZNF785
ENSG00000180488.15|10128|MIGA1|protein_coding	MIGA1
ENSG00000164604.14|7582|GPR85|protein_coding	GPR85
ENSG00000197061.5|405|H4C3|protein_coding	H4C3
ENSG00000174306.22|11680|ZHX3|protein_coding	ZHX3
ENSG00000168259.17|12944|DNAJC7|protein_coding	DNAJC7
ENSG00000168116.14|3109|KIAA1586|protein_coding	KIAA1586
ENSG00000166415.15|8573|WDR72|protein_coding	WDR72
ENSG00000168785.8|7412|TSPAN5|protein_coding	TSPAN5
ENSG00000149256.16|16414|TENM4|protein_coding	TENM4
ENSG00000060762.19|1546|MPC1|protein_coding	MPC1
ENSG00000141750.7|3430|STAC2|protein_coding	STAC2
ENSG00000138032.21|7105|PPM1B|protein_coding	PPM1B
ENSG00000162069.16|4708|BICDL2|protein_coding	BICDL2
ENSG00000149488.14|7006|TMC2|protein_coding	TMC2
ENSG00000108352.13|5736|RAPGEFL1|protein_coding	RAPGEFL1
ENSG00000141497.14|3485|ZMYND15|protein_coding	ZMYND15
ENSG00000176299.5|3545|OR4M1|protein_coding	OR4M1
ENSG00000205143.3|1390|ARID3C|protein_coding	ARID3C
ENSG00000148660.21|7273|CAMK2G|protein_coding	CAMK2G
ENSG00000121068.14|6082|TBX2|protein_coding	TBX2
ENSG00000169330.9|6994|MINAR1|protein_coding	MINAR1
ENSG00000136738.15|4130|STAM|protein_coding	STAM
ENSG00000213578.6|2002|CPLX3|protein_coding	CPLX3
ENSG00000196459.15|6215|TRAPPC2|protein_coding	TRAPPC2
ENSG00000146205.14|5695|ANO7|protein_coding	ANO7
ENSG00000162267.12|5921|ITIH3|protein_coding	ITIH3
ENSG00000169599.13|1834|NFU1|protein_coding	NFU1
ENSG00000197128.12|6096|ZNF772|protein_coding	ZNF772
ENSG00000083223.18|6707|TUT7|protein_coding	TUT7
ENSG00000177106.16|5689|EPS8L2|protein_coding	EPS8L2
ENSG00000040608.14|3126|RTN4R|protein_coding	RTN4R
ENSG00000149305.7|4827|HTR3B|protein_coding	HTR3B
ENSG00000118894.15|3135|EEF2KMT|protein_coding	EEF2KMT
ENSG00000162976.13|2271|SLC66A3|protein_coding	SLC66A3
ENSG00000131721.6|2848|RHOXF2|protein_coding	RHOXF2
ENSG00000003147.19|4883|ICA1|protein_coding	ICA1
ENSG00000268193.5|685|AC002985.3|protein_coding	AC002985.3
ENSG00000129103.19|4101|SUMF2|protein_coding	SUMF2
ENSG00000135976.20|11284|ANKRD36|protein_coding	ANKRD36
ENSG00000132681.17|6271|ATP1A4|protein_coding	ATP1A4
ENSG00000090565.17|6287|RAB11FIP3|protein_coding	RAB11FIP3
ENSG00000065911.13|11443|MTHFD2|protein_coding	MTHFD2
ENSG00000157540.22|26763|DYRK1A|protein_coding	DYRK1A
ENSG00000204882.4|1564|GPR20|protein_coding	GPR20
ENSG00000168959.15|8694|GRM5|protein_coding	GRM5
ENSG00000129219.14|4832|PLD2|protein_coding	PLD2
ENSG00000130299.17|4528|GTPBP3|protein_coding	GTPBP3
ENSG00000171877.21|6692|FRMD5|protein_coding	FRMD5
ENSG00000112218.9|5967|GPR63|protein_coding	GPR63
ENSG00000161671.17|10749|EMC10|protein_coding	EMC10
ENSG00000114770.17|11365|ABCC5|protein_coding	ABCC5
ENSG00000172661.19|5705|WASHC2C|protein_coding	WASHC2C
ENSG00000182180.14|2794|MRPS16|protein_coding	MRPS16
ENSG00000158169.13|12809|FANCC|protein_coding	FANCC
ENSG00000179761.12|3814|PIPOX|protein_coding	PIPOX
ENSG00000151617.17|4238|EDNRA|protein_coding	EDNRA
ENSG00000153936.17|7426|HS2ST1|protein_coding	HS2ST1
ENSG00000214491.8|3392|SEC14L6|protein_coding	SEC14L6
ENSG00000074071.15|1092|MRPS34|protein_coding	MRPS34
ENSG00000246922.9|8549|UBAP1L|protein_coding	UBAP1L
ENSG00000146574.16|6933|CCZ1B|protein_coding	CCZ1B
ENSG00000130119.17|11949|GNL3L|protein_coding	GNL3L
ENSG00000153037.15|10517|SRP19|protein_coding	SRP19
ENSG00000225614.4|13774|ZNF469|protein_coding	ZNF469
ENSG00000196365.12|5032|LONP1|protein_coding	LONP1
ENSG00000162852.14|5933|CNST|protein_coding	CNST
ENSG00000134398.15|4740|ERN2|protein_coding	ERN2
ENSG00000134108.14|3546|ARL8B|protein_coding	ARL8B
ENSG00000080815.19|9947|PSEN1|protein_coding	PSEN1
ENSG00000140057.9|4984|AK7|protein_coding	AK7
ENSG00000081985.13|6067|IL12RB2|protein_coding	IL12RB2
ENSG00000145198.14|5730|VWA5B2|protein_coding	VWA5B2
ENSG00000180901.11|5279|KCTD2|protein_coding	KCTD2
ENSG00000138760.11|19388|SCARB2|protein_coding	SCARB2
ENSG00000156873.16|7486|PHKG2|protein_coding	PHKG2
ENSG00000184350.11|4108|MRGPRE|protein_coding	MRGPRE
ENSG00000165338.17|11550|HECTD2|protein_coding	HECTD2
ENSG00000054523.19|17955|KIF1B|protein_coding	KIF1B
ENSG00000005100.13|5789|DHX33|protein_coding	DHX33
ENSG00000052841.15|11296|TTC17|protein_coding	TTC17
ENSG00000100445.18|3072|SDR39U1|protein_coding	SDR39U1
ENSG00000124356.17|18050|STAMBP|protein_coding	STAMBP
ENSG00000239839.7|494|DEFA3|protein_coding	DEFA3
ENSG00000176697.20|7740|BDNF|protein_coding	BDNF
ENSG00000205978.6|7733|NYNRIN|protein_coding	NYNRIN
ENSG00000254126.8|5157|CD8B2|protein_coding	CD8B2
ENSG00000254656.3|5398|RTL1|protein_coding	RTL1
ENSG00000069849.11|2617|ATP1B3|protein_coding	ATP1B3
ENSG00000145934.16|11042|TENM2|protein_coding	TENM2
ENSG00000170379.21|6410|TCAF2|protein_coding	TCAF2
ENSG00000185518.12|13710|SV2B|protein_coding	SV2B
ENSG00000143107.10|3090|FNDC7|protein_coding	FNDC7
ENSG00000273604.2|3255|EPOP|protein_coding	EPOP
ENSG00000156170.13|6403|NDUFAF6|protein_coding	NDUFAF6
ENSG00000257524.6|3815|RP11-203J24.9|protein_coding	RP11-203J24.9
ENSG00000136811.16|6393|ODF2|protein_coding	ODF2
ENSG00000135148.12|3898|TRAFD1|protein_coding	TRAFD1
ENSG00000187553.10|4378|CYP26C1|protein_coding	CYP26C1
ENSG00000165702.15|6104|GFI1B|protein_coding	GFI1B
ENSG00000186166.9|5111|CENATAC|protein_coding	CENATAC
ENSG00000178222.13|5005|RNF212|protein_coding	RNF212
ENSG00000048649.14|15579|RSF1|protein_coding	RSF1
ENSG00000137822.13|11171|TUBGCP4|protein_coding	TUBGCP4
ENSG00000115255.12|2030|REEP6|protein_coding	REEP6
ENSG00000058056.10|15296|USP13|protein_coding	USP13
ENSG00000164597.15|8397|COG5|protein_coding	COG5
ENSG00000172183.16|7184|ISG20|protein_coding	ISG20
ENSG00000112237.13|5610|CCNC|protein_coding	CCNC
ENSG00000198807.13|5682|PAX9|protein_coding	PAX9
ENSG00000135540.11|8741|NHSL1|protein_coding	NHSL1
ENSG00000198046.12|8810|ZNF667|protein_coding	ZNF667
ENSG00000285901.2|3435|RP11-388F6.5|protein_coding	RP11-388F6.5
ENSG00000158864.13|8898|NDUFS2|protein_coding	NDUFS2
ENSG00000001626.16|9942|CFTR|protein_coding	CFTR
ENSG00000134072.11|2715|CAMK1|protein_coding	CAMK1
ENSG00000196090.12|12943|PTPRT|protein_coding	PTPRT
ENSG00000167178.16|5847|ISLR2|protein_coding	ISLR2
ENSG00000174562.13|2289|KLK15|protein_coding	KLK15
ENSG00000101188.5|4238|NTSR1|protein_coding	NTSR1
ENSG00000197520.10|2603|FAM177B|protein_coding	FAM177B
ENSG00000137807.16|6576|KIF23|protein_coding	KIF23
ENSG00000132950.19|3726|ZMYM5|protein_coding	ZMYM5
ENSG00000241468.8|2130|ATP5MF|protein_coding	ATP5MF
ENSG00000105993.15|14981|DNAJB6|protein_coding	DNAJB6
ENSG00000142347.19|8561|MYO1F|protein_coding	MYO1F
ENSG00000178381.12|2282|ZFAND2A|protein_coding	ZFAND2A
ENSG00000103356.18|6990|EARS2|protein_coding	EARS2
ENSG00000108641.19|8488|B9D1|protein_coding	B9D1
ENSG00000255054.3|792|RP1-317E23.6|protein_coding	RP1-317E23.6
ENSG00000204217.15|12509|BMPR2|protein_coding	BMPR2
ENSG00000123240.17|5138|OPTN|protein_coding	OPTN
ENSG00000221970.4|4746|OR2A1|protein_coding	OR2A1
ENSG00000170775.3|5298|GPR37|protein_coding	GPR37
ENSG00000258311.5|3510|RP11-644F5.10|protein_coding	RP11-644F5.10
ENSG00000157500.12|7516|APPL1|protein_coding	APPL1
ENSG00000100321.15|6940|SYNGR1|protein_coding	SYNGR1
ENSG00000077279.20|10203|DCX|protein_coding	DCX
ENSG00000137216.19|4425|TMEM63B|protein_coding	TMEM63B
ENSG00000070047.13|5785|PHRF1|protein_coding	PHRF1
ENSG00000151422.13|13595|FER|protein_coding	FER
ENSG00000164574.16|10496|GALNT10|protein_coding	GALNT10
ENSG00000163659.13|4800|TIPARP|protein_coding	TIPARP
ENSG00000273079.7|31134|GRIN2B|protein_coding	GRIN2B
ENSG00000065154.12|3388|OAT|protein_coding	OAT
ENSG00000041515.16|8816|MYO16|protein_coding	MYO16
ENSG00000183763.9|3261|TRAIP|protein_coding	TRAIP
ENSG00000159217.10|9631|IGF2BP1|protein_coding	IGF2BP1
ENSG00000112195.9|3785|TREML2|protein_coding	TREML2
ENSG00000148606.13|8887|POLR3A|protein_coding	POLR3A
ENSG00000165185.15|13139|KIAA1958|protein_coding	KIAA1958
ENSG00000158716.9|827|DUSP23|protein_coding	DUSP23
ENSG00000186919.13|4307|ZACN|protein_coding	ZACN
ENSG00000137942.18|5811|FNBP1L|protein_coding	FNBP1L
ENSG00000235718.9|4096|MFRP|protein_coding	MFRP
ENSG00000142546.14|4477|NOSIP|protein_coding	NOSIP
ENSG00000196199.14|4909|MPHOSPH8|protein_coding	MPHOSPH8
ENSG00000102962.5|2917|CCL22|protein_coding	CCL22
ENSG00000129562.11|761|DAD1|protein_coding	DAD1
ENSG00000130775.16|4621|THEMIS2|protein_coding	THEMIS2
ENSG00000163235.16|4917|TGFA|protein_coding	TGFA
ENSG00000113368.12|3633|LMNB1|protein_coding	LMNB1
ENSG00000007168.14|13771|PAFAH1B1|protein_coding	PAFAH1B1
ENSG00000166012.17|7970|TAF1D|protein_coding	TAF1D
ENSG00000183775.11|14253|KCTD16|protein_coding	KCTD16
ENSG00000171631.16|10778|P2RY6|protein_coding	P2RY6
ENSG00000173705.9|4602|SUSD5|protein_coding	SUSD5
ENSG00000153993.14|8259|SEMA3D|protein_coding	SEMA3D
ENSG00000165671.21|15516|NSD1|protein_coding	NSD1
ENSG00000053524.13|20884|MCF2L2|protein_coding	MCF2L2
ENSG00000165244.7|3687|ZNF367|protein_coding	ZNF367
ENSG00000123815.13|12278|COQ8B|protein_coding	COQ8B
ENSG00000106571.15|13799|GLI3|protein_coding	GLI3
ENSG00000119630.14|5804|PGF|protein_coding	PGF
ENSG00000109381.20|8560|ELF2|protein_coding	ELF2
ENSG00000189376.12|2436|C8orf76|protein_coding	C8orf76
ENSG00000288634.1|159|CTD-2252G20.1|protein_coding	CTD-2252G20.1
ENSG00000138286.15|7520|FAM149B1|protein_coding	FAM149B1
ENSG00000038219.13|15862|BOD1L1|protein_coding	BOD1L1
ENSG00000144747.17|7911|TMF1|protein_coding	TMF1
ENSG00000107779.14|9518|BMPR1A|protein_coding	BMPR1A
ENSG00000188266.14|5707|HYKK|protein_coding	HYKK
ENSG00000112367.12|28959|FIG4|protein_coding	FIG4
ENSG00000175344.19|21248|CHRNA7|protein_coding	CHRNA7
ENSG00000001629.10|7389|ANKIB1|protein_coding	ANKIB1
ENSG00000152192.8|4539|POU4F1|protein_coding	POU4F1
ENSG00000112245.13|5914|PTP4A1|protein_coding	PTP4A1
ENSG00000181852.18|6533|RNF41|protein_coding	RNF41
ENSG00000197506.8|5138|SLC28A3|protein_coding	SLC28A3
ENSG00000183389.5|3934|OR56A4|protein_coding	OR56A4
ENSG00000196329.12|5544|GIMAP5|protein_coding	GIMAP5
ENSG00000125454.12|3316|SLC25A19|protein_coding	SLC25A19
ENSG00000111602.12|5851|TIMELESS|protein_coding	TIMELESS
ENSG00000103035.11|2701|PSMD7|protein_coding	PSMD7
ENSG00000152620.13|5015|NADK2|protein_coding	NADK2
ENSG00000092295.12|3735|TGM1|protein_coding	TGM1
ENSG00000165682.14|3670|CLEC1B|protein_coding	CLEC1B
ENSG00000175866.16|10294|BAIAP2|protein_coding	BAIAP2
ENSG00000125637.16|13442|PSD4|protein_coding	PSD4
ENSG00000077713.19|2839|SLC25A43|protein_coding	SLC25A43
ENSG00000112893.10|11254|MAN2A1|protein_coding	MAN2A1
ENSG00000179021.10|3259|C3orf38|protein_coding	C3orf38
ENSG00000086065.14|2391|CHMP5|protein_coding	CHMP5
ENSG00000110717.13|4523|NDUFS8|protein_coding	NDUFS8
ENSG00000090581.11|5718|GNPTG|protein_coding	GNPTG
ENSG00000126778.12|5439|SIX1|protein_coding	SIX1
ENSG00000150403.18|10381|TMCO3|protein_coding	TMCO3
ENSG00000224982.4|2840|TMEM233|protein_coding	TMEM233
ENSG00000134265.13|5589|NAPG|protein_coding	NAPG
ENSG00000038945.15|7812|MSR1|protein_coding	MSR1
ENSG00000163145.13|5340|C1QTNF7|protein_coding	C1QTNF7
ENSG00000112592.14|2318|TBP|protein_coding	TBP
ENSG00000156603.19|1877|MED19|protein_coding	MED19
ENSG00000092871.17|8367|RFFL|protein_coding	RFFL
ENSG00000153904.21|4587|DDAH1|protein_coding	DDAH1
ENSG00000188452.15|6400|CERKL|protein_coding	CERKL
ENSG00000149346.15|6486|SLX4IP|protein_coding	SLX4IP
ENSG00000011376.12|12407|LARS2|protein_coding	LARS2
ENSG00000165194.15|9756|PCDH19|protein_coding	PCDH19
ENSG00000147059.8|2889|SPIN2A|protein_coding	SPIN2A
ENSG00000113387.12|9266|SUB1|protein_coding	SUB1
ENSG00000122729.19|7555|ACO1|protein_coding	ACO1
ENSG00000140274.14|2549|DUOXA2|protein_coding	DUOXA2
ENSG00000083642.19|13187|PDS5B|protein_coding	PDS5B
ENSG00000185215.11|5058|TNFAIP2|protein_coding	TNFAIP2
ENSG00000173918.15|4755|C1QTNF1|protein_coding	C1QTNF1
ENSG00000180357.9|12112|ZNF609|protein_coding	ZNF609
ENSG00000067369.14|12976|TP53BP1|protein_coding	TP53BP1
ENSG00000184076.13|975|UQCR10|protein_coding	UQCR10
ENSG00000151914.21|48142|DST|protein_coding	DST
ENSG00000173567.15|5761|ADGRF3|protein_coding	ADGRF3
ENSG00000182230.12|5332|FAM153B|protein_coding	FAM153B
ENSG00000171456.20|13676|ASXL1|protein_coding	ASXL1
ENSG00000111843.14|1321|TMEM14C|protein_coding	TMEM14C
ENSG00000172940.13|2997|SLC22A13|protein_coding	SLC22A13
ENSG00000214517.10|7749|PPME1|protein_coding	PPME1
ENSG00000259040.5|3030|BLOC1S5-TXNDC5|protein_coding	BLOC1S5-TXNDC5
ENSG00000081181.8|2284|ARG2|protein_coding	ARG2
ENSG00000119689.15|4548|DLST|protein_coding	DLST
ENSG00000269699.6|3066|ZIM2|protein_coding	ZIM2
ENSG00000185897.7|1859|FFAR3|protein_coding	FFAR3
ENSG00000163867.17|9568|ZMYM6|protein_coding	ZMYM6
ENSG00000132024.18|8646|CC2D1A|protein_coding	CC2D1A
ENSG00000187609.16|7575|EXD3|protein_coding	EXD3
ENSG00000166813.16|5283|KIF7|protein_coding	KIF7
ENSG00000137571.11|9907|SLCO5A1|protein_coding	SLCO5A1
ENSG00000141385.11|6708|AFG3L2|protein_coding	AFG3L2
ENSG00000168591.16|3709|TMUB2|protein_coding	TMUB2
ENSG00000010610.10|4557|CD4|protein_coding	CD4
ENSG00000116898.12|2863|MRPS15|protein_coding	MRPS15
ENSG00000118508.5|1065|RAB32|protein_coding	RAB32
ENSG00000059378.13|5510|PARP12|protein_coding	PARP12
ENSG00000119509.13|7131|INVS|protein_coding	INVS
ENSG00000167377.18|7285|ZNF23|protein_coding	ZNF23
ENSG00000125386.16|6951|FAM193A|protein_coding	FAM193A
ENSG00000196353.12|6427|CPNE4|protein_coding	CPNE4
ENSG00000160602.14|4412|NEK8|protein_coding	NEK8
ENSG00000142166.13|6879|IFNAR1|protein_coding	IFNAR1
ENSG00000221818.9|7098|EBF2|protein_coding	EBF2
ENSG00000169857.9|4005|AVEN|protein_coding	AVEN
ENSG00000175643.10|3611|RMI2|protein_coding	RMI2
ENSG00000248405.10|3264|PRR5-ARHGAP8|protein_coding	PRR5-ARHGAP8
ENSG00000179912.20|5903|R3HDM2|protein_coding	R3HDM2
ENSG00000171772.17|4016|SYCE1|protein_coding	SYCE1
ENSG00000168393.13|2399|DTYMK|protein_coding	DTYMK
ENSG00000077080.10|2376|ACTL6B|protein_coding	ACTL6B
ENSG00000197893.14|5669|NRAP|protein_coding	NRAP
ENSG00000082497.12|5470|SERTAD4|protein_coding	SERTAD4
ENSG00000172354.10|2692|GNB2|protein_coding	GNB2
ENSG00000112658.8|4231|SRF|protein_coding	SRF
ENSG00000153006.16|8460|SREK1IP1|protein_coding	SREK1IP1
ENSG00000041802.11|4801|LSG1|protein_coding	LSG1
ENSG00000101665.10|3946|SMAD7|protein_coding	SMAD7
ENSG00000101333.18|6867|PLCB4|protein_coding	PLCB4
ENSG00000166317.12|5104|SYNPO2L|protein_coding	SYNPO2L
ENSG00000196968.11|4925|FUT11|protein_coding	FUT11
ENSG00000167807.15|2090|CTD-2369P2.10|protein_coding	CTD-2369P2.10
ENSG00000145014.18|4561|TMEM44|protein_coding	TMEM44
ENSG00000136754.18|4218|ABI1|protein_coding	ABI1
ENSG00000180043.11|3274|FAM71E2|protein_coding	FAM71E2
ENSG00000197375.13|12829|SLC22A5|protein_coding	SLC22A5
ENSG00000183873.18|10028|SCN5A|protein_coding	SCN5A
ENSG00000142528.16|6898|ZNF473|protein_coding	ZNF473
ENSG00000109670.16|10979|FBXW7|protein_coding	FBXW7
ENSG00000138794.10|1943|CASP6|protein_coding	CASP6
ENSG00000133247.14|4776|KMT5C|protein_coding	KMT5C
ENSG00000145681.11|6198|HAPLN1|protein_coding	HAPLN1
ENSG00000074211.14|9366|PPP2R2C|protein_coding	PPP2R2C
ENSG00000104154.7|8026|SLC30A4|protein_coding	SLC30A4
ENSG00000048540.15|10002|LMO3|protein_coding	LMO3
ENSG00000132694.19|9322|ARHGEF11|protein_coding	ARHGEF11
ENSG00000149506.11|2436|ZP1|protein_coding	ZP1
ENSG00000124795.17|7249|DEK|protein_coding	DEK
ENSG00000198633.11|6371|ZNF534|protein_coding	ZNF534
ENSG00000120963.12|7393|ZNF706|protein_coding	ZNF706
ENSG00000285880.1|1565|RP11-205M5.4|protein_coding	RP11-205M5.4
ENSG00000173809.18|7026|TDRD12|protein_coding	TDRD12
ENSG00000100453.13|1411|GZMB|protein_coding	GZMB
ENSG00000182903.16|6390|ZNF721|protein_coding	ZNF721
ENSG00000136828.19|10507|RALGPS1|protein_coding	RALGPS1
ENSG00000185219.17|18886|ZNF445|protein_coding	ZNF445
ENSG00000137709.10|6700|POU2F3|protein_coding	POU2F3
ENSG00000155367.15|2874|PPM1J|protein_coding	PPM1J
ENSG00000112041.13|2916|TULP1|protein_coding	TULP1
ENSG00000124731.13|5891|TREM1|protein_coding	TREM1
ENSG00000126562.17|5287|WNK4|protein_coding	WNK4
ENSG00000135108.15|6886|FBXO21|protein_coding	FBXO21
ENSG00000125817.8|2890|CENPB|protein_coding	CENPB
ENSG00000221963.6|10065|APOL6|protein_coding	APOL6
ENSG00000166938.13|5436|DIS3L|protein_coding	DIS3L
ENSG00000007314.12|8243|SCN4A|protein_coding	SCN4A
ENSG00000092108.22|29169|SCFD1|protein_coding	SCFD1
ENSG00000118217.7|14263|ATF6|protein_coding	ATF6
ENSG00000189308.11|6762|LIN54|protein_coding	LIN54
ENSG00000282278.1|2550|RP11-231C18.3|protein_coding	RP11-231C18.3
ENSG00000182141.10|4325|ZNF708|protein_coding	ZNF708
ENSG00000164393.9|6375|ADGRF2|protein_coding	ADGRF2
ENSG00000155265.11|6854|GOLGA7B|protein_coding	GOLGA7B
ENSG00000198003.12|2681|ODAD3|protein_coding	ODAD3
ENSG00000060491.17|4702|OGFR|protein_coding	OGFR
ENSG00000269343.9|6079|ZNF587B|protein_coding	ZNF587B
ENSG00000136895.19|9695|GARNL3|protein_coding	GARNL3
ENSG00000172262.12|8516|ZNF131|protein_coding	ZNF131
ENSG00000071994.11|6476|PDCD2|protein_coding	PDCD2
ENSG00000142655.13|2932|PEX14|protein_coding	PEX14
ENSG00000086570.13|14712|FAT2|protein_coding	FAT2
ENSG00000117139.18|24899|KDM5B|protein_coding	KDM5B
ENSG00000174951.12|4343|FUT1|protein_coding	FUT1
ENSG00000117643.15|9702|MAN1C1|protein_coding	MAN1C1
ENSG00000177084.18|16790|POLE|protein_coding	POLE
ENSG00000120279.6|3030|MYCT1|protein_coding	MYCT1
ENSG00000124116.19|2405|WFDC3|protein_coding	WFDC3
ENSG00000149516.14|2082|MS4A3|protein_coding	MS4A3
ENSG00000105278.12|6088|ZFR2|protein_coding	ZFR2
ENSG00000160145.16|34160|KALRN|protein_coding	KALRN
ENSG00000170915.9|5034|PAQR8|protein_coding	PAQR8
ENSG00000112305.15|4157|SMAP1|protein_coding	SMAP1
ENSG00000197056.11|5205|ZMYM1|protein_coding	ZMYM1
ENSG00000131061.14|5457|ZNF341|protein_coding	ZNF341
ENSG00000172901.20|6636|LVRN|protein_coding	LVRN
ENSG00000133800.9|3515|LYVE1|protein_coding	LYVE1
ENSG00000183778.18|14602|B3GALT5|protein_coding	B3GALT5
ENSG00000118094.12|3182|TREH|protein_coding	TREH
ENSG00000178401.16|5144|DNAJC22|protein_coding	DNAJC22
ENSG00000182885.17|3240|ADGRG3|protein_coding	ADGRG3
ENSG00000127328.22|12433|RAB3IP|protein_coding	RAB3IP
ENSG00000143771.12|5090|CNIH4|protein_coding	CNIH4
ENSG00000122257.20|10475|RBBP6|protein_coding	RBBP6
ENSG00000100347.15|6410|SAMM50|protein_coding	SAMM50
ENSG00000214128.11|4813|TMEM213|protein_coding	TMEM213
ENSG00000197912.16|35761|SPG7|protein_coding	SPG7
ENSG00000187838.17|2833|PLSCR3|protein_coding	PLSCR3
ENSG00000181991.16|5628|MRPS11|protein_coding	MRPS11
ENSG00000198768.11|4210|APCDD1L|protein_coding	APCDD1L
ENSG00000135437.10|2983|RDH5|protein_coding	RDH5
ENSG00000172508.10|5670|CARNS1|protein_coding	CARNS1
ENSG00000108799.13|6988|EZH1|protein_coding	EZH1
ENSG00000256294.8|7191|ZNF225|protein_coding	ZNF225
ENSG00000185347.18|6698|TEDC1|protein_coding	TEDC1
ENSG00000091136.15|18592|LAMB1|protein_coding	LAMB1
ENSG00000198865.10|3493|CCDC152|protein_coding	CCDC152
ENSG00000188483.8|2710|IER5L|protein_coding	IER5L
ENSG00000164756.13|6279|SLC30A8|protein_coding	SLC30A8
ENSG00000007255.10|933|TRAPPC6A|protein_coding	TRAPPC6A
ENSG00000101901.12|8188|ALG13|protein_coding	ALG13
ENSG00000185379.21|11282|RAD51D|protein_coding	RAD51D
ENSG00000129450.9|2541|SIGLEC9|protein_coding	SIGLEC9
ENSG00000101115.13|5773|SALL4|protein_coding	SALL4
ENSG00000108830.10|4368|RND2|protein_coding	RND2
ENSG00000168280.18|33151|KIF5C|protein_coding	KIF5C
ENSG00000261732.1|5326|LA16c-431H6.6|protein_coding	LA16c-431H6.6
ENSG00000076043.11|3650|REXO2|protein_coding	REXO2
ENSG00000139410.15|2073|SDSL|protein_coding	SDSL
ENSG00000126822.18|12077|PLEKHG3|protein_coding	PLEKHG3
ENSG00000100353.18|3813|EIF3D|protein_coding	EIF3D
ENSG00000103855.18|5482|CD276|protein_coding	CD276
ENSG00000142409.6|3686|ZNF787|protein_coding	ZNF787
ENSG00000079387.14|6114|SENP1|protein_coding	SENP1
ENSG00000228696.10|10305|ARL17B|protein_coding	ARL17B
ENSG00000105618.14|2673|PRPF31|protein_coding	PRPF31
ENSG00000169435.14|6630|RASSF6|protein_coding	RASSF6
ENSG00000138092.11|5518|CENPO|protein_coding	CENPO
ENSG00000173124.14|2807|ACSM6|protein_coding	ACSM6
ENSG00000010072.16|5906|SPRTN|protein_coding	SPRTN
ENSG00000140279.13|9662|DUOX2|protein_coding	DUOX2
ENSG00000176678.6|5017|FOXL1|protein_coding	FOXL1
ENSG00000092201.10|6900|SUPT16H|protein_coding	SUPT16H
ENSG00000136267.14|9491|DGKB|protein_coding	DGKB
ENSG00000019186.10|3988|CYP24A1|protein_coding	CYP24A1
ENSG00000139433.11|2746|GLTP|protein_coding	GLTP
ENSG00000185737.13|5192|NRG3|protein_coding	NRG3
ENSG00000156983.17|7784|BRPF1|protein_coding	BRPF1
ENSG00000065618.21|6989|COL17A1|protein_coding	COL17A1
ENSG00000124678.20|3069|TCP11|protein_coding	TCP11
ENSG00000157368.11|2233|IL34|protein_coding	IL34
ENSG00000108797.12|6306|CNTNAP1|protein_coding	CNTNAP1
ENSG00000141655.17|8995|TNFRSF11A|protein_coding	TNFRSF11A
ENSG00000106524.9|2851|ANKMY2|protein_coding	ANKMY2
ENSG00000053108.17|6711|FSTL4|protein_coding	FSTL4
ENSG00000101997.13|2507|CCDC22|protein_coding	CCDC22
ENSG00000171798.19|23301|KNDC1|protein_coding	KNDC1
ENSG00000103023.12|2112|PRSS54|protein_coding	PRSS54
ENSG00000074181.9|9408|NOTCH3|protein_coding	NOTCH3
ENSG00000063601.17|6328|MTMR1|protein_coding	MTMR1
ENSG00000160783.19|2520|PMF1|protein_coding	PMF1
ENSG00000177879.17|2929|AP3S1|protein_coding	AP3S1
ENSG00000085365.18|6746|SCAMP1|protein_coding	SCAMP1
ENSG00000105287.13|5664|PRKD2|protein_coding	PRKD2
ENSG00000139793.19|4908|MBNL2|protein_coding	MBNL2
ENSG00000141527.18|9509|CARD14|protein_coding	CARD14
ENSG00000164934.14|9199|DCAF13|protein_coding	DCAF13
ENSG00000100815.12|10372|TRIP11|protein_coding	TRIP11
ENSG00000196550.11|3761|FAM72A|protein_coding	FAM72A
ENSG00000107829.15|5038|FBXW4|protein_coding	FBXW4
ENSG00000010803.16|4447|SCMH1|protein_coding	SCMH1
ENSG00000154118.13|6320|JPH3|protein_coding	JPH3
ENSG00000054803.4|3154|CBLN4|protein_coding	CBLN4
ENSG00000118777.12|5602|ABCG2|protein_coding	ABCG2
ENSG00000104938.18|3977|CLEC4M|protein_coding	CLEC4M
ENSG00000050628.20|9653|PTGER3|protein_coding	PTGER3
ENSG00000166682.13|2665|TMPRSS5|protein_coding	TMPRSS5
ENSG00000263020.6|2524|XXbac-BPG32J3.22|protein_coding	XXbac-BPG32J3.22
ENSG00000175928.6|6401|LRRN1|protein_coding	LRRN1
ENSG00000198467.16|3183|TPM2|protein_coding	TPM2
ENSG00000257921.6|2514|RP11-571M6.15|protein_coding	RP11-571M6.15
ENSG00000079739.17|4077|PGM1|protein_coding	PGM1
ENSG00000187790.11|8478|FANCM|protein_coding	FANCM
ENSG00000138606.19|4894|SHF|protein_coding	SHF
ENSG00000158411.11|4305|MITD1|protein_coding	MITD1
ENSG00000133958.13|12513|UNC79|protein_coding	UNC79
ENSG00000197417.9|3788|SHPK|protein_coding	SHPK
ENSG00000180336.18|8611|MEIOC|protein_coding	MEIOC
ENSG00000151490.15|20254|PTPRO|protein_coding	PTPRO
ENSG00000047662.5|6731|FAM184B|protein_coding	FAM184B
ENSG00000131844.17|20778|MCCC2|protein_coding	MCCC2
ENSG00000149091.15|10787|DGKZ|protein_coding	DGKZ
ENSG00000135469.14|3211|COQ10A|protein_coding	COQ10A
ENSG00000119203.14|3686|CPSF3|protein_coding	CPSF3
ENSG00000137145.21|9481|DENND4C|protein_coding	DENND4C
ENSG00000130433.8|2501|CACNG6|protein_coding	CACNG6
ENSG00000165629.20|2308|ATP5F1C|protein_coding	ATP5F1C
ENSG00000288706.1|90|RP13-314C10.6|protein_coding	RP13-314C10.6
ENSG00000125650.4|3911|PSPN|protein_coding	PSPN
ENSG00000169562.13|4654|GJB1|protein_coding	GJB1
ENSG00000132746.15|3663|ALDH3B2|protein_coding	ALDH3B2
ENSG00000062725.10|9890|APPBP2|protein_coding	APPBP2
ENSG00000198373.13|8993|WWP2|protein_coding	WWP2
ENSG00000170961.7|4240|HAS2|protein_coding	HAS2
ENSG00000132000.14|4168|PODNL1|protein_coding	PODNL1
ENSG00000102804.15|8586|TSC22D1|protein_coding	TSC22D1
ENSG00000141040.15|7997|ZNF287|protein_coding	ZNF287
ENSG00000088002.12|2725|SULT2B1|protein_coding	SULT2B1
ENSG00000138316.11|5566|ADAMTS14|protein_coding	ADAMTS14
ENSG00000146267.12|11682|FAXC|protein_coding	FAXC
ENSG00000173157.17|7524|ADAMTS20|protein_coding	ADAMTS20
ENSG00000158023.10|15385|CFAP251|protein_coding	CFAP251
ENSG00000146197.9|7819|SCUBE3|protein_coding	SCUBE3
ENSG00000177453.7|3619|NIM1K|protein_coding	NIM1K
ENSG00000184254.17|5335|ALDH1A3|protein_coding	ALDH1A3
ENSG00000153395.10|6475|LPCAT1|protein_coding	LPCAT1
ENSG00000162383.13|5413|SLC1A7|protein_coding	SLC1A7
ENSG00000134020.8|1335|PEBP4|protein_coding	PEBP4
ENSG00000073737.17|3750|DHRS9|protein_coding	DHRS9
ENSG00000162733.19|11099|DDR2|protein_coding	DDR2
ENSG00000212657.1|1554|KRTAP16-1|protein_coding	KRTAP16-1
ENSG00000110442.12|6592|COMMD9|protein_coding	COMMD9
ENSG00000125449.7|2830|ARMC7|protein_coding	ARMC7
ENSG00000007866.22|3049|TEAD3|protein_coding	TEAD3
ENSG00000117305.15|5628|HMGCL|protein_coding	HMGCL
ENSG00000140199.13|10508|SLC12A6|protein_coding	SLC12A6
ENSG00000176396.11|1455|EID2|protein_coding	EID2
ENSG00000169031.21|12284|COL4A3|protein_coding	COL4A3
ENSG00000174448.8|1862|STARD6|protein_coding	STARD6
ENSG00000156886.12|4388|ITGAD|protein_coding	ITGAD
ENSG00000221866.9|16372|PLXNA4|protein_coding	PLXNA4
ENSG00000164638.11|5840|SLC29A4|protein_coding	SLC29A4
ENSG00000094804.12|5311|CDC6|protein_coding	CDC6
ENSG00000263001.7|11303|GTF2I|protein_coding	GTF2I
ENSG00000135541.22|31596|AHI1|protein_coding	AHI1
ENSG00000131748.16|5852|STARD3|protein_coding	STARD3
ENSG00000120029.13|4747|ARMH3|protein_coding	ARMH3
ENSG00000157219.5|4901|HTR5A|protein_coding	HTR5A
ENSG00000114933.16|14373|INO80D|protein_coding	INO80D
ENSG00000168005.9|2737|SPINDOC|protein_coding	SPINDOC
ENSG00000198520.12|3290|ARMH1|protein_coding	ARMH1
ENSG00000155858.6|6567|LSM11|protein_coding	LSM11
ENSG00000258388.7|5512|PPT2-EGFL8|protein_coding	PPT2-EGFL8
ENSG00000181830.9|3875|SLC35C1|protein_coding	SLC35C1
ENSG00000100324.14|4419|TAB1|protein_coding	TAB1
ENSG00000138376.11|7572|BARD1|protein_coding	BARD1
ENSG00000101040.19|7625|ZMYND8|protein_coding	ZMYND8
ENSG00000167861.16|6197|HID1|protein_coding	HID1
ENSG00000148584.15|9603|A1CF|protein_coding	A1CF
ENSG00000171206.15|5011|TRIM8|protein_coding	TRIM8
ENSG00000162510.6|4604|MATN1|protein_coding	MATN1
ENSG00000180176.15|3181|TH|protein_coding	TH
ENSG00000164488.12|4246|DACT2|protein_coding	DACT2
ENSG00000124203.7|11992|ZNF831|protein_coding	ZNF831
ENSG00000272031.3|3671|ANKRD34A|protein_coding	ANKRD34A
ENSG00000104375.17|12604|STK3|protein_coding	STK3
ENSG00000130821.17|5697|SLC6A8|protein_coding	SLC6A8
ENSG00000104626.15|6382|ERI1|protein_coding	ERI1
ENSG00000031003.10|6808|FAM13B|protein_coding	FAM13B
ENSG00000107672.15|3543|NSMCE4A|protein_coding	NSMCE4A
ENSG00000029639.11|4111|TFB1M|protein_coding	TFB1M
ENSG00000197183.14|9448|NOL4L|protein_coding	NOL4L
ENSG00000094975.14|7894|SUCO|protein_coding	SUCO
ENSG00000165115.15|7739|KIF27|protein_coding	KIF27
ENSG00000141030.13|2972|COPS3|protein_coding	COPS3
ENSG00000262304.2|4753|RP11-235E17.2|protein_coding	RP11-235E17.2
ENSG00000134852.15|11533|CLOCK|protein_coding	CLOCK
ENSG00000155380.13|6347|SLC16A1|protein_coding	SLC16A1
ENSG00000065675.15|3295|PRKCQ|protein_coding	PRKCQ
ENSG00000095777.17|8437|MYO3A|protein_coding	MYO3A
ENSG00000127314.18|16926|RAP1B|protein_coding	RAP1B
ENSG00000213088.12|2106|ACKR1|protein_coding	ACKR1
ENSG00000010318.21|3364|PHF7|protein_coding	PHF7
ENSG00000121775.18|2787|TMEM39B|protein_coding	TMEM39B
ENSG00000152147.11|4363|GEMIN6|protein_coding	GEMIN6
ENSG00000145545.12|7631|SRD5A1|protein_coding	SRD5A1
ENSG00000185090.15|2973|MANEAL|protein_coding	MANEAL
ENSG00000276231.5|3565|PIK3R6|protein_coding	PIK3R6
ENSG00000164109.14|5517|MAD2L1|protein_coding	MAD2L1
ENSG00000104133.16|16081|SPG11|protein_coding	SPG11
ENSG00000171840.13|1858|NINJ2|protein_coding	NINJ2
ENSG00000173638.19|11235|SLC19A1|protein_coding	SLC19A1
ENSG00000153820.13|7046|SPHKAP|protein_coding	SPHKAP
ENSG00000170412.18|7534|GPRC5C|protein_coding	GPRC5C
ENSG00000114656.12|12033|CFAP92|protein_coding	CFAP92
ENSG00000122679.8|1427|RAMP3|protein_coding	RAMP3
ENSG00000204922.5|2397|UQCC3|protein_coding	UQCC3
ENSG00000144792.9|6513|ZNF660|protein_coding	ZNF660
ENSG00000120068.7|2404|HOXB8|protein_coding	HOXB8
ENSG00000173011.12|5795|TADA2B|protein_coding	TADA2B
ENSG00000226321.5|5978|CROCC2|protein_coding	CROCC2
ENSG00000032389.13|5723|EIPR1|protein_coding	EIPR1
ENSG00000100124.15|4390|ANKRD54|protein_coding	ANKRD54
ENSG00000171408.14|5941|PDE7B|protein_coding	PDE7B
ENSG00000121853.4|3088|GHSR|protein_coding	GHSR
ENSG00000100055.21|6099|CYTH4|protein_coding	CYTH4
ENSG00000127364.4|5018|TAS2R4|protein_coding	TAS2R4
ENSG00000205116.4|3217|TMEM88B|protein_coding	TMEM88B
ENSG00000090238.12|3181|YPEL3|protein_coding	YPEL3
ENSG00000162607.13|3869|USP1|protein_coding	USP1
ENSG00000100911.16|3582|PSME2|protein_coding	PSME2
ENSG00000125266.8|5005|EFNB2|protein_coding	EFNB2
ENSG00000156970.13|4463|BUB1B|protein_coding	BUB1B
ENSG00000206052.11|9554|DOK6|protein_coding	DOK6
ENSG00000141506.15|7506|PIK3R5|protein_coding	PIK3R5
ENSG00000188032.10|1535|C19orf67|protein_coding	C19orf67
ENSG00000169327.5|8409|OR5AU1|protein_coding	OR5AU1
ENSG00000121053.6|2719|EPX|protein_coding	EPX
ENSG00000183530.14|11809|PRR14L|protein_coding	PRR14L
ENSG00000161681.16|10491|SHANK1|protein_coding	SHANK1
ENSG00000196862.10|7212|RGPD4|protein_coding	RGPD4
ENSG00000083520.15|10835|DIS3|protein_coding	DIS3
ENSG00000088305.18|4630|DNMT3B|protein_coding	DNMT3B
ENSG00000205476.9|17620|CCDC85C|protein_coding	CCDC85C
ENSG00000137731.14|5608|FXYD2|protein_coding	FXYD2
ENSG00000105392.16|5991|CRX|protein_coding	CRX
ENSG00000177045.10|3582|SIX5|protein_coding	SIX5
ENSG00000168228.15|4411|ZCCHC4|protein_coding	ZCCHC4
ENSG00000257017.9|5492|HP|protein_coding	HP
ENSG00000181215.15|20673|C4orf50|protein_coding	C4orf50
ENSG00000138650.9|10182|PCDH10|protein_coding	PCDH10
ENSG00000000003.15|4536|TSPAN6|protein_coding	TSPAN6
ENSG00000006555.11|6111|TTC22|protein_coding	TTC22
ENSG00000204849.10|4357|SPATA31A1|protein_coding	SPATA31A1
ENSG00000172324.6|9445|OR5A2|protein_coding	OR5A2
ENSG00000006530.18|10697|AGK|protein_coding	AGK
ENSG00000069702.11|8577|TGFBR3|protein_coding	TGFBR3
ENSG00000141449.15|10572|GREB1L|protein_coding	GREB1L
ENSG00000136535.15|9397|TBR1|protein_coding	TBR1
ENSG00000138435.16|4979|CHRNA1|protein_coding	CHRNA1
ENSG00000108557.19|9708|RAI1|protein_coding	RAI1
ENSG00000188263.10|3696|IL17REL|protein_coding	IL17REL
ENSG00000186660.15|5776|ZFP91|protein_coding	ZFP91
ENSG00000151838.12|3220|CCDC175|protein_coding	CCDC175
ENSG00000183160.9|3184|TMEM119|protein_coding	TMEM119
ENSG00000167595.15|6327|PROSER3|protein_coding	PROSER3
ENSG00000042317.17|6872|SPATA7|protein_coding	SPATA7
ENSG00000137078.9|1327|SIT1|protein_coding	SIT1
ENSG00000173692.14|15795|PSMD1|protein_coding	PSMD1
ENSG00000153237.18|3798|CCDC148|protein_coding	CCDC148
ENSG00000132849.21|11919|PATJ|protein_coding	PATJ
ENSG00000078900.15|6767|TP73|protein_coding	TP73
ENSG00000099385.12|3740|BCL7C|protein_coding	BCL7C
ENSG00000221878.13|4824|PSG7|protein_coding	PSG7
ENSG00000187231.14|11405|SESTD1|protein_coding	SESTD1
ENSG00000158163.15|5045|DZIP1L|protein_coding	DZIP1L
ENSG00000136048.14|3940|DRAM1|protein_coding	DRAM1
ENSG00000118972.3|4713|FGF23|protein_coding	FGF23
ENSG00000108984.15|16660|MAP2K6|protein_coding	MAP2K6
ENSG00000079277.22|8071|MKNK1|protein_coding	MKNK1
ENSG00000171124.13|3109|FUT3|protein_coding	FUT3
ENSG00000090776.6|3303|EFNB1|protein_coding	EFNB1
ENSG00000132478.10|5540|UNK|protein_coding	UNK
ENSG00000154099.18|7783|DNAAF1|protein_coding	DNAAF1
ENSG00000236032.3|7365|OR5H14|protein_coding	OR5H14
ENSG00000169682.18|3792|SPNS1|protein_coding	SPNS1
ENSG00000101193.8|4594|GID8|protein_coding	GID8
ENSG00000149575.9|5353|SCN2B|protein_coding	SCN2B
ENSG00000087053.20|13952|MTMR2|protein_coding	MTMR2
ENSG00000157613.11|4023|CREB3L1|protein_coding	CREB3L1
ENSG00000157045.9|3539|NTAN1|protein_coding	NTAN1
ENSG00000271447.6|3190|MMP28|protein_coding	MMP28
ENSG00000184698.5|4099|OR51M1|protein_coding	OR51M1
ENSG00000128585.18|12874|MKLN1|protein_coding	MKLN1
ENSG00000124251.11|2978|TP53TG5|protein_coding	TP53TG5
ENSG00000078061.14|3409|ARAF|protein_coding	ARAF
ENSG00000064419.14|4676|TNPO3|protein_coding	TNPO3
ENSG00000165124.18|14193|SVEP1|protein_coding	SVEP1
ENSG00000048405.10|5793|ZNF800|protein_coding	ZNF800
ENSG00000100346.18|10790|CACNA1I|protein_coding	CACNA1I
ENSG00000103489.12|11083|XYLT1|protein_coding	XYLT1
ENSG00000280670.3|2757|CCDC163|protein_coding	CCDC163
ENSG00000124688.14|1848|MAD2L1BP|protein_coding	MAD2L1BP
ENSG00000143520.6|9124|FLG2|protein_coding	FLG2
ENSG00000162148.11|2400|PPP1R32|protein_coding	PPP1R32
ENSG00000173769.4|5334|TOPAZ1|protein_coding	TOPAZ1
ENSG00000177283.8|4050|FZD8|protein_coding	FZD8
ENSG00000164675.11|6100|IQUB|protein_coding	IQUB
ENSG00000181450.18|8915|ZNF678|protein_coding	ZNF678
ENSG00000188011.5|2606|RTP5|protein_coding	RTP5
ENSG00000177556.12|5239|ATOX1|protein_coding	ATOX1
ENSG00000130720.13|4056|FIBCD1|protein_coding	FIBCD1
ENSG00000173818.17|7253|ENDOV|protein_coding	ENDOV
ENSG00000172780.17|4991|RAB43|protein_coding	RAB43
ENSG00000171094.18|7382|ALK|protein_coding	ALK
ENSG00000198556.14|6645|ZNF789|protein_coding	ZNF789
ENSG00000273540.5|16503|AGBL1|protein_coding	AGBL1
ENSG00000260001.7|2831|TGFBR3L|protein_coding	TGFBR3L
ENSG00000256966.6|3217|RP11-613M10.8|protein_coding	RP11-613M10.8
ENSG00000124721.18|15348|DNAH8|protein_coding	DNAH8
ENSG00000143341.12|18739|HMCN1|protein_coding	HMCN1
ENSG00000100036.13|5402|SLC35E4|protein_coding	SLC35E4
ENSG00000152413.15|6071|HOMER1|protein_coding	HOMER1
ENSG00000178038.17|9059|ALS2CL|protein_coding	ALS2CL
ENSG00000186094.17|7504|AGBL4|protein_coding	AGBL4
ENSG00000235387.5|2902|SPAAR|protein_coding	SPAAR
ENSG00000232119.8|10764|MCTS1|protein_coding	MCTS1
ENSG00000142330.20|7456|CAPN10|protein_coding	CAPN10
ENSG00000104044.16|3256|OCA2|protein_coding	OCA2
ENSG00000021355.13|3047|SERPINB1|protein_coding	SERPINB1
ENSG00000187474.5|2779|FPR3|protein_coding	FPR3
ENSG00000095485.18|3985|CWF19L1|protein_coding	CWF19L1
ENSG00000143515.19|7597|ATP8B2|protein_coding	ATP8B2
ENSG00000092010.15|1776|PSME1|protein_coding	PSME1
ENSG00000099381.19|6526|SETD1A|protein_coding	SETD1A
ENSG00000008838.20|6962|MED24|protein_coding	MED24
ENSG00000092036.19|2539|HAUS4|protein_coding	HAUS4
ENSG00000119326.15|3124|CTNNAL1|protein_coding	CTNNAL1
ENSG00000146828.18|8901|SLC12A9|protein_coding	SLC12A9
ENSG00000167549.19|4310|CORO6|protein_coding	CORO6
ENSG00000021776.11|13431|AQR|protein_coding	AQR
ENSG00000275395.6|12961|FCGBP|protein_coding	FCGBP
ENSG00000178904.19|10781|DPY19L3|protein_coding	DPY19L3
ENSG00000105650.22|6546|PDE4C|protein_coding	PDE4C
ENSG00000153048.11|5577|CARHSP1|protein_coding	CARHSP1
ENSG00000011295.16|6054|TTC19|protein_coding	TTC19
ENSG00000112304.11|4394|ACOT13|protein_coding	ACOT13
ENSG00000165084.16|10267|C8orf34|protein_coding	C8orf34
ENSG00000132274.16|5944|TRIM22|protein_coding	TRIM22
ENSG00000197345.13|2825|MRPL21|protein_coding	MRPL21
ENSG00000124749.17|6912|COL21A1|protein_coding	COL21A1
ENSG00000125735.11|4780|TNFSF14|protein_coding	TNFSF14
ENSG00000160678.12|3030|S100A1|protein_coding	S100A1
ENSG00000148408.13|9904|CACNA1B|protein_coding	CACNA1B
ENSG00000221946.8|1796|FXYD7|protein_coding	FXYD7
ENSG00000140873.16|6598|ADAMTS18|protein_coding	ADAMTS18
ENSG00000026652.15|14253|AGPAT4|protein_coding	AGPAT4
ENSG00000166394.15|8595|CYB5R2|protein_coding	CYB5R2
ENSG00000180096.12|4217|SEPTIN1|protein_coding	SEPTIN1
ENSG00000172346.15|3003|CSDC2|protein_coding	CSDC2
ENSG00000120332.16|5042|TNN|protein_coding	TNN
ENSG00000076382.17|5218|SPAG5|protein_coding	SPAG5
ENSG00000117262.19|5561|GPR89A|protein_coding	GPR89A
ENSG00000143376.14|16711|SNX27|protein_coding	SNX27
ENSG00000085382.12|9237|HACE1|protein_coding	HACE1
ENSG00000114993.17|5191|RTKN|protein_coding	RTKN
ENSG00000186790.6|1768|FOXE3|protein_coding	FOXE3
ENSG00000188152.13|3904|NUTM2G|protein_coding	NUTM2G
ENSG00000171189.17|4242|GRIK1|protein_coding	GRIK1
ENSG00000197852.12|6393|INKA2|protein_coding	INKA2
ENSG00000286905.1|2773|RP13-512J5.1|protein_coding	RP13-512J5.1
ENSG00000079215.15|21227|SLC1A3|protein_coding	SLC1A3
ENSG00000101473.17|4354|ACOT8|protein_coding	ACOT8
ENSG00000198648.11|3701|STK39|protein_coding	STK39
ENSG00000150764.14|8438|DIXDC1|protein_coding	DIXDC1
ENSG00000065325.13|5696|GLP2R|protein_coding	GLP2R
ENSG00000172548.15|4019|NIPAL4|protein_coding	NIPAL4
ENSG00000171561.4|8795|OR2AT4|protein_coding	OR2AT4
ENSG00000079102.16|13535|RUNX1T1|protein_coding	RUNX1T1
ENSG00000287694.1|5454|RP11-58C22.1|protein_coding	RP11-58C22.1
ENSG00000101230.6|3090|ISM1|protein_coding	ISM1
ENSG00000198182.13|4703|ZNF607|protein_coding	ZNF607
ENSG00000142549.10|3347|IGLON5|protein_coding	IGLON5
ENSG00000165895.19|9313|ARHGAP42|protein_coding	ARHGAP42
ENSG00000104884.17|6937|ERCC2|protein_coding	ERCC2
ENSG00000108091.11|7261|CCDC6|protein_coding	CCDC6
ENSG00000275126.2|387|H4C13|protein_coding	H4C13
ENSG00000115556.14|5777|PLCD4|protein_coding	PLCD4
ENSG00000068078.20|4848|FGFR3|protein_coding	FGFR3
ENSG00000111224.14|6200|PARP11|protein_coding	PARP11
ENSG00000213996.13|2188|TM6SF2|protein_coding	TM6SF2
ENSG00000149418.11|4116|ST14|protein_coding	ST14
ENSG00000152076.19|4487|CCDC74B|protein_coding	CCDC74B
ENSG00000124469.12|2549|CEACAM8|protein_coding	CEACAM8
ENSG00000125999.11|3015|BPIFB1|protein_coding	BPIFB1
ENSG00000158109.15|2401|TPRG1L|protein_coding	TPRG1L
ENSG00000113621.15|4807|TXNDC15|protein_coding	TXNDC15
ENSG00000156466.10|3712|GDF6|protein_coding	GDF6
ENSG00000155016.18|5920|CYP2U1|protein_coding	CYP2U1
ENSG00000132821.12|1952|VSTM2L|protein_coding	VSTM2L
ENSG00000125676.20|10277|THOC2|protein_coding	THOC2
ENSG00000073350.14|7939|LLGL2|protein_coding	LLGL2
ENSG00000065802.12|7407|ASB1|protein_coding	ASB1
ENSG00000099337.5|6168|KCNK6|protein_coding	KCNK6
ENSG00000163961.4|5347|RNF168|protein_coding	RNF168
ENSG00000164080.14|12121|RAD54L2|protein_coding	RAD54L2
ENSG00000196408.12|2159|NOXO1|protein_coding	NOXO1
ENSG00000050767.18|4359|COL23A1|protein_coding	COL23A1
ENSG00000253293.5|3720|HOXA10|protein_coding	HOXA10
ENSG00000115216.14|5329|NRBP1|protein_coding	NRBP1
ENSG00000124596.17|6529|OARD1|protein_coding	OARD1
ENSG00000288564.1|1886|RP1-20C7.7|protein_coding	RP1-20C7.7
ENSG00000137100.16|3740|DCTN3|protein_coding	DCTN3
ENSG00000125863.20|7040|MKKS|protein_coding	MKKS
ENSG00000073670.14|4813|ADAM11|protein_coding	ADAM11
ENSG00000197860.10|5727|SGTB|protein_coding	SGTB
ENSG00000167286.10|769|CD3D|protein_coding	CD3D
ENSG00000175564.13|3338|UCP3|protein_coding	UCP3
ENSG00000157211.11|3229|CDCP2|protein_coding	CDCP2
ENSG00000144567.11|5675|RETREG2|protein_coding	RETREG2
ENSG00000185730.8|5903|ZNF696|protein_coding	ZNF696
ENSG00000174606.14|7317|ANGEL2|protein_coding	ANGEL2
ENSG00000147854.17|9919|UHRF2|protein_coding	UHRF2
ENSG00000242950.7|6130|ERVW-1|protein_coding	ERVW-1
ENSG00000187994.14|4201|RINL|protein_coding	RINL
ENSG00000120756.13|5288|PLS1|protein_coding	PLS1
ENSG00000153283.13|5621|CD96|protein_coding	CD96
ENSG00000151893.15|12406|CACUL1|protein_coding	CACUL1
ENSG00000159166.15|3261|LAD1|protein_coding	LAD1
ENSG00000137098.14|2722|SPAG8|protein_coding	SPAG8
ENSG00000088727.14|5878|KIF9|protein_coding	KIF9
ENSG00000204653.10|1681|ASPDH|protein_coding	ASPDH
ENSG00000167257.11|4407|RNF214|protein_coding	RNF214
ENSG00000164418.22|26797|GRIK2|protein_coding	GRIK2
ENSG00000198690.10|16814|FAN1|protein_coding	FAN1
ENSG00000146221.10|3086|TCTE1|protein_coding	TCTE1
ENSG00000176472.10|3222|ZNF575|protein_coding	ZNF575
ENSG00000196588.20|7665|MRTFA|protein_coding	MRTFA
ENSG00000130005.13|2403|GAMT|protein_coding	GAMT
ENSG00000163395.17|12117|IGFN1|protein_coding	IGFN1
ENSG00000142892.15|5514|PIGK|protein_coding	PIGK
ENSG00000166123.14|6362|GPT2|protein_coding	GPT2
ENSG00000109323.11|11743|MANBA|protein_coding	MANBA
ENSG00000188859.7|5719|FAM78B|protein_coding	FAM78B
ENSG00000041357.16|6994|PSMA4|protein_coding	PSMA4
ENSG00000141858.12|2295|SAMD1|protein_coding	SAMD1
ENSG00000101084.18|1504|RAB5IF|protein_coding	RAB5IF
ENSG00000106031.9|5071|HOXA13|protein_coding	HOXA13
ENSG00000183648.11|2263|NDUFB1|protein_coding	NDUFB1
ENSG00000178795.10|3188|GDPD4|protein_coding	GDPD4
ENSG00000102081.15|8951|FMR1|protein_coding	FMR1
ENSG00000078668.14|3181|VDAC3|protein_coding	VDAC3
ENSG00000009830.13|13203|POMT2|protein_coding	POMT2
ENSG00000125954.13|2076|CHURC1-FNTB|protein_coding	CHURC1-FNTB
ENSG00000185338.7|1788|SOCS1|protein_coding	SOCS1
ENSG00000140280.14|1874|LYSMD2|protein_coding	LYSMD2
ENSG00000077514.9|5501|POLD3|protein_coding	POLD3
ENSG00000196313.12|9849|POM121|protein_coding	POM121
ENSG00000265590.10|19326|CFAP298-TCP10L|protein_coding	CFAP298-TCP10L
ENSG00000148600.15|7729|CDHR1|protein_coding	CDHR1
ENSG00000100836.11|3686|PABPN1|protein_coding	PABPN1
ENSG00000118308.15|6610|IRAG2|protein_coding	IRAG2
ENSG00000080854.16|17862|IGSF9B|protein_coding	IGSF9B
ENSG00000130559.19|8960|CAMSAP1|protein_coding	CAMSAP1
ENSG00000151923.18|7355|TIAL1|protein_coding	TIAL1
ENSG00000142920.17|9581|AZIN2|protein_coding	AZIN2
ENSG00000130305.17|3374|NSUN5|protein_coding	NSUN5
ENSG00000075336.12|5197|TIMM21|protein_coding	TIMM21
ENSG00000122176.12|3034|FMOD|protein_coding	FMOD
ENSG00000159256.13|6408|MORC3|protein_coding	MORC3
ENSG00000169213.7|12780|RAB3B|protein_coding	RAB3B
ENSG00000168411.14|6456|RFWD3|protein_coding	RFWD3
ENSG00000022567.10|8608|SLC45A4|protein_coding	SLC45A4
ENSG00000095585.17|6186|BLNK|protein_coding	BLNK
ENSG00000213918.11|11249|DNASE1|protein_coding	DNASE1
ENSG00000117407.17|2657|ARTN|protein_coding	ARTN
ENSG00000137842.7|4746|TMEM62|protein_coding	TMEM62
ENSG00000009709.12|6473|PAX7|protein_coding	PAX7
ENSG00000186526.13|7049|CYP4F8|protein_coding	CYP4F8
ENSG00000143502.16|5336|SUSD4|protein_coding	SUSD4
ENSG00000134504.14|8845|KCTD1|protein_coding	KCTD1
ENSG00000198001.14|5629|IRAK4|protein_coding	IRAK4
ENSG00000005379.17|11389|TSPOAP1|protein_coding	TSPOAP1
ENSG00000107742.13|6411|SPOCK2|protein_coding	SPOCK2
ENSG00000165617.15|4584|DACT1|protein_coding	DACT1
ENSG00000141380.14|6144|SS18|protein_coding	SS18
ENSG00000271303.2|2528|SRXN1|protein_coding	SRXN1
ENSG00000004866.22|6526|ST7|protein_coding	ST7
ENSG00000157087.20|10260|ATP2B2|protein_coding	ATP2B2
ENSG00000242173.10|1848|ARHGDIG|protein_coding	ARHGDIG
ENSG00000106038.13|3358|EVX1|protein_coding	EVX1
ENSG00000163239.12|2706|TDRD10|protein_coding	TDRD10
ENSG00000111319.13|5876|SCNN1A|protein_coding	SCNN1A
ENSG00000112837.17|8654|TBX18|protein_coding	TBX18
ENSG00000141568.21|9986|FOXK2|protein_coding	FOXK2
ENSG00000159527.4|2229|PGLYRP3|protein_coding	PGLYRP3
ENSG00000185565.12|10286|LSAMP|protein_coding	LSAMP
ENSG00000177182.11|7393|CLVS1|protein_coding	CLVS1
ENSG00000185008.17|16663|ROBO2|protein_coding	ROBO2
ENSG00000122547.11|4737|EEPD1|protein_coding	EEPD1
ENSG00000116353.16|4138|MECR|protein_coding	MECR
ENSG00000134376.17|12721|CRB1|protein_coding	CRB1
ENSG00000196507.11|2305|TCEAL3|protein_coding	TCEAL3
ENSG00000184185.10|5455|KCNJ12|protein_coding	KCNJ12
ENSG00000123643.13|6971|SLC36A1|protein_coding	SLC36A1
ENSG00000114861.23|34819|FOXP1|protein_coding	FOXP1
ENSG00000083444.17|5320|PLOD1|protein_coding	PLOD1
ENSG00000214021.16|10404|TTLL3|protein_coding	TTLL3
ENSG00000157837.16|6659|SPPL3|protein_coding	SPPL3
ENSG00000186635.15|9061|ARAP1|protein_coding	ARAP1
ENSG00000105141.6|3401|CASP14|protein_coding	CASP14
ENSG00000139220.17|8573|PPFIA2|protein_coding	PPFIA2
ENSG00000167065.14|4447|DUSP18|protein_coding	DUSP18
ENSG00000021645.20|15534|NRXN3|protein_coding	NRXN3
ENSG00000141971.13|3280|MVB12A|protein_coding	MVB12A
ENSG00000113119.13|3494|TMCO6|protein_coding	TMCO6
ENSG00000112038.18|21032|OPRM1|protein_coding	OPRM1
ENSG00000155026.16|4993|RSPH10B|protein_coding	RSPH10B
ENSG00000179526.17|2783|SHARPIN|protein_coding	SHARPIN
ENSG00000105321.14|3781|CCDC9|protein_coding	CCDC9
ENSG00000213563.7|3001|C8orf82|protein_coding	C8orf82
ENSG00000183090.5|6869|FREM3|protein_coding	FREM3
ENSG00000075240.17|4901|GRAMD4|protein_coding	GRAMD4
ENSG00000143801.18|16397|PSEN2|protein_coding	PSEN2
ENSG00000105357.19|10396|MYH14|protein_coding	MYH14
ENSG00000162999.13|5379|DUSP19|protein_coding	DUSP19
ENSG00000130713.16|4240|EXOSC2|protein_coding	EXOSC2
ENSG00000129295.9|4290|LRRC6|protein_coding	LRRC6
ENSG00000181291.8|6115|TMEM132E|protein_coding	TMEM132E
ENSG00000108384.15|6068|RAD51C|protein_coding	RAD51C
ENSG00000123106.10|7535|CCDC91|protein_coding	CCDC91
ENSG00000141756.19|4211|FKBP10|protein_coding	FKBP10
ENSG00000186049.8|2652|KRT73|protein_coding	KRT73
ENSG00000119487.17|6741|MAPKAP1|protein_coding	MAPKAP1
ENSG00000163749.18|6037|CCDC158|protein_coding	CCDC158
ENSG00000261308.4|4705|FIGNL2|protein_coding	FIGNL2
ENSG00000234289.6|467|H2BS1|protein_coding	H2BS1
ENSG00000140015.20|12313|KCNH5|protein_coding	KCNH5
ENSG00000148450.13|1979|MSRB2|protein_coding	MSRB2
ENSG00000091129.21|8232|NRCAM|protein_coding	NRCAM
ENSG00000105649.10|1786|RAB3A|protein_coding	RAB3A
ENSG00000179477.11|2746|ALOX12B|protein_coding	ALOX12B
ENSG00000133858.17|9432|ZFC3H1|protein_coding	ZFC3H1
ENSG00000255072.2|1311|PIGY|protein_coding	PIGY
ENSG00000145337.5|1311|PYURF|protein_coding	PYURF
ENSG00000153029.16|9441|MR1|protein_coding	MR1
ENSG00000118454.13|6184|ANKRD13C|protein_coding	ANKRD13C
ENSG00000024862.18|1247|CCDC28A|protein_coding	CCDC28A
ENSG00000169181.13|5425|GSG1L|protein_coding	GSG1L
ENSG00000022556.16|6313|NLRP2|protein_coding	NLRP2
ENSG00000068137.15|4803|PLEKHH3|protein_coding	PLEKHH3
ENSG00000183117.19|18705|CSMD1|protein_coding	CSMD1
ENSG00000160633.13|7036|SAFB|protein_coding	SAFB
ENSG00000163293.12|5983|NIPAL1|protein_coding	NIPAL1
ENSG00000163527.10|5006|STT3B|protein_coding	STT3B
ENSG00000205221.12|3710|VIT|protein_coding	VIT
ENSG00000126453.10|2216|BCL2L12|protein_coding	BCL2L12
ENSG00000122863.6|6934|CHST3|protein_coding	CHST3
ENSG00000132623.16|5869|ANKEF1|protein_coding	ANKEF1
ENSG00000186908.15|8285|ZDHHC17|protein_coding	ZDHHC17
ENSG00000129595.14|8578|EPB41L4A|protein_coding	EPB41L4A
ENSG00000130649.10|9622|CYP2E1|protein_coding	CYP2E1
ENSG00000054267.22|11073|ARID4B|protein_coding	ARID4B
ENSG00000103066.13|4460|PLA2G15|protein_coding	PLA2G15
ENSG00000276547.2|4887|PCDHGB5|protein_coding	PCDHGB5
ENSG00000166619.15|7869|BLCAP|protein_coding	BLCAP
ENSG00000166387.14|9800|PPFIBP2|protein_coding	PPFIBP2
ENSG00000248746.6|3460|ACTN3|protein_coding	ACTN3
ENSG00000155393.13|5039|HEATR3|protein_coding	HEATR3
ENSG00000167914.12|2244|GSDMA|protein_coding	GSDMA
ENSG00000182612.10|4745|TSPAN10|protein_coding	TSPAN10
ENSG00000164037.17|2957|SLC9B1|protein_coding	SLC9B1
ENSG00000168038.11|6279|ULK4|protein_coding	ULK4
ENSG00000159733.14|9612|ZFYVE28|protein_coding	ZFYVE28
ENSG00000105383.15|5975|CD33|protein_coding	CD33
ENSG00000054116.12|3527|TRAPPC3|protein_coding	TRAPPC3
ENSG00000107625.14|2683|DDX50|protein_coding	DDX50
ENSG00000182600.9|3698|SNORC|protein_coding	SNORC
ENSG00000135740.17|5420|SLC9A5|protein_coding	SLC9A5
ENSG00000165861.14|5225|ZFYVE1|protein_coding	ZFYVE1
ENSG00000165973.19|5314|NELL1|protein_coding	NELL1
ENSG00000205436.7|3480|EXOC3L4|protein_coding	EXOC3L4
ENSG00000100626.17|11462|GALNT16|protein_coding	GALNT16
ENSG00000103995.14|8165|CEP152|protein_coding	CEP152
ENSG00000128536.16|9726|CDHR3|protein_coding	CDHR3
ENSG00000163466.16|6515|ARPC2|protein_coding	ARPC2
ENSG00000011132.12|5596|APBA3|protein_coding	APBA3
ENSG00000106049.9|2211|HIBADH|protein_coding	HIBADH
ENSG00000178209.16|16992|PLEC|protein_coding	PLEC
ENSG00000108262.16|5650|GIT1|protein_coding	GIT1
ENSG00000177732.9|4673|SOX12|protein_coding	SOX12
ENSG00000172530.21|8154|BANP|protein_coding	BANP
ENSG00000233087.8|3677|RAB6D|protein_coding	RAB6D
ENSG00000260314.3|5188|MRC1|protein_coding	MRC1
ENSG00000153253.19|11566|SCN3A|protein_coding	SCN3A
ENSG00000172273.13|9858|HINFP|protein_coding	HINFP
ENSG00000151576.10|8054|QTRT2|protein_coding	QTRT2
ENSG00000197272.2|1270|IL27|protein_coding	IL27
ENSG00000130816.17|15379|DNMT1|protein_coding	DNMT1
ENSG00000125895.6|2516|TMEM74B|protein_coding	TMEM74B
ENSG00000160072.20|7686|ATAD3B|protein_coding	ATAD3B
ENSG00000175318.12|4990|GRAMD2A|protein_coding	GRAMD2A
ENSG00000141052.18|8875|MYOCD|protein_coding	MYOCD
ENSG00000136522.14|1365|MRPL47|protein_coding	MRPL47
ENSG00000185100.11|5732|ADSS1|protein_coding	ADSS1
ENSG00000213906.10|3233|LTB4R2|protein_coding	LTB4R2
ENSG00000125851.10|7029|PCSK2|protein_coding	PCSK2
ENSG00000118193.12|7294|KIF14|protein_coding	KIF14
ENSG00000213339.9|3430|QTRT1|protein_coding	QTRT1
ENSG00000131732.12|5130|ZCCHC9|protein_coding	ZCCHC9
ENSG00000217128.12|7942|FNIP1|protein_coding	FNIP1
ENSG00000124104.19|4078|SNX21|protein_coding	SNX21
ENSG00000171811.14|10698|CFAP46|protein_coding	CFAP46
ENSG00000140265.13|6652|ZSCAN29|protein_coding	ZSCAN29
ENSG00000130529.16|6604|TRPM4|protein_coding	TRPM4
ENSG00000167608.12|3062|TMC4|protein_coding	TMC4
ENSG00000150394.14|13529|CDH8|protein_coding	CDH8
ENSG00000107159.13|1608|CA9|protein_coding	CA9
ENSG00000204256.14|8995|BRD2|protein_coding	BRD2
ENSG00000184708.18|6102|EIF4ENIF1|protein_coding	EIF4ENIF1
ENSG00000119401.11|3777|TRIM32|protein_coding	TRIM32
ENSG00000198883.12|3428|PNMA5|protein_coding	PNMA5
ENSG00000109832.14|11036|DDX25|protein_coding	DDX25
ENSG00000106479.11|8422|ZNF862|protein_coding	ZNF862
ENSG00000149089.13|5217|APIP|protein_coding	APIP
ENSG00000105967.16|8644|TFEC|protein_coding	TFEC
ENSG00000124067.17|8298|SLC12A4|protein_coding	SLC12A4
ENSG00000152409.9|9096|JMY|protein_coding	JMY
ENSG00000204291.11|6653|COL15A1|protein_coding	COL15A1
ENSG00000129467.14|8067|ADCY4|protein_coding	ADCY4
ENSG00000083307.12|6053|GRHL2|protein_coding	GRHL2
ENSG00000130024.15|5982|PHF10|protein_coding	PHF10
ENSG00000130479.11|4933|MAP1S|protein_coding	MAP1S
ENSG00000127472.11|3342|PLA2G5|protein_coding	PLA2G5
ENSG00000185958.10|8296|FAM186A|protein_coding	FAM186A
ENSG00000108578.15|5119|BLMH|protein_coding	BLMH
ENSG00000165029.17|11343|ABCA1|protein_coding	ABCA1
ENSG00000063978.16|7141|RNF4|protein_coding	RNF4
ENSG00000109158.11|11305|GABRA4|protein_coding	GABRA4
ENSG00000065183.16|10276|WDR3|protein_coding	WDR3
ENSG00000167995.17|8688|BEST1|protein_coding	BEST1
ENSG00000117707.16|8936|PROX1|protein_coding	PROX1
ENSG00000177570.15|15382|SAMD12|protein_coding	SAMD12
ENSG00000100335.15|7555|MIEF1|protein_coding	MIEF1
ENSG00000259024.6|3097|TVP23C-CDRT4|protein_coding	TVP23C-CDRT4
ENSG00000163354.15|3071|DCST2|protein_coding	DCST2
ENSG00000205755.12_PAR_Y|1983|CRLF2|protein_coding	CRLF2
ENSG00000007372.24|20639|PAX6|protein_coding	PAX6
ENSG00000145569.6|7040|OTULINL|protein_coding	OTULINL
ENSG00000197451.12|2118|HNRNPAB|protein_coding	HNRNPAB
ENSG00000243789.11|1964|JMJD7|protein_coding	JMJD7
ENSG00000174917.9|1474|MICOS13|protein_coding	MICOS13
ENSG00000163565.19|5294|IFI16|protein_coding	IFI16
ENSG00000115850.10|6580|LCT|protein_coding	LCT
ENSG00000131386.19|6401|GALNT15|protein_coding	GALNT15
ENSG00000204130.14|8137|RUFY2|protein_coding	RUFY2
ENSG00000174915.12|6114|PTDSS2|protein_coding	PTDSS2
ENSG00000170017.12|7179|ALCAM|protein_coding	ALCAM
ENSG00000164070.12|11439|HSPA4L|protein_coding	HSPA4L
ENSG00000100297.16|7268|MCM5|protein_coding	MCM5
ENSG00000131069.20|5248|ACSS2|protein_coding	ACSS2
ENSG00000109674.4|2914|NEIL3|protein_coding	NEIL3
ENSG00000074964.17|7954|ARHGEF10L|protein_coding	ARHGEF10L
ENSG00000285589.1|5025|CTD-2192J16.27|protein_coding	CTD-2192J16.27
ENSG00000109452.12|14153|INPP4B|protein_coding	INPP4B
ENSG00000087077.14|2553|TRIP6|protein_coding	TRIP6
ENSG00000184270.6|497|H2AC21|protein_coding	H2AC21
ENSG00000204020.6|5627|LIPN|protein_coding	LIPN
ENSG00000171843.17|8081|MLLT3|protein_coding	MLLT3
ENSG00000189190.10|6964|ZNF600|protein_coding	ZNF600
ENSG00000149761.9|3721|NUDT22|protein_coding	NUDT22
ENSG00000126777.18|17578|KTN1|protein_coding	KTN1
ENSG00000141431.13|13636|ASXL3|protein_coding	ASXL3
ENSG00000092094.11|5031|OSGEP|protein_coding	OSGEP
ENSG00000163249.13|4707|CCNYL1|protein_coding	CCNYL1
ENSG00000178385.15|11638|PLEKHM3|protein_coding	PLEKHM3
ENSG00000134247.10|6488|PTGFRN|protein_coding	PTGFRN
ENSG00000196739.15|14011|COL27A1|protein_coding	COL27A1
ENSG00000063854.13|5839|HAGH|protein_coding	HAGH
ENSG00000071967.12|5172|CYBRD1|protein_coding	CYBRD1
ENSG00000104723.21|5190|TUSC3|protein_coding	TUSC3
ENSG00000114670.14|5355|NEK11|protein_coding	NEK11
ENSG00000175414.7|11440|ARL10|protein_coding	ARL10
ENSG00000104237.11|15703|RP1|protein_coding	RP1
ENSG00000168502.17|12665|MTCL1|protein_coding	MTCL1
ENSG00000204918.3|1847|PRR20B|protein_coding	PRR20B
ENSG00000122970.16|7001|IFT81|protein_coding	IFT81
ENSG00000012211.13|3656|PRICKLE3|protein_coding	PRICKLE3
ENSG00000173418.12|2182|NAA20|protein_coding	NAA20
ENSG00000109083.14|3227|IFT20|protein_coding	IFT20
ENSG00000014257.16|4280|ACP3|protein_coding	ACP3
ENSG00000188984.12|4055|AADACL3|protein_coding	AADACL3
ENSG00000105929.16|4124|ATP6V0A4|protein_coding	ATP6V0A4
ENSG00000172534.14|9011|HCFC1|protein_coding	HCFC1
ENSG00000112238.12|3232|PRDM13|protein_coding	PRDM13
ENSG00000013523.11|6525|ANGEL1|protein_coding	ANGEL1
ENSG00000162522.11|6020|KIAA1522|protein_coding	KIAA1522
ENSG00000124440.16|8375|HIF3A|protein_coding	HIF3A
ENSG00000135535.17|6861|CD164|protein_coding	CD164
ENSG00000137269.15|4901|LRRC1|protein_coding	LRRC1
ENSG00000173805.16|6223|HAP1|protein_coding	HAP1
ENSG00000166289.6|2298|PLEKHF1|protein_coding	PLEKHF1
ENSG00000005059.16|3555|MCUB|protein_coding	MCUB
ENSG00000177076.6|2773|ACER2|protein_coding	ACER2
ENSG00000108602.18|3878|ALDH3A1|protein_coding	ALDH3A1
ENSG00000198265.12|15680|HELZ|protein_coding	HELZ
ENSG00000162849.16|14404|KIF26B|protein_coding	KIF26B
ENSG00000170604.5|2534|IRF2BP1|protein_coding	IRF2BP1
ENSG00000161082.13|6066|CELF5|protein_coding	CELF5
ENSG00000187912.12|3116|CLEC17A|protein_coding	CLEC17A
ENSG00000104635.15|6908|SLC39A14|protein_coding	SLC39A14
ENSG00000003137.9|4839|CYP26B1|protein_coding	CYP26B1
ENSG00000102882.12|3669|MAPK3|protein_coding	MAPK3
ENSG00000174898.16|2781|CATSPERD|protein_coding	CATSPERD
ENSG00000160613.14|22207|PCSK7|protein_coding	PCSK7
ENSG00000005421.9|2657|PON1|protein_coding	PON1
ENSG00000237489.5|6811|C10orf143|protein_coding	C10orf143
ENSG00000154001.14|9184|PPP2R5E|protein_coding	PPP2R5E
ENSG00000213648.11|1945|SULT1A4|protein_coding	SULT1A4
ENSG00000176920.13|3381|FUT2|protein_coding	FUT2
ENSG00000170382.12|5686|LRRN2|protein_coding	LRRN2
ENSG00000167699.13|5603|GLOD4|protein_coding	GLOD4
ENSG00000020426.11|3877|MNAT1|protein_coding	MNAT1
ENSG00000122728.6|6216|TAF1L|protein_coding	TAF1L
ENSG00000241360.2|2205|PDXP|protein_coding	PDXP
ENSG00000166257.10|10020|SCN3B|protein_coding	SCN3B
ENSG00000188833.10|2836|ENTPD8|protein_coding	ENTPD8
ENSG00000092445.12|10770|TYRO3|protein_coding	TYRO3
ENSG00000167283.8|2926|ATP5MG|protein_coding	ATP5MG
ENSG00000137699.17|10040|TRIM29|protein_coding	TRIM29
ENSG00000197653.16|16234|DNAH10|protein_coding	DNAH10
ENSG00000103310.11|3453|ZP2|protein_coding	ZP2
ENSG00000050426.16|6032|LETMD1|protein_coding	LETMD1
ENSG00000033100.16|4205|CHPF2|protein_coding	CHPF2
ENSG00000169490.17|4435|TM2D2|protein_coding	TM2D2
ENSG00000186188.11|4060|FFAR4|protein_coding	FFAR4
ENSG00000139194.8|3027|RBP5|protein_coding	RBP5
ENSG00000179846.10|4987|NKPD1|protein_coding	NKPD1
ENSG00000100554.12|4247|ATP6V1D|protein_coding	ATP6V1D
ENSG00000139921.13|4608|TMX1|protein_coding	TMX1
ENSG00000171608.16|6333|PIK3CD|protein_coding	PIK3CD
ENSG00000125746.18|8173|EML2|protein_coding	EML2
ENSG00000053747.17|14488|LAMA3|protein_coding	LAMA3
ENSG00000146067.16|5825|FAM193B|protein_coding	FAM193B
ENSG00000103064.15|7588|SLC7A6|protein_coding	SLC7A6
ENSG00000285304.1|3123|RP1-37E16.13|protein_coding	RP1-37E16.13
ENSG00000151338.19|20250|MIPOL1|protein_coding	MIPOL1
ENSG00000171862.11|11069|PTEN|protein_coding	PTEN
ENSG00000189334.9|1277|S100A14|protein_coding	S100A14
ENSG00000114423.23|12269|CBLB|protein_coding	CBLB
ENSG00000198732.11|4369|SMOC1|protein_coding	SMOC1
ENSG00000116205.14|12168|TCEANC2|protein_coding	TCEANC2
ENSG00000138346.15|4925|DNA2|protein_coding	DNA2
ENSG00000158683.9|10263|PKD1L1|protein_coding	PKD1L1
ENSG00000153922.11|10487|CHD1|protein_coding	CHD1
ENSG00000075702.19|12217|WDR62|protein_coding	WDR62
ENSG00000008086.13|19056|CDKL5|protein_coding	CDKL5
ENSG00000145216.16|5639|FIP1L1|protein_coding	FIP1L1
ENSG00000110076.19|10589|NRXN2|protein_coding	NRXN2
ENSG00000134755.18|12501|DSC2|protein_coding	DSC2
ENSG00000163701.19|4673|IL17RE|protein_coding	IL17RE
ENSG00000153066.13|4268|TXNDC11|protein_coding	TXNDC11
ENSG00000147586.10|1817|MRPS28|protein_coding	MRPS28
ENSG00000140367.12|3830|UBE2Q2|protein_coding	UBE2Q2
ENSG00000174405.14|4388|LIG4|protein_coding	LIG4
ENSG00000134757.5|5579|DSG3|protein_coding	DSG3
ENSG00000093217.11|6327|XYLB|protein_coding	XYLB
ENSG00000147536.12|5447|GINS4|protein_coding	GINS4
ENSG00000117394.24|6614|SLC2A1|protein_coding	SLC2A1
ENSG00000213215.5|5109|OR2F1|protein_coding	OR2F1
ENSG00000143155.13|3186|TIPRL|protein_coding	TIPRL
ENSG00000063660.9|6522|GPC1|protein_coding	GPC1
ENSG00000185736.16|10567|ADARB2|protein_coding	ADARB2
ENSG00000124466.9|2467|LYPD3|protein_coding	LYPD3
ENSG00000163914.5|2768|RHO|protein_coding	RHO
ENSG00000057294.16|6970|PKP2|protein_coding	PKP2
ENSG00000164889.15|7570|SLC4A2|protein_coding	SLC4A2
ENSG00000169504.15|4467|CLIC4|protein_coding	CLIC4
ENSG00000136378.15|7760|ADAMTS7|protein_coding	ADAMTS7
ENSG00000149196.16|3433|HIKESHI|protein_coding	HIKESHI
ENSG00000162706.13|3847|CADM3|protein_coding	CADM3
ENSG00000273274.2|12831|ZBTB8B|protein_coding	ZBTB8B
ENSG00000140374.16|5033|ETFA|protein_coding	ETFA
ENSG00000147655.12|4355|RSPO2|protein_coding	RSPO2
ENSG00000107890.17|13564|ANKRD26|protein_coding	ANKRD26
ENSG00000133619.17|5337|KRBA1|protein_coding	KRBA1
ENSG00000012983.12|7580|MAP4K5|protein_coding	MAP4K5
ENSG00000186132.15|1554|C2orf76|protein_coding	C2orf76
ENSG00000184083.12|8799|FAM120C|protein_coding	FAM120C
ENSG00000213658.12|4431|LAT|protein_coding	LAT
ENSG00000197771.13|5994|MCMBP|protein_coding	MCMBP
ENSG00000148672.10|14283|GLUD1|protein_coding	GLUD1
ENSG00000076826.10|4884|CAMSAP3|protein_coding	CAMSAP3
ENSG00000156535.15|9782|CD109|protein_coding	CD109
ENSG00000243725.7|3488|TTC4|protein_coding	TTC4
ENSG00000173110.8|2355|HSPA6|protein_coding	HSPA6
ENSG00000008441.18|6435|NFIX|protein_coding	NFIX
ENSG00000112290.13|3260|WASF1|protein_coding	WASF1
ENSG00000062716.13|6854|VMP1|protein_coding	VMP1
ENSG00000197409.8|503|H3C4|protein_coding	H3C4
ENSG00000151006.7|5501|PRSS53|protein_coding	PRSS53
ENSG00000179546.5|3319|HTR1D|protein_coding	HTR1D
ENSG00000198060.10|4628|MARCHF5|protein_coding	MARCHF5
ENSG00000060982.15|11415|BCAT1|protein_coding	BCAT1
ENSG00000141504.12|1643|SAT2|protein_coding	SAT2
ENSG00000273559.5|3715|CWC25|protein_coding	CWC25
ENSG00000135842.17|8330|NIBAN1|protein_coding	NIBAN1
ENSG00000149115.14|7149|TNKS1BP1|protein_coding	TNKS1BP1
ENSG00000188211.9|6364|NCR3LG1|protein_coding	NCR3LG1
ENSG00000198691.13|8547|ABCA4|protein_coding	ABCA4
ENSG00000171817.17|4386|ZNF540|protein_coding	ZNF540
ENSG00000143318.13|2157|CASQ1|protein_coding	CASQ1
ENSG00000132016.11|3840|BRME1|protein_coding	BRME1
ENSG00000130725.8|1743|UBE2M|protein_coding	UBE2M
ENSG00000115839.18|6606|RAB3GAP1|protein_coding	RAB3GAP1
ENSG00000119812.19|4919|FAM98A|protein_coding	FAM98A
ENSG00000274523.5|4196|RCC1L|protein_coding	RCC1L
ENSG00000261236.8|3841|BOP1|protein_coding	BOP1
ENSG00000108021.20|10960|TASOR2|protein_coding	TASOR2
ENSG00000072954.7|2987|TMEM38A|protein_coding	TMEM38A
ENSG00000178026.13|3422|LRRC75B|protein_coding	LRRC75B
ENSG00000166634.7|4037|SERPINB12|protein_coding	SERPINB12
ENSG00000187720.14|15837|THSD4|protein_coding	THSD4
ENSG00000125966.10|4376|MMP24|protein_coding	MMP24
ENSG00000175287.19|2844|PHYHD1|protein_coding	PHYHD1
ENSG00000111186.13|4240|WNT5B|protein_coding	WNT5B
ENSG00000176422.14|10769|SPRYD4|protein_coding	SPRYD4
ENSG00000114982.19|9022|KANSL3|protein_coding	KANSL3
ENSG00000089723.10|4241|OTUB2|protein_coding	OTUB2
ENSG00000111325.16|4608|OGFOD2|protein_coding	OGFOD2
ENSG00000186645.10|2887|SPDYE17|protein_coding	SPDYE17
ENSG00000105227.16|7402|PRX|protein_coding	PRX
ENSG00000006453.14|4821|BAIAP2L1|protein_coding	BAIAP2L1
ENSG00000110148.10|2585|CCKBR|protein_coding	CCKBR
ENSG00000139725.8|6181|RHOF|protein_coding	RHOF
ENSG00000023892.11|2579|DEF6|protein_coding	DEF6
ENSG00000183114.8|2448|FAM43B|protein_coding	FAM43B
ENSG00000167749.11|1935|KLK4|protein_coding	KLK4
ENSG00000177551.5|7541|NHLH2|protein_coding	NHLH2
ENSG00000197410.14|16658|DCHS2|protein_coding	DCHS2
ENSG00000121350.16|5723|PYROXD1|protein_coding	PYROXD1
ENSG00000148288.13|4020|GBGT1|protein_coding	GBGT1
ENSG00000196660.11|8831|SLC30A10|protein_coding	SLC30A10
ENSG00000148832.16|2250|PAOX|protein_coding	PAOX
ENSG00000123352.18|6841|SPATS2|protein_coding	SPATS2
ENSG00000166342.19|8901|NETO1|protein_coding	NETO1
ENSG00000185808.14|4247|PIGP|protein_coding	PIGP
ENSG00000163017.14|3811|ACTG2|protein_coding	ACTG2
ENSG00000178999.13|2241|AURKB|protein_coding	AURKB
ENSG00000197903.8|495|H2BC12|protein_coding	H2BC12
ENSG00000005513.10|4470|SOX8|protein_coding	SOX8
ENSG00000166704.12|7612|ZNF606|protein_coding	ZNF606
ENSG00000130770.18|2225|ATP5IF1|protein_coding	ATP5IF1
ENSG00000142583.18|6632|SLC2A5|protein_coding	SLC2A5
ENSG00000164142.16|11843|FAM160A1|protein_coding	FAM160A1
ENSG00000112343.11|9418|TRIM38|protein_coding	TRIM38
ENSG00000180329.14|2855|CCDC43|protein_coding	CCDC43
ENSG00000148950.11|3901|IMMP1L|protein_coding	IMMP1L
ENSG00000146039.11|4641|SLC17A4|protein_coding	SLC17A4
ENSG00000185480.12|4747|PARPBP|protein_coding	PARPBP
ENSG00000163531.17|21271|NFASC|protein_coding	NFASC
ENSG00000159882.13|6287|ZNF230|protein_coding	ZNF230
ENSG00000184471.8|3541|C1QTNF8|protein_coding	C1QTNF8
ENSG00000143797.12|8694|MBOAT2|protein_coding	MBOAT2
ENSG00000196597.13|4851|ZNF782|protein_coding	ZNF782
ENSG00000152910.19|8001|CNTNAP4|protein_coding	CNTNAP4
ENSG00000142102.16|5269|PGGHG|protein_coding	PGGHG
ENSG00000117472.10|2370|TSPAN1|protein_coding	TSPAN1
ENSG00000129521.15|7363|EGLN3|protein_coding	EGLN3
ENSG00000113845.10|2715|TIMMDC1|protein_coding	TIMMDC1
ENSG00000116128.12|6331|BCL9|protein_coding	BCL9
ENSG00000147862.17|12765|NFIB|protein_coding	NFIB
ENSG00000118162.14|2115|KPTN|protein_coding	KPTN
ENSG00000101751.11|9358|POLI|protein_coding	POLI
ENSG00000116786.13|4134|PLEKHM2|protein_coding	PLEKHM2
ENSG00000137547.9|1773|MRPL15|protein_coding	MRPL15
ENSG00000229859.10|5039|PGA3|protein_coding	PGA3
ENSG00000091428.18|7125|RAPGEF4|protein_coding	RAPGEF4
ENSG00000142082.15|5553|SIRT3|protein_coding	SIRT3
ENSG00000185344.15|17214|ATP6V0A2|protein_coding	ATP6V0A2
ENSG00000125434.11|3952|SLC25A35|protein_coding	SLC25A35
ENSG00000155666.12|4026|KDM8|protein_coding	KDM8
ENSG00000185988.15|3972|PLK5|protein_coding	PLK5
ENSG00000157927.17|6513|RADIL|protein_coding	RADIL
ENSG00000285253.1|5049|RP11-566D24.2|protein_coding	RP11-566D24.2
ENSG00000158008.10|4542|EXTL1|protein_coding	EXTL1
ENSG00000143013.13|5421|LMO4|protein_coding	LMO4
ENSG00000176040.13|3050|TMPRSS7|protein_coding	TMPRSS7
ENSG00000176022.7|2805|B3GALT6|protein_coding	B3GALT6
ENSG00000173369.17|1492|C1QB|protein_coding	C1QB
ENSG00000132305.21|3688|IMMT|protein_coding	IMMT
ENSG00000175938.7|2641|ORAI3|protein_coding	ORAI3
ENSG00000136144.12|4509|RCBTB1|protein_coding	RCBTB1
ENSG00000113273.17|8899|ARSB|protein_coding	ARSB
ENSG00000104866.11|7701|PPP1R37|protein_coding	PPP1R37
ENSG00000101966.13|8996|XIAP|protein_coding	XIAP
ENSG00000078142.13|15170|PIK3C3|protein_coding	PIK3C3
ENSG00000166845.15|6175|C18orf54|protein_coding	C18orf54
ENSG00000198963.11|9621|RORB|protein_coding	RORB
ENSG00000139722.7|5634|VPS37B|protein_coding	VPS37B
ENSG00000164076.17|3613|CAMKV|protein_coding	CAMKV
ENSG00000185915.5|3641|KLHL34|protein_coding	KLHL34
ENSG00000182504.11|8882|CEP97|protein_coding	CEP97
ENSG00000132470.14|6761|ITGB4|protein_coding	ITGB4
ENSG00000071564.17|6090|TCF3|protein_coding	TCF3
ENSG00000169169.15|5864|CPT1C|protein_coding	CPT1C
ENSG00000132170.24|11981|PPARG|protein_coding	PPARG
ENSG00000171102.15|1135|OBP2B|protein_coding	OBP2B
ENSG00000158296.14|6055|SLC13A3|protein_coding	SLC13A3
ENSG00000185278.15|19464|ZBTB37|protein_coding	ZBTB37
ENSG00000160883.11|3304|HK3|protein_coding	HK3
ENSG00000152749.8|8884|GPR180|protein_coding	GPR180
ENSG00000100612.14|3249|DHRS7|protein_coding	DHRS7
ENSG00000277363.5|11665|SRCIN1|protein_coding	SRCIN1
ENSG00000117640.18|5797|MTFR1L|protein_coding	MTFR1L
ENSG00000213988.11|6088|ZNF90|protein_coding	ZNF90
ENSG00000141524.17|11730|TMC6|protein_coding	TMC6
ENSG00000197217.13|7054|ENTPD4|protein_coding	ENTPD4
ENSG00000126804.14|6336|ZBTB1|protein_coding	ZBTB1
ENSG00000008300.17|13850|CELSR3|protein_coding	CELSR3
ENSG00000124459.12|4402|ZNF45|protein_coding	ZNF45
ENSG00000008735.14|5793|MAPK8IP2|protein_coding	MAPK8IP2
ENSG00000156920.11|10076|ADGRG4|protein_coding	ADGRG4
ENSG00000091409.16|6679|ITGA6|protein_coding	ITGA6
ENSG00000188107.15|17071|EYS|protein_coding	EYS
ENSG00000165105.10|6644|RASEF|protein_coding	RASEF
ENSG00000162664.17|10988|ZNF326|protein_coding	ZNF326
ENSG00000164989.17|12194|CCDC171|protein_coding	CCDC171
ENSG00000152990.14|9261|ADGRA3|protein_coding	ADGRA3
ENSG00000171812.13|4669|COL8A2|protein_coding	COL8A2
ENSG00000174370.11|3750|C11orf45|protein_coding	C11orf45
ENSG00000100092.24|4890|SH3BP1|protein_coding	SH3BP1
ENSG00000135315.12|5482|CEP162|protein_coding	CEP162
ENSG00000169255.15|7816|B3GALNT1|protein_coding	B3GALNT1
ENSG00000197616.13|7281|MYH6|protein_coding	MYH6
ENSG00000128596.17|6238|CCDC136|protein_coding	CCDC136
ENSG00000006757.12|3411|PNPLA4|protein_coding	PNPLA4
ENSG00000153012.12|6495|LGI2|protein_coding	LGI2
ENSG00000129159.9|14417|KCNC1|protein_coding	KCNC1
ENSG00000204323.5|5117|SMIM5|protein_coding	SMIM5
ENSG00000158636.16|11783|EMSY|protein_coding	EMSY
ENSG00000051180.17|3084|RAD51|protein_coding	RAD51
ENSG00000164867.11|5931|NOS3|protein_coding	NOS3
ENSG00000134775.15|7965|FHOD3|protein_coding	FHOD3
ENSG00000143786.8|6367|CNIH3|protein_coding	CNIH3
ENSG00000184985.16|6317|SORCS2|protein_coding	SORCS2
ENSG00000123843.13|3201|C4BPB|protein_coding	C4BPB
ENSG00000114279.15|10879|FGF12|protein_coding	FGF12
ENSG00000149582.16|5529|TMEM25|protein_coding	TMEM25
ENSG00000106336.13|3329|FBXO24|protein_coding	FBXO24
ENSG00000156110.15|4658|ADK|protein_coding	ADK
ENSG00000100983.12|6166|GSS|protein_coding	GSS
ENSG00000162819.12|4980|BROX|protein_coding	BROX
ENSG00000074855.11|5005|ANO8|protein_coding	ANO8
ENSG00000121570.12|4996|DPPA4|protein_coding	DPPA4
ENSG00000049249.9|6354|TNFRSF9|protein_coding	TNFRSF9
ENSG00000040531.16|4949|CTNS|protein_coding	CTNS
ENSG00000167107.13|5797|ACSF2|protein_coding	ACSF2
ENSG00000196136.18|5000|SERPINA3|protein_coding	SERPINA3
ENSG00000263528.8|3791|IKBKE|protein_coding	IKBKE
ENSG00000163568.15|1874|AIM2|protein_coding	AIM2
ENSG00000170579.17|12078|DLGAP1|protein_coding	DLGAP1
ENSG00000066651.20|5722|TRMT11|protein_coding	TRMT11
ENSG00000135040.16|6805|NAA35|protein_coding	NAA35
ENSG00000009694.13|12896|TENM1|protein_coding	TENM1
ENSG00000151117.9|4243|TMEM86A|protein_coding	TMEM86A
ENSG00000105583.11|713|WDR83OS|protein_coding	WDR83OS
ENSG00000258643.6|2370|BCL2L2-PABPN1|protein_coding	BCL2L2-PABPN1
ENSG00000176884.16|10233|GRIN1|protein_coding	GRIN1
ENSG00000090889.12|4573|KIF4A|protein_coding	KIF4A
ENSG00000137312.15|3185|FLOT1|protein_coding	FLOT1
ENSG00000188559.15|11649|RALGAPA2|protein_coding	RALGAPA2
ENSG00000174059.17|9219|CD34|protein_coding	CD34
ENSG00000185133.14|4823|INPP5J|protein_coding	INPP5J
ENSG00000120253.14|4420|NUP43|protein_coding	NUP43
ENSG00000005844.19|9864|ITGAL|protein_coding	ITGAL
ENSG00000183853.18|7872|KIRREL1|protein_coding	KIRREL1
ENSG00000197969.14|20100|VPS13A|protein_coding	VPS13A
ENSG00000141314.13|5746|RHBDL3|protein_coding	RHBDL3
ENSG00000136856.18|3928|SLC2A8|protein_coding	SLC2A8
ENSG00000270299.1|2714|RP5-850E9.3|protein_coding	RP5-850E9.3
ENSG00000095787.24|12780|WAC|protein_coding	WAC
ENSG00000145494.12|887|NDUFS6|protein_coding	NDUFS6
ENSG00000114098.18|9843|ARMC8|protein_coding	ARMC8
ENSG00000151779.13|8947|NBAS|protein_coding	NBAS
ENSG00000106615.10|3533|RHEB|protein_coding	RHEB
ENSG00000186350.12|12077|RXRA|protein_coding	RXRA
ENSG00000161800.13|4487|RACGAP1|protein_coding	RACGAP1
ENSG00000147912.13|6028|FBXO10|protein_coding	FBXO10
ENSG00000164332.8|2463|UBLCP1|protein_coding	UBLCP1
ENSG00000055957.11|4541|ITIH1|protein_coding	ITIH1
ENSG00000079785.16|10125|DDX1|protein_coding	DDX1
ENSG00000132153.15|7744|DHX30|protein_coding	DHX30
ENSG00000027644.5|5200|INSRR|protein_coding	INSRR
ENSG00000182902.14|4731|SLC25A18|protein_coding	SLC25A18
ENSG00000176490.5|3439|DIRAS1|protein_coding	DIRAS1
ENSG00000165238.16|13198|WNK2|protein_coding	WNK2
ENSG00000196337.13|3387|CGB7|protein_coding	CGB7
ENSG00000161813.22|8112|LARP4|protein_coding	LARP4
ENSG00000152104.12|18752|PTPN14|protein_coding	PTPN14
ENSG00000100241.21|9452|SBF1|protein_coding	SBF1
ENSG00000154727.11|5742|GABPA|protein_coding	GABPA
ENSG00000089682.16|6101|RBM41|protein_coding	RBM41
ENSG00000099822.3|3420|HCN2|protein_coding	HCN2
ENSG00000110446.12|6949|SLC15A3|protein_coding	SLC15A3
ENSG00000127586.17|5916|CHTF18|protein_coding	CHTF18
ENSG00000081014.11|7354|AP4E1|protein_coding	AP4E1
ENSG00000197774.14|7306|EME2|protein_coding	EME2
ENSG00000172403.11|19530|SYNPO2|protein_coding	SYNPO2
ENSG00000145041.16|6909|DCAF1|protein_coding	DCAF1
ENSG00000175262.14|3573|C1orf127|protein_coding	C1orf127
ENSG00000108924.14|6776|HLF|protein_coding	HLF
ENSG00000183048.12|2621|SLC25A10|protein_coding	SLC25A10
ENSG00000140848.17|7737|CPNE2|protein_coding	CPNE2
ENSG00000036565.15|3910|SLC18A1|protein_coding	SLC18A1
ENSG00000108587.16|9855|GOSR1|protein_coding	GOSR1
ENSG00000187664.9|4462|HAPLN4|protein_coding	HAPLN4
ENSG00000101213.7|2953|PTK6|protein_coding	PTK6
ENSG00000008382.16|2049|MPND|protein_coding	MPND
ENSG00000196277.16|8214|GRM7|protein_coding	GRM7
ENSG00000170421.12|6881|KRT8|protein_coding	KRT8
ENSG00000117154.12|3033|IGSF21|protein_coding	IGSF21
ENSG00000135722.9|3129|FBXL8|protein_coding	FBXL8
ENSG00000182175.14|13221|RGMA|protein_coding	RGMA
ENSG00000155957.18|4137|TMBIM4|protein_coding	TMBIM4
ENSG00000114646.10|4367|CSPG5|protein_coding	CSPG5
ENSG00000274180.1|4931|NATD1|protein_coding	NATD1
ENSG00000140987.20|4445|ZSCAN32|protein_coding	ZSCAN32
ENSG00000141505.12|3748|ASGR1|protein_coding	ASGR1
ENSG00000145740.19|5481|SLC30A5|protein_coding	SLC30A5
ENSG00000211584.14|4912|SLC48A1|protein_coding	SLC48A1
ENSG00000188404.10|2731|SELL|protein_coding	SELL
ENSG00000120318.16|6195|ARAP3|protein_coding	ARAP3
ENSG00000132432.14|1842|SEC61G|protein_coding	SEC61G
ENSG00000043355.12|3290|ZIC2|protein_coding	ZIC2
ENSG00000095319.14|8041|NUP188|protein_coding	NUP188
ENSG00000149136.9|6337|SSRP1|protein_coding	SSRP1
ENSG00000167555.14|8530|ZNF528|protein_coding	ZNF528
ENSG00000102466.16|14059|FGF14|protein_coding	FGF14
ENSG00000106070.20|9795|GRB10|protein_coding	GRB10
ENSG00000104093.14|13807|DMXL2|protein_coding	DMXL2
ENSG00000240682.10|3872|ISY1|protein_coding	ISY1
ENSG00000288622.1|5874|PDCD6-AHRR|protein_coding	PDCD6-AHRR
ENSG00000102984.15|3402|ZNF821|protein_coding	ZNF821
ENSG00000197142.11|4137|ACSL5|protein_coding	ACSL5
ENSG00000177082.13|9622|WDR73|protein_coding	WDR73
ENSG00000213719.8|1942|CLIC1|protein_coding	CLIC1
ENSG00000123374.11|3887|CDK2|protein_coding	CDK2
ENSG00000063015.20|4962|SEZ6|protein_coding	SEZ6
ENSG00000184209.15|4693|SNRNP35|protein_coding	SNRNP35
ENSG00000075539.15|18165|FRYL|protein_coding	FRYL
ENSG00000214447.4|3459|FAM187A|protein_coding	FAM187A
ENSG00000175189.4|3202|INHBC|protein_coding	INHBC
ENSG00000186812.13|8715|ZNF397|protein_coding	ZNF397
ENSG00000158402.21|3329|CDC25C|protein_coding	CDC25C
ENSG00000130294.18|17879|KIF1A|protein_coding	KIF1A
ENSG00000133874.2|1872|RNF122|protein_coding	RNF122
ENSG00000168077.14|4029|SCARA3|protein_coding	SCARA3
ENSG00000179134.15|8057|SAMD4B|protein_coding	SAMD4B
ENSG00000132963.8|1462|POMP|protein_coding	POMP
ENSG00000178031.18|13446|ADAMTSL1|protein_coding	ADAMTSL1
ENSG00000186283.14|3224|TOR3A|protein_coding	TOR3A
ENSG00000184571.13|3803|PIWIL3|protein_coding	PIWIL3
ENSG00000143575.15|2077|HAX1|protein_coding	HAX1
ENSG00000101412.13|2690|E2F1|protein_coding	E2F1
ENSG00000175550.8|1722|DRAP1|protein_coding	DRAP1
ENSG00000162946.23|12931|DISC1|protein_coding	DISC1
ENSG00000109458.8|10119|GAB1|protein_coding	GAB1
ENSG00000165507.9|2979|DEPP1|protein_coding	DEPP1
ENSG00000065989.16|6762|PDE4A|protein_coding	PDE4A
ENSG00000161798.7|1884|AQP5|protein_coding	AQP5
ENSG00000248333.9|3490|CDK11B|protein_coding	CDK11B
ENSG00000168658.19|8307|VWA3B|protein_coding	VWA3B
ENSG00000101882.10|7873|NKAP|protein_coding	NKAP
ENSG00000123595.8|2113|RAB9A|protein_coding	RAB9A
ENSG00000116032.5|3281|GRIN3B|protein_coding	GRIN3B
ENSG00000189339.12|8462|SLC35E2B|protein_coding	SLC35E2B
ENSG00000102760.13|1030|RGCC|protein_coding	RGCC
ENSG00000121680.16|3019|PEX16|protein_coding	PEX16
ENSG00000183914.14|17231|DNAH2|protein_coding	DNAH2
ENSG00000109089.7|3536|CDR2L|protein_coding	CDR2L
ENSG00000186638.17|6479|KIF24|protein_coding	KIF24
ENSG00000198208.12|7526|RPS6KL1|protein_coding	RPS6KL1
ENSG00000162676.12|5069|GFI1|protein_coding	GFI1
ENSG00000172116.23|5279|CD8B|protein_coding	CD8B
ENSG00000198718.13|10292|TOGARAM1|protein_coding	TOGARAM1
ENSG00000020129.16|4917|NCDN|protein_coding	NCDN
ENSG00000197530.13|8723|MIB2|protein_coding	MIB2
ENSG00000155754.15|6819|C2CD6|protein_coding	C2CD6
ENSG00000133687.16|14681|TMTC1|protein_coding	TMTC1
ENSG00000160752.15|3718|FDPS|protein_coding	FDPS
ENSG00000064655.19|3618|EYA2|protein_coding	EYA2
ENSG00000187105.9|4209|HEATR4|protein_coding	HEATR4
ENSG00000176946.12|2856|THAP4|protein_coding	THAP4
ENSG00000018189.13|9405|RUFY3|protein_coding	RUFY3
ENSG00000157429.16|9225|ZNF19|protein_coding	ZNF19
ENSG00000147679.12|5244|UTP23|protein_coding	UTP23
ENSG00000122966.17|28605|CIT|protein_coding	CIT
ENSG00000131779.11|1718|PEX11B|protein_coding	PEX11B
ENSG00000163013.12|8058|FBXO41|protein_coding	FBXO41
ENSG00000105675.9|3901|ATP4A|protein_coding	ATP4A
ENSG00000048052.23|17269|HDAC9|protein_coding	HDAC9
ENSG00000050327.15|5818|ARHGEF5|protein_coding	ARHGEF5
ENSG00000214575.10|8215|CPEB1|protein_coding	CPEB1
ENSG00000039987.7|2646|BEST2|protein_coding	BEST2
ENSG00000185838.14|6989|GNB1L|protein_coding	GNB1L
ENSG00000188585.9|3368|CLEC20A|protein_coding	CLEC20A
ENSG00000181733.4|1755|OR2Z1|protein_coding	OR2Z1
ENSG00000083312.19|13099|TNPO1|protein_coding	TNPO1
ENSG00000142751.15|4966|GPN2|protein_coding	GPN2
ENSG00000075568.17|13042|TMEM131|protein_coding	TMEM131
ENSG00000100744.15|4567|GSKIP|protein_coding	GSKIP
ENSG00000065268.11|2283|WDR18|protein_coding	WDR18
ENSG00000198353.8|2767|HOXC4|protein_coding	HOXC4
ENSG00000124613.9|4797|ZNF391|protein_coding	ZNF391
ENSG00000175356.14|8014|SCUBE2|protein_coding	SCUBE2
ENSG00000078269.15|12517|SYNJ2|protein_coding	SYNJ2
ENSG00000163346.17|3851|PBXIP1|protein_coding	PBXIP1
ENSG00000107186.17|11373|MPDZ|protein_coding	MPDZ
ENSG00000182544.9|2583|MFSD5|protein_coding	MFSD5
ENSG00000196975.16|11060|ANXA4|protein_coding	ANXA4
ENSG00000197798.9|3534|FAM118B|protein_coding	FAM118B
ENSG00000283439.4|3695|SPEM3|protein_coding	SPEM3
ENSG00000111181.13|5317|SLC6A12|protein_coding	SLC6A12
ENSG00000141570.11|4125|CBX8|protein_coding	CBX8
ENSG00000197380.11|5466|DACT3|protein_coding	DACT3
ENSG00000165269.13|5253|AQP7|protein_coding	AQP7
ENSG00000111218.12|6677|PRMT8|protein_coding	PRMT8
ENSG00000221838.10|4722|AP4M1|protein_coding	AP4M1
ENSG00000196652.12|6045|ZKSCAN5|protein_coding	ZKSCAN5
ENSG00000075891.23|6582|PAX2|protein_coding	PAX2
ENSG00000115602.17|5746|IL1RL1|protein_coding	IL1RL1
ENSG00000160460.16|11767|SPTBN4|protein_coding	SPTBN4
ENSG00000273820.2|3075|USP27X|protein_coding	USP27X
ENSG00000123297.20|3210|TSFM|protein_coding	TSFM
ENSG00000111424.12|5674|VDR|protein_coding	VDR
ENSG00000255274.9|3769|SMIM35|protein_coding	SMIM35
ENSG00000164440.15|4796|TXLNB|protein_coding	TXLNB
ENSG00000081870.12|3006|HSPB11|protein_coding	HSPB11
ENSG00000166024.14|3571|R3HCC1L|protein_coding	R3HCC1L
ENSG00000090530.10|5573|P3H2|protein_coding	P3H2
ENSG00000133063.16|7732|CHIT1|protein_coding	CHIT1
ENSG00000269955.2|1661|FMC1-LUC7L2|protein_coding	FMC1-LUC7L2
ENSG00000160991.17|11107|ORAI2|protein_coding	ORAI2
ENSG00000019144.19|21715|PHLDB1|protein_coding	PHLDB1
ENSG00000107736.22|18592|CDH23|protein_coding	CDH23
ENSG00000137710.17|8518|RDX|protein_coding	RDX
ENSG00000158805.12|7456|ZNF276|protein_coding	ZNF276
ENSG00000147724.12|14064|FAM135B|protein_coding	FAM135B
ENSG00000047617.16|6255|ANO2|protein_coding	ANO2
ENSG00000055044.11|3274|NOP58|protein_coding	NOP58
ENSG00000161091.14|5290|MFSD12|protein_coding	MFSD12
ENSG00000169519.21|7778|METTL15|protein_coding	METTL15
ENSG00000109618.13|9539|SEPSECS|protein_coding	SEPSECS
ENSG00000198814.13|5365|GK|protein_coding	GK
ENSG00000133069.17|5822|TMCC2|protein_coding	TMCC2
ENSG00000288695.1|4521|RP11-177J6.2|protein_coding	RP11-177J6.2
ENSG00000176209.12|4071|SMIM19|protein_coding	SMIM19
ENSG00000111196.10|4839|MAGOHB|protein_coding	MAGOHB
ENSG00000173482.17|9900|PTPRM|protein_coding	PTPRM
ENSG00000011523.14|8623|CEP68|protein_coding	CEP68
ENSG00000139726.11|3526|DENR|protein_coding	DENR
ENSG00000186625.14|2255|KATNA1|protein_coding	KATNA1
ENSG00000182704.8|4013|TSKU|protein_coding	TSKU
ENSG00000182963.11|8716|GJC1|protein_coding	GJC1
ENSG00000187147.18|9687|RNF220|protein_coding	RNF220
ENSG00000123933.17|6873|MXD4|protein_coding	MXD4
ENSG00000111885.7|5018|MAN1A1|protein_coding	MAN1A1
ENSG00000181804.15|4041|SLC9A9|protein_coding	SLC9A9
ENSG00000177565.18|11689|TBL1XR1|protein_coding	TBL1XR1
ENSG00000179284.6|1967|DAND5|protein_coding	DAND5
ENSG00000133138.20|9515|TBC1D8B|protein_coding	TBC1D8B
ENSG00000175764.16|9789|TTLL11|protein_coding	TTLL11
ENSG00000173930.9|5069|SLCO4C1|protein_coding	SLCO4C1
ENSG00000145832.15|8371|SLC25A48|protein_coding	SLC25A48
ENSG00000155657.28|118976|TTN|protein_coding	TTN
ENSG00000110660.15|3483|SLC35F2|protein_coding	SLC35F2
ENSG00000262560.1|2326|RP11-296A16.1|protein_coding	RP11-296A16.1
ENSG00000140543.15|6859|DET1|protein_coding	DET1
ENSG00000144730.19|9561|IL17RD|protein_coding	IL17RD
ENSG00000197296.6|4628|FITM2|protein_coding	FITM2
ENSG00000163075.13|9655|CFAP221|protein_coding	CFAP221
ENSG00000184260.6|494|H2AC20|protein_coding	H2AC20
ENSG00000177984.7|2887|LCN15|protein_coding	LCN15
ENSG00000128487.18|21248|SPECC1|protein_coding	SPECC1
ENSG00000103512.15|5776|NOMO1|protein_coding	NOMO1
ENSG00000171017.11|4329|LRRC8E|protein_coding	LRRC8E
ENSG00000095539.15|5253|SEMA4G|protein_coding	SEMA4G
ENSG00000119599.17|5536|DCAF4|protein_coding	DCAF4
ENSG00000151176.8|5264|PLBD2|protein_coding	PLBD2
ENSG00000091483.8|9350|FH|protein_coding	FH
ENSG00000145349.18|8824|CAMK2D|protein_coding	CAMK2D
ENSG00000138180.16|3291|CEP55|protein_coding	CEP55
ENSG00000151575.14|8290|TEX9|protein_coding	TEX9
ENSG00000167994.13|3191|RAB3IL1|protein_coding	RAB3IL1
ENSG00000164292.13|8827|RHOBTB3|protein_coding	RHOBTB3
ENSG00000171729.14|2238|TMEM51|protein_coding	TMEM51
ENSG00000164919.11|2712|COX6C|protein_coding	COX6C
ENSG00000164008.16|5286|C1orf50|protein_coding	C1orf50
ENSG00000010244.19|15818|ZNF207|protein_coding	ZNF207
ENSG00000166501.14|11049|PRKCB|protein_coding	PRKCB
ENSG00000142156.16|5536|COL6A1|protein_coding	COL6A1
ENSG00000168389.18|4007|MFSD2A|protein_coding	MFSD2A
ENSG00000110080.20|5962|ST3GAL4|protein_coding	ST3GAL4
ENSG00000162399.9|9761|BSND|protein_coding	BSND
ENSG00000165495.16|6538|PKNOX2|protein_coding	PKNOX2
ENSG00000171551.12|2978|ECEL1|protein_coding	ECEL1
ENSG00000186652.10|1845|PRG2|protein_coding	PRG2
ENSG00000171049.9|3625|FPR2|protein_coding	FPR2
ENSG00000004864.14|3710|SLC25A13|protein_coding	SLC25A13
ENSG00000180509.13|7206|KCNE1|protein_coding	KCNE1
ENSG00000184261.5|14022|KCNK12|protein_coding	KCNK12
ENSG00000087085.16|4074|ACHE|protein_coding	ACHE
ENSG00000188092.15|5214|GPR89B|protein_coding	GPR89B
ENSG00000113594.10|12159|LIFR|protein_coding	LIFR
ENSG00000182010.11|9793|RTKN2|protein_coding	RTKN2
ENSG00000114388.14|3412|NPRL2|protein_coding	NPRL2
ENSG00000187772.8|5943|LIN28B|protein_coding	LIN28B
ENSG00000095794.19|5699|CREM|protein_coding	CREM
ENSG00000126261.13|4815|UBA2|protein_coding	UBA2
ENSG00000266964.6|1910|FXYD1|protein_coding	FXYD1
ENSG00000155906.20|10735|RMND1|protein_coding	RMND1
ENSG00000221869.5|1252|CEBPD|protein_coding	CEBPD
ENSG00000133961.21|9546|NUMB|protein_coding	NUMB
ENSG00000167972.14|7804|ABCA3|protein_coding	ABCA3
ENSG00000164983.8|9038|TMEM65|protein_coding	TMEM65
ENSG00000170035.16|2974|UBE2E3|protein_coding	UBE2E3
ENSG00000107643.16|9674|MAPK8|protein_coding	MAPK8
ENSG00000135111.16|5960|TBX3|protein_coding	TBX3
ENSG00000150054.19|6371|MPP7|protein_coding	MPP7
ENSG00000063176.16|6009|SPHK2|protein_coding	SPHK2
ENSG00000175832.13|3515|ETV4|protein_coding	ETV4
ENSG00000165138.18|8862|ANKS6|protein_coding	ANKS6
ENSG00000149792.9|3080|MRPL49|protein_coding	MRPL49
ENSG00000277399.5|9250|GPR179|protein_coding	GPR179
ENSG00000101868.13|15547|POLA1|protein_coding	POLA1
ENSG00000139160.13|6868|ETFBKMT|protein_coding	ETFBKMT
ENSG00000174705.13|8244|SH3PXD2B|protein_coding	SH3PXD2B
ENSG00000117868.17|7098|ESYT2|protein_coding	ESYT2
ENSG00000135127.11|5484|BICDL1|protein_coding	BICDL1
ENSG00000063587.15|8147|ZNF275|protein_coding	ZNF275
ENSG00000175854.14|2499|SWI5|protein_coding	SWI5
ENSG00000173171.15|3282|MTX1|protein_coding	MTX1
ENSG00000099968.18|7662|BCL2L13|protein_coding	BCL2L13
ENSG00000119403.15|6594|PHF19|protein_coding	PHF19
ENSG00000179044.16|3045|EXOC3L1|protein_coding	EXOC3L1
ENSG00000221858.3|4172|OR2A12|protein_coding	OR2A12
ENSG00000170802.16|5482|FOXN2|protein_coding	FOXN2
ENSG00000020181.18|7084|ADGRA2|protein_coding	ADGRA2
ENSG00000154975.14|4437|CA10|protein_coding	CA10
ENSG00000206262.9|5123|FOXL2NB|protein_coding	FOXL2NB
ENSG00000153989.8|4796|NUS1|protein_coding	NUS1
ENSG00000214946.14|5699|TBC1D26|protein_coding	TBC1D26
ENSG00000284691.1|4333|RP11-511P7.5|protein_coding	RP11-511P7.5
ENSG00000162931.12|3553|TRIM17|protein_coding	TRIM17
ENSG00000120725.13|3977|SIL1|protein_coding	SIL1
ENSG00000070748.19|6588|CHAT|protein_coding	CHAT
ENSG00000073067.14|2791|CYP2W1|protein_coding	CYP2W1
ENSG00000152092.16|9201|ASTN1|protein_coding	ASTN1
ENSG00000100191.6|2048|SLC5A4|protein_coding	SLC5A4
ENSG00000267059.2|1002|AC005943.2|protein_coding	AC005943.2
ENSG00000197446.9|3009|CYP2F1|protein_coding	CYP2F1
ENSG00000172006.12|5653|ZNF554|protein_coding	ZNF554
ENSG00000196169.15|5640|KIF19|protein_coding	KIF19
ENSG00000101489.20|6329|CELF4|protein_coding	CELF4
ENSG00000166199.13|2380|ALKBH3|protein_coding	ALKBH3
ENSG00000147099.21|22888|HDAC8|protein_coding	HDAC8
ENSG00000198844.12|5292|ARHGEF15|protein_coding	ARHGEF15
ENSG00000118363.12|2984|SPCS2|protein_coding	SPCS2
ENSG00000205238.10|2072|SPDYE2|protein_coding	SPDYE2
ENSG00000100934.15|8660|SEC23A|protein_coding	SEC23A
ENSG00000113716.13|6263|HMGXB3|protein_coding	HMGXB3
ENSG00000240065.8|3338|PSMB9|protein_coding	PSMB9
ENSG00000182575.8|5635|NXPH3|protein_coding	NXPH3
ENSG00000143851.15|5906|PTPN7|protein_coding	PTPN7
ENSG00000150967.18|13291|ABCB9|protein_coding	ABCB9
ENSG00000127554.13|2701|GFER|protein_coding	GFER
ENSG00000177627.11|1874|C12orf54|protein_coding	C12orf54
ENSG00000179841.8|7512|AKAP5|protein_coding	AKAP5
ENSG00000163833.8|5669|FBXO40|protein_coding	FBXO40
ENSG00000169402.15|4992|RSPH10B2|protein_coding	RSPH10B2
ENSG00000085415.16|10481|SEH1L|protein_coding	SEH1L
ENSG00000152443.13|5454|ZNF776|protein_coding	ZNF776
ENSG00000002586.20_PAR_Y|4858|CD99|protein_coding	CD99
ENSG00000215475.5|7075|SIAH3|protein_coding	SIAH3
ENSG00000196792.12|4965|STRN3|protein_coding	STRN3
ENSG00000197702.14|12471|PARVA|protein_coding	PARVA
ENSG00000165272.16|2911|AQP3|protein_coding	AQP3
ENSG00000183908.7|5410|LRRC55|protein_coding	LRRC55
ENSG00000185670.9|3344|ZBTB3|protein_coding	ZBTB3
ENSG00000114302.16|6665|PRKAR2A|protein_coding	PRKAR2A
ENSG00000196074.13|6465|SYCP2|protein_coding	SYCP2
ENSG00000157470.12|5571|FAM81A|protein_coding	FAM81A
ENSG00000198162.12|9667|MAN1A2|protein_coding	MAN1A2
ENSG00000161791.14|13415|FMNL3|protein_coding	FMNL3
ENSG00000139044.12|7292|B4GALNT3|protein_coding	B4GALNT3
ENSG00000126749.16|6243|EMG1|protein_coding	EMG1
ENSG00000176261.16|3531|ZBTB8OS|protein_coding	ZBTB8OS
ENSG00000102781.14|8172|KATNAL1|protein_coding	KATNAL1
ENSG00000157933.10|6550|SKI|protein_coding	SKI
ENSG00000126583.12|3964|PRKCG|protein_coding	PRKCG
ENSG00000142552.8|1703|RCN3|protein_coding	RCN3
ENSG00000121989.15|6448|ACVR2A|protein_coding	ACVR2A
ENSG00000184226.15|30944|PCDH9|protein_coding	PCDH9
ENSG00000018610.15|2581|STEEP1|protein_coding	STEEP1
ENSG00000081248.12|7266|CACNA1S|protein_coding	CACNA1S
ENSG00000254709.8|1339|IGLL5|protein_coding	IGLL5
ENSG00000163882.9|3146|POLR2H|protein_coding	POLR2H
ENSG00000173436.15|5480|MICOS10|protein_coding	MICOS10
ENSG00000163870.16|5621|TPRA1|protein_coding	TPRA1
ENSG00000134184.13|2512|GSTM1|protein_coding	GSTM1
ENSG00000169621.10|7124|APLF|protein_coding	APLF
ENSG00000100065.15|5754|CARD10|protein_coding	CARD10
ENSG00000154188.10|7128|ANGPT1|protein_coding	ANGPT1
ENSG00000173163.10|2392|COMMD1|protein_coding	COMMD1
ENSG00000064763.11|5411|FAR2|protein_coding	FAR2
ENSG00000162747.12|2787|FCGR3B|protein_coding	FCGR3B
ENSG00000167077.13|7038|MEI1|protein_coding	MEI1
ENSG00000188937.6|3079|NYX|protein_coding	NYX
ENSG00000104888.10|5989|SLC17A7|protein_coding	SLC17A7
ENSG00000203668.3|7778|CHML|protein_coding	CHML
ENSG00000181472.5|3103|ZBTB2|protein_coding	ZBTB2
ENSG00000088882.8|2376|CPXM1|protein_coding	CPXM1
ENSG00000185924.7|3614|RTN4RL1|protein_coding	RTN4RL1
ENSG00000133980.5|3678|VRTN|protein_coding	VRTN
ENSG00000017483.15|4018|SLC38A5|protein_coding	SLC38A5
ENSG00000285238.2|8514|RP5-940J5.10|protein_coding	RP5-940J5.10
ENSG00000064012.22|7243|CASP8|protein_coding	CASP8
ENSG00000176715.17|14575|ACSF3|protein_coding	ACSF3
ENSG00000002726.21|3786|AOC1|protein_coding	AOC1
ENSG00000203985.11|2376|LDLRAD1|protein_coding	LDLRAD1
ENSG00000162512.16|7065|SDC3|protein_coding	SDC3
ENSG00000175029.17|11056|CTBP2|protein_coding	CTBP2
ENSG00000172771.12|7789|EFCAB12|protein_coding	EFCAB12
ENSG00000136848.17|9127|DAB2IP|protein_coding	DAB2IP
ENSG00000131142.14|2006|CCL25|protein_coding	CCL25
ENSG00000188385.12|14669|JAKMIP3|protein_coding	JAKMIP3
ENSG00000116138.13|8563|DNAJC16|protein_coding	DNAJC16
ENSG00000106689.11|2497|LHX2|protein_coding	LHX2
ENSG00000066455.13|3205|GOLGA5|protein_coding	GOLGA5
ENSG00000143847.15|9707|PPFIA4|protein_coding	PPFIA4
ENSG00000134698.11|7423|AGO4|protein_coding	AGO4
ENSG00000123407.4|3266|HOXC12|protein_coding	HOXC12
ENSG00000128272.17|2613|ATF4|protein_coding	ATF4
ENSG00000196189.13|6771|SEMA4A|protein_coding	SEMA4A
ENSG00000169180.12|7113|XPO6|protein_coding	XPO6
ENSG00000164171.11|7896|ITGA2|protein_coding	ITGA2
ENSG00000168754.15|3533|FAM178B|protein_coding	FAM178B
ENSG00000134438.10|3786|RAX|protein_coding	RAX
ENSG00000186832.9|2477|KRT16|protein_coding	KRT16
ENSG00000286185.1|14425|CH17-159N18.5|protein_coding	CH17-159N18.5
ENSG00000143036.17|2869|SLC44A3|protein_coding	SLC44A3
ENSG00000066044.15|6962|ELAVL1|protein_coding	ELAVL1
ENSG00000070081.17|9025|NUCB2|protein_coding	NUCB2
ENSG00000171617.15|8282|ENC1|protein_coding	ENC1
ENSG00000144648.16|5460|ACKR2|protein_coding	ACKR2
ENSG00000011260.14|2703|UTP18|protein_coding	UTP18
ENSG00000146066.3|654|HIGD2A|protein_coding	HIGD2A
ENSG00000171502.15|9568|COL24A1|protein_coding	COL24A1
ENSG00000005175.10|5350|RPAP3|protein_coding	RPAP3
ENSG00000137509.12|23408|PRCP|protein_coding	PRCP
ENSG00000143740.15|10190|SNAP47|protein_coding	SNAP47
ENSG00000234465.11|4569|PINLYP|protein_coding	PINLYP
ENSG00000101407.13|4472|TTI1|protein_coding	TTI1
ENSG00000164403.15|4181|SHROOM1|protein_coding	SHROOM1
ENSG00000172458.5|3624|IL17D|protein_coding	IL17D
ENSG00000214029.6|17434|ZNF891|protein_coding	ZNF891
ENSG00000065357.20|10098|DGKA|protein_coding	DGKA
ENSG00000132589.16|3390|FLOT2|protein_coding	FLOT2
ENSG00000004139.14|11105|SARM1|protein_coding	SARM1
ENSG00000167113.11|4806|COQ4|protein_coding	COQ4
ENSG00000145220.14|2304|LYAR|protein_coding	LYAR
ENSG00000131381.12|7921|RBSN|protein_coding	RBSN
ENSG00000052850.8|5727|ALX4|protein_coding	ALX4
ENSG00000147419.19|4410|CCDC25|protein_coding	CCDC25
ENSG00000234616.9|11229|JRK|protein_coding	JRK
ENSG00000165637.13|2827|VDAC2|protein_coding	VDAC2
ENSG00000075043.20|12777|KCNQ2|protein_coding	KCNQ2
ENSG00000186806.6|3786|VSIG10L|protein_coding	VSIG10L
ENSG00000135362.14|6616|PRR5L|protein_coding	PRR5L
ENSG00000183087.15|6015|GAS6|protein_coding	GAS6
ENSG00000077254.14|6918|USP33|protein_coding	USP33
ENSG00000266074.10|13491|BAHCC1|protein_coding	BAHCC1
ENSG00000181652.19|6391|ATG9B|protein_coding	ATG9B
ENSG00000228672.4|4513|PROB1|protein_coding	PROB1
ENSG00000148357.17|20542|HMCN2|protein_coding	HMCN2
ENSG00000113719.16|14161|ERGIC1|protein_coding	ERGIC1
ENSG00000121542.12|4704|SEC22A|protein_coding	SEC22A
ENSG00000196233.14|29854|LCOR|protein_coding	LCOR
ENSG00000172663.9|5892|TMEM134|protein_coding	TMEM134
ENSG00000126457.22|4796|PRMT1|protein_coding	PRMT1
ENSG00000186090.11|2068|HTR3D|protein_coding	HTR3D
ENSG00000198700.10|11904|IPO9|protein_coding	IPO9
ENSG00000180616.9|7854|SSTR2|protein_coding	SSTR2
ENSG00000126246.10|2203|IGFLR1|protein_coding	IGFLR1
ENSG00000198752.11|8095|CDC42BPB|protein_coding	CDC42BPB
ENSG00000162949.16|5191|CAPN13|protein_coding	CAPN13
ENSG00000168275.16|2288|COA6|protein_coding	COA6
ENSG00000155511.18|7538|GRIA1|protein_coding	GRIA1
ENSG00000166736.12|2578|HTR3A|protein_coding	HTR3A
ENSG00000102543.14|3863|CDADC1|protein_coding	CDADC1
ENSG00000086102.19|7146|NFX1|protein_coding	NFX1
ENSG00000224420.3|1718|ADM5|protein_coding	ADM5
ENSG00000123154.12|2358|WDR83|protein_coding	WDR83
ENSG00000134215.16|7306|VAV3|protein_coding	VAV3
ENSG00000160408.16|5307|ST6GALNAC6|protein_coding	ST6GALNAC6
ENSG00000107185.10|7126|RGP1|protein_coding	RGP1
ENSG00000166391.15|4120|MOGAT2|protein_coding	MOGAT2
ENSG00000155085.16|10099|AK9|protein_coding	AK9
ENSG00000197721.17|2768|CR1L|protein_coding	CR1L
ENSG00000099917.17|10374|MED15|protein_coding	MED15
ENSG00000125388.20|4736|GRK4|protein_coding	GRK4
ENSG00000158955.11|6909|WNT9B|protein_coding	WNT9B
ENSG00000168904.15|9279|LRRC28|protein_coding	LRRC28
ENSG00000011590.14|2739|ZBTB32|protein_coding	ZBTB32
ENSG00000067177.15|6350|PHKA1|protein_coding	PHKA1
ENSG00000138075.14|3720|ABCG5|protein_coding	ABCG5
ENSG00000196421.9|5480|C20orf204|protein_coding	C20orf204
ENSG00000118985.16|7108|ELL2|protein_coding	ELL2
ENSG00000185920.17|17196|PTCH1|protein_coding	PTCH1
ENSG00000099624.8|2249|ATP5F1D|protein_coding	ATP5F1D
ENSG00000165792.18|4246|METTL17|protein_coding	METTL17
ENSG00000130349.10|2294|MTRES1|protein_coding	MTRES1
ENSG00000187144.11|4506|SPATA21|protein_coding	SPATA21
ENSG00000130234.13|9739|ACE2|protein_coding	ACE2
ENSG00000151704.16|4637|KCNJ1|protein_coding	KCNJ1
ENSG00000135052.16|4233|GOLM1|protein_coding	GOLM1
ENSG00000159267.17|10549|HLCS|protein_coding	HLCS
ENSG00000167792.13|5057|NDUFV1|protein_coding	NDUFV1
ENSG00000177000.13|11513|MTHFR|protein_coding	MTHFR
ENSG00000078549.15|6985|ADCYAP1R1|protein_coding	ADCYAP1R1
ENSG00000145708.11|2468|CRHBP|protein_coding	CRHBP
ENSG00000111300.10|9902|NAA25|protein_coding	NAA25
ENSG00000008438.5|708|PGLYRP1|protein_coding	PGLYRP1
ENSG00000146463.12|7905|ZMYM4|protein_coding	ZMYM4
ENSG00000147421.18|6633|HMBOX1|protein_coding	HMBOX1
ENSG00000285444.1|4372|RP11-147H23.3|protein_coding	RP11-147H23.3
ENSG00000272899.4|3883|ATP6V1FNB|protein_coding	ATP6V1FNB
ENSG00000160256.13|1400|FAM207A|protein_coding	FAM207A
ENSG00000036257.13|11505|CUL3|protein_coding	CUL3
ENSG00000143553.11|1517|SNAPIN|protein_coding	SNAPIN
ENSG00000162654.9|6141|GBP4|protein_coding	GBP4
ENSG00000137726.17|4986|FXYD6|protein_coding	FXYD6
ENSG00000123607.16|33812|TTC21B|protein_coding	TTC21B
ENSG00000024048.11|8874|UBR2|protein_coding	UBR2
ENSG00000168522.13|9396|FNTA|protein_coding	FNTA
ENSG00000099800.8|1664|TIMM13|protein_coding	TIMM13
ENSG00000198758.11|3477|EPS8L3|protein_coding	EPS8L3
ENSG00000025434.19|4534|NR1H3|protein_coding	NR1H3
ENSG00000197776.8|3004|KLHDC1|protein_coding	KLHDC1
ENSG00000105707.15|3383|HPN|protein_coding	HPN
ENSG00000144028.15|11188|SNRNP200|protein_coding	SNRNP200
ENSG00000182518.13|2499|FAM104B|protein_coding	FAM104B
ENSG00000144366.16|11979|GULP1|protein_coding	GULP1
ENSG00000165175.16|4837|MID1IP1|protein_coding	MID1IP1
ENSG00000107164.16|6603|FUBP3|protein_coding	FUBP3
ENSG00000072041.18|20154|SLC6A15|protein_coding	SLC6A15
ENSG00000126705.15|8297|AHDC1|protein_coding	AHDC1
ENSG00000130943.7|7681|PKDREJ|protein_coding	PKDREJ
ENSG00000104205.16|5691|SGK3|protein_coding	SGK3
ENSG00000188783.6|5769|PRELP|protein_coding	PRELP
ENSG00000138780.15|6292|GSTCD|protein_coding	GSTCD
ENSG00000104435.14|2042|STMN2|protein_coding	STMN2
ENSG00000165164.14|11443|CFAP47|protein_coding	CFAP47
ENSG00000129988.6|1825|LBP|protein_coding	LBP
ENSG00000141068.14|12178|KSR1|protein_coding	KSR1
ENSG00000042832.12|11132|TG|protein_coding	TG
ENSG00000147852.17|16507|VLDLR|protein_coding	VLDLR
ENSG00000267281.3|1609|ATF7-NPFF|protein_coding	ATF7-NPFF
ENSG00000004700.16|3779|RECQL|protein_coding	RECQL
ENSG00000115604.12|4500|IL18R1|protein_coding	IL18R1
ENSG00000091536.19|20000|MYO15A|protein_coding	MYO15A
ENSG00000125356.7|421|NDUFA1|protein_coding	NDUFA1
ENSG00000158865.12|3415|SLC5A11|protein_coding	SLC5A11
ENSG00000115947.14|8916|ORC4|protein_coding	ORC4
ENSG00000067225.19|8571|PKM|protein_coding	PKM
ENSG00000119669.5|4166|IRF2BPL|protein_coding	IRF2BPL
ENSG00000184647.11|3150|PRSS55|protein_coding	PRSS55
ENSG00000136720.7|4974|HS6ST1|protein_coding	HS6ST1
ENSG00000137522.18|3250|RNF121|protein_coding	RNF121
ENSG00000099954.19|10667|CECR2|protein_coding	CECR2
ENSG00000112651.12|2171|MRPL2|protein_coding	MRPL2
ENSG00000267706.3|3058|CTD-2105E13.6|protein_coding	CTD-2105E13.6
ENSG00000172840.7|8215|PDP2|protein_coding	PDP2
ENSG00000110436.13|22800|SLC1A2|protein_coding	SLC1A2
ENSG00000198223.17_PAR_Y|3830|CSF2RA|protein_coding	CSF2RA
ENSG00000125166.13|3751|GOT2|protein_coding	GOT2
ENSG00000181418.8|3815|DDN|protein_coding	DDN
ENSG00000152082.15|1519|MZT2B|protein_coding	MZT2B
ENSG00000162894.12|3417|FCMR|protein_coding	FCMR
ENSG00000040487.13|2686|SLC66A1|protein_coding	SLC66A1
ENSG00000124253.11|6828|PCK1|protein_coding	PCK1
ENSG00000166260.13|7103|COX11|protein_coding	COX11
ENSG00000171109.19|5945|MFN1|protein_coding	MFN1
ENSG00000244486.9|3572|SCARF2|protein_coding	SCARF2
ENSG00000144908.14|13712|ALDH1L1|protein_coding	ALDH1L1
ENSG00000133401.16|15922|PDZD2|protein_coding	PDZD2
ENSG00000175164.16|7353|ABO|protein_coding	ABO
ENSG00000276418.5|1527|RP11-26J3.4|protein_coding	RP11-26J3.4
ENSG00000135643.5|4860|KCNMB4|protein_coding	KCNMB4
ENSG00000136936.11|1816|XPA|protein_coding	XPA
ENSG00000198417.7|1852|MT1F|protein_coding	MT1F
ENSG00000148444.16|2903|COMMD3|protein_coding	COMMD3
ENSG00000144619.15|9123|CNTN4|protein_coding	CNTN4
ENSG00000100359.21|4770|SGSM3|protein_coding	SGSM3
ENSG00000165807.8|3076|PPP1R36|protein_coding	PPP1R36
ENSG00000137210.14|4815|TMEM14B|protein_coding	TMEM14B
ENSG00000130779.22|18596|CLIP1|protein_coding	CLIP1
ENSG00000137261.15|7208|KIAA0319|protein_coding	KIAA0319
ENSG00000182957.16|9944|SPATA13|protein_coding	SPATA13
ENSG00000089123.16|2897|TASP1|protein_coding	TASP1
ENSG00000140398.14|6939|NEIL1|protein_coding	NEIL1
ENSG00000112319.20|14674|EYA4|protein_coding	EYA4
ENSG00000171462.15|2236|DLK2|protein_coding	DLK2
ENSG00000197077.14|16453|KIAA1671|protein_coding	KIAA1671
ENSG00000113569.16|9158|NUP155|protein_coding	NUP155
ENSG00000141448.11|3799|GATA6|protein_coding	GATA6
ENSG00000189283.10|7472|FHIT|protein_coding	FHIT
ENSG00000069122.19|6601|ADGRF5|protein_coding	ADGRF5
ENSG00000173698.18|10157|ADGRG2|protein_coding	ADGRG2
ENSG00000122965.11|5866|RBM19|protein_coding	RBM19
ENSG00000102290.23|11799|PCDH11X|protein_coding	PCDH11X
ENSG00000064270.13|7352|ATP2C2|protein_coding	ATP2C2
ENSG00000105829.13|5244|BET1|protein_coding	BET1
ENSG00000099814.16|7211|CEP170B|protein_coding	CEP170B
ENSG00000154096.14|6900|THY1|protein_coding	THY1
ENSG00000128510.12|3958|CPA4|protein_coding	CPA4
ENSG00000152932.8|9621|RAB3C|protein_coding	RAB3C
ENSG00000145794.17|9042|MEGF10|protein_coding	MEGF10
ENSG00000105737.9|5014|GRIK5|protein_coding	GRIK5
ENSG00000065308.5|7047|TRAM2|protein_coding	TRAM2
ENSG00000156486.8|5417|KCNS2|protein_coding	KCNS2
ENSG00000203867.8|8222|RBM20|protein_coding	RBM20
ENSG00000175387.16|36426|SMAD2|protein_coding	SMAD2
ENSG00000005194.15|3383|CIAPIN1|protein_coding	CIAPIN1
ENSG00000120802.14|8498|TMPO|protein_coding	TMPO
ENSG00000179833.4|6274|SERTAD2|protein_coding	SERTAD2
ENSG00000063127.16|3589|SLC6A16|protein_coding	SLC6A16
ENSG00000085644.14|6442|ZNF213|protein_coding	ZNF213
ENSG00000240764.4|5026|PCDHGC5|protein_coding	PCDHGC5
ENSG00000063322.15|3839|MED29|protein_coding	MED29
ENSG00000118160.14|5271|SLC8A2|protein_coding	SLC8A2
ENSG00000111802.14|2977|TDP2|protein_coding	TDP2
ENSG00000131459.13|4721|GFPT2|protein_coding	GFPT2
ENSG00000206190.12|20677|ATP10A|protein_coding	ATP10A
ENSG00000132361.18|6900|CLUH|protein_coding	CLUH
ENSG00000180398.13|5942|MCFD2|protein_coding	MCFD2
ENSG00000139547.8|3464|RDH16|protein_coding	RDH16
ENSG00000060971.19|7106|ACAA1|protein_coding	ACAA1
ENSG00000183826.18|9537|BTBD9|protein_coding	BTBD9
ENSG00000050555.19|8939|LAMC3|protein_coding	LAMC3
ENSG00000100739.11|2372|BDKRB1|protein_coding	BDKRB1
ENSG00000196208.14|12432|GREB1|protein_coding	GREB1
ENSG00000179409.11|5747|GEMIN4|protein_coding	GEMIN4
ENSG00000055955.17|4659|ITIH4|protein_coding	ITIH4
ENSG00000170486.11|2154|KRT72|protein_coding	KRT72
ENSG00000176165.12|3491|FOXG1|protein_coding	FOXG1
ENSG00000172301.11|1379|COPRS|protein_coding	COPRS
ENSG00000167566.17|8090|NCKAP5L|protein_coding	NCKAP5L
ENSG00000134686.19|5018|PHC2|protein_coding	PHC2
ENSG00000131951.11|5372|LRRC9|protein_coding	LRRC9
ENSG00000130038.10|12466|CRACR2A|protein_coding	CRACR2A
ENSG00000169398.19|13742|PTK2|protein_coding	PTK2
ENSG00000188501.11|3518|LCTL|protein_coding	LCTL
ENSG00000109118.14|12227|PHF12|protein_coding	PHF12
ENSG00000149596.7|10658|JPH2|protein_coding	JPH2
ENSG00000181788.4|2619|SIAH2|protein_coding	SIAH2
ENSG00000285162.1|5049|RP5-1189D6.2|protein_coding	RP5-1189D6.2
ENSG00000167759.13|2587|KLK13|protein_coding	KLK13
ENSG00000136536.15|6288|MARCHF7|protein_coding	MARCHF7
ENSG00000230358.5|1254|SPDYE21|protein_coding	SPDYE21
ENSG00000143324.14|8913|XPR1|protein_coding	XPR1
ENSG00000172987.13|4421|HPSE2|protein_coding	HPSE2
ENSG00000285976.2|4726|RP5-1148A21.4|protein_coding	RP5-1148A21.4
ENSG00000156531.17|7957|PHF6|protein_coding	PHF6
ENSG00000130311.11|4593|DDA1|protein_coding	DDA1
ENSG00000288678.1|66|RP4-534N18.5|protein_coding	RP4-534N18.5
ENSG00000106976.21|10748|DNM1|protein_coding	DNM1
ENSG00000188976.11|5540|NOC2L|protein_coding	NOC2L
ENSG00000171860.5|3491|C3AR1|protein_coding	C3AR1
ENSG00000108309.14|4904|RUNDC3A|protein_coding	RUNDC3A
ENSG00000091490.11|7483|SEL1L3|protein_coding	SEL1L3
ENSG00000185306.13|5070|C12orf56|protein_coding	C12orf56
ENSG00000105229.7|3556|PIAS4|protein_coding	PIAS4
ENSG00000131848.10|8039|ZSCAN5A|protein_coding	ZSCAN5A
ENSG00000138669.10|5221|PRKG2|protein_coding	PRKG2
ENSG00000154803.13|9786|FLCN|protein_coding	FLCN
ENSG00000155966.14|14241|AFF2|protein_coding	AFF2
ENSG00000187166.1|1300|H1-7|protein_coding	H1-7
ENSG00000111704.11|5392|NANOG|protein_coding	NANOG
ENSG00000081154.12|3045|PCNP|protein_coding	PCNP
ENSG00000183077.15|4048|AFMID|protein_coding	AFMID
ENSG00000100987.15|3598|VSX1|protein_coding	VSX1
ENSG00000137101.13|2940|CD72|protein_coding	CD72
ENSG00000168427.9|3780|KLHL30|protein_coding	KLHL30
ENSG00000139613.12|9179|SMARCC2|protein_coding	SMARCC2
ENSG00000061455.11|9230|PRDM6|protein_coding	PRDM6
ENSG00000071909.19|8236|MYO3B|protein_coding	MYO3B
ENSG00000125870.11|2608|SNRPB2|protein_coding	SNRPB2
ENSG00000131100.13|3143|ATP6V1E1|protein_coding	ATP6V1E1
ENSG00000164920.9|2930|OSR2|protein_coding	OSR2
ENSG00000116991.11|8552|SIPA1L2|protein_coding	SIPA1L2
ENSG00000185909.15|2171|KLHDC8B|protein_coding	KLHDC8B
ENSG00000157456.8|2753|CCNB2|protein_coding	CCNB2
ENSG00000178623.12|5090|GPR35|protein_coding	GPR35
ENSG00000115020.17|10839|PIKFYVE|protein_coding	PIKFYVE
ENSG00000182318.6|4654|ZSCAN22|protein_coding	ZSCAN22
ENSG00000162104.10|10613|ADCY9|protein_coding	ADCY9
ENSG00000155256.18|3899|ZFYVE27|protein_coding	ZFYVE27
ENSG00000281887.3|2148|GIMAP1-GIMAP5|protein_coding	GIMAP1-GIMAP5
ENSG00000163793.13|2338|DNAJC5G|protein_coding	DNAJC5G
ENSG00000187713.7|1567|TMEM203|protein_coding	TMEM203
ENSG00000174004.6|2902|NRROS|protein_coding	NRROS
ENSG00000132938.22|8454|MTUS2|protein_coding	MTUS2
ENSG00000104142.11|4029|VPS18|protein_coding	VPS18
ENSG00000169218.14|3058|RSPO1|protein_coding	RSPO1
ENSG00000104490.18|8043|NCALD|protein_coding	NCALD
ENSG00000136840.19|2633|ST6GALNAC4|protein_coding	ST6GALNAC4
ENSG00000013588.9|7663|GPRC5A|protein_coding	GPRC5A
ENSG00000132912.13|6403|DCTN4|protein_coding	DCTN4
ENSG00000101182.15|1752|PSMA7|protein_coding	PSMA7
ENSG00000115705.22|8453|TPO|protein_coding	TPO
ENSG00000105701.16|2819|FKBP8|protein_coding	FKBP8
ENSG00000068781.21|4294|STON1-GTF2A1L|protein_coding	STON1-GTF2A1L
ENSG00000185261.15|12529|KIAA0825|protein_coding	KIAA0825
ENSG00000133627.18|6024|ACTR3B|protein_coding	ACTR3B
ENSG00000147224.13|3390|PRPS1|protein_coding	PRPS1
ENSG00000259030.8|9896|FPGT-TNNI3K|protein_coding	FPGT-TNNI3K
ENSG00000159212.13|4255|CLIC6|protein_coding	CLIC6
ENSG00000187741.15|9736|FANCA|protein_coding	FANCA
ENSG00000144134.19|6008|RABL2A|protein_coding	RABL2A
ENSG00000134986.14|9308|NREP|protein_coding	NREP
ENSG00000106397.12|5671|PLOD3|protein_coding	PLOD3
ENSG00000244405.8|5773|ETV5|protein_coding	ETV5
ENSG00000166788.10|3066|SAAL1|protein_coding	SAAL1
ENSG00000157890.18|9831|MEGF11|protein_coding	MEGF11
ENSG00000205108.6|4248|FAM205A|protein_coding	FAM205A
ENSG00000100292.18|2306|HMOX1|protein_coding	HMOX1
ENSG00000171777.16|4183|RASGRP4|protein_coding	RASGRP4
ENSG00000121621.7|4517|KIF18A|protein_coding	KIF18A
ENSG00000134825.16|3082|TMEM258|protein_coding	TMEM258
ENSG00000166948.10|2299|TGM6|protein_coding	TGM6
ENSG00000074527.13|4365|NTN4|protein_coding	NTN4
ENSG00000150471.17|14923|ADGRL3|protein_coding	ADGRL3
ENSG00000142856.17|5459|ITGB3BP|protein_coding	ITGB3BP
ENSG00000162877.13|2611|PM20D1|protein_coding	PM20D1
ENSG00000179454.14|8071|KLHL28|protein_coding	KLHL28
ENSG00000081052.14|11820|COL4A4|protein_coding	COL4A4
ENSG00000168546.11|5777|GFRA2|protein_coding	GFRA2
ENSG00000141013.17|5615|GAS8|protein_coding	GAS8
ENSG00000176896.8|5231|TCEANC|protein_coding	TCEANC
ENSG00000187905.10|5542|LRRC74B|protein_coding	LRRC74B
ENSG00000163738.19|9819|MTHFD2L|protein_coding	MTHFD2L
ENSG00000110911.17|9888|SLC11A2|protein_coding	SLC11A2
ENSG00000157353.17|7231|FCSK|protein_coding	FCSK
ENSG00000160712.13|6453|IL6R|protein_coding	IL6R
ENSG00000090686.16|9497|USP48|protein_coding	USP48
ENSG00000022976.16|5595|ZNF839|protein_coding	ZNF839
ENSG00000086015.22|8062|MAST2|protein_coding	MAST2
ENSG00000183833.16|7106|CFAP91|protein_coding	CFAP91
ENSG00000011083.9|4277|SLC6A7|protein_coding	SLC6A7
ENSG00000110107.9|2919|PRPF19|protein_coding	PRPF19
ENSG00000131368.8|5371|MRPS25|protein_coding	MRPS25
ENSG00000151025.11|7989|GPR158|protein_coding	GPR158
ENSG00000273841.5|2455|TAF9|protein_coding	TAF9
ENSG00000147044.23|19788|CASK|protein_coding	CASK
ENSG00000005448.17|2852|WDR54|protein_coding	WDR54
ENSG00000148053.17|20347|NTRK2|protein_coding	NTRK2
ENSG00000196724.13|4512|ZNF418|protein_coding	ZNF418
ENSG00000173960.14|6838|UBXN2A|protein_coding	UBXN2A
ENSG00000112414.15|8473|ADGRG6|protein_coding	ADGRG6
ENSG00000127914.19|26515|AKAP9|protein_coding	AKAP9
ENSG00000148120.18|10685|AOPEP|protein_coding	AOPEP
ENSG00000053372.5|2556|MRTO4|protein_coding	MRTO4
ENSG00000188778.6|2876|ADRB3|protein_coding	ADRB3
ENSG00000213047.13|13203|DENND1B|protein_coding	DENND1B
ENSG00000171916.17|4754|LGALS9C|protein_coding	LGALS9C
ENSG00000213983.12|6897|AP1G2|protein_coding	AP1G2
ENSG00000143198.13|8052|MGST3|protein_coding	MGST3
ENSG00000125149.12|5987|C16orf70|protein_coding	C16orf70
ENSG00000213793.5|4444|ZNF888|protein_coding	ZNF888
ENSG00000167034.10|3278|NKX3-1|protein_coding	NKX3-1
ENSG00000167880.8|7364|EVPL|protein_coding	EVPL
ENSG00000214114.9|2773|MYCBP|protein_coding	MYCBP
ENSG00000172673.11|4309|THEMIS|protein_coding	THEMIS
ENSG00000101752.12|10557|MIB1|protein_coding	MIB1
ENSG00000168813.17|11239|ZNF507|protein_coding	ZNF507
ENSG00000136273.13|4165|HUS1|protein_coding	HUS1
ENSG00000167525.15|5095|PROCA1|protein_coding	PROCA1
ENSG00000185823.5|7619|NPAP1|protein_coding	NPAP1
ENSG00000055609.21|53322|KMT2C|protein_coding	KMT2C
ENSG00000105849.6|3948|POLR1F|protein_coding	POLR1F
ENSG00000007923.16|5083|DNAJC11|protein_coding	DNAJC11
ENSG00000132164.10|6680|SLC6A11|protein_coding	SLC6A11
ENSG00000171885.18|5943|AQP4|protein_coding	AQP4
ENSG00000180638.19|6691|SLC47A2|protein_coding	SLC47A2
ENSG00000283761.1|5765|RP4-714D9.5|protein_coding	RP4-714D9.5
ENSG00000146963.18|6316|LUC7L2|protein_coding	LUC7L2
ENSG00000103056.12|6984|SMPD3|protein_coding	SMPD3
ENSG00000124126.14|7509|PREX1|protein_coding	PREX1
ENSG00000177181.15|10638|RIMKLA|protein_coding	RIMKLA
ENSG00000171121.16|8979|KCNMB3|protein_coding	KCNMB3
ENSG00000115884.11|3613|SDC1|protein_coding	SDC1
ENSG00000150316.12|2734|CWC15|protein_coding	CWC15
ENSG00000121578.13|6988|B4GALT4|protein_coding	B4GALT4
ENSG00000175267.15|5037|VWA3A|protein_coding	VWA3A
ENSG00000090661.12|4059|CERS4|protein_coding	CERS4
ENSG00000105700.11|4112|KXD1|protein_coding	KXD1
ENSG00000151849.16|5816|CENPJ|protein_coding	CENPJ
ENSG00000114867.22|8752|EIF4G1|protein_coding	EIF4G1
ENSG00000114439.19|11892|BBX|protein_coding	BBX
ENSG00000122224.18|9118|LY9|protein_coding	LY9
ENSG00000095574.12|4928|IKZF5|protein_coding	IKZF5
ENSG00000110876.10|2811|SELPLG|protein_coding	SELPLG
ENSG00000188001.10|9538|TPRG1|protein_coding	TPRG1
ENSG00000197901.12|2391|SLC22A6|protein_coding	SLC22A6
ENSG00000142494.13|5719|SLC47A1|protein_coding	SLC47A1
ENSG00000112541.18|24783|PDE10A|protein_coding	PDE10A
ENSG00000136379.12|3620|ABHD17C|protein_coding	ABHD17C
ENSG00000135974.10|4595|C2orf49|protein_coding	C2orf49
ENSG00000168993.15|2349|CPLX1|protein_coding	CPLX1
ENSG00000162687.19|7192|KCNT2|protein_coding	KCNT2
ENSG00000014824.14|7199|SLC30A9|protein_coding	SLC30A9
ENSG00000130383.7|1992|FUT5|protein_coding	FUT5
ENSG00000198169.9|5045|ZNF251|protein_coding	ZNF251
ENSG00000133943.21|7212|DGLUCY|protein_coding	DGLUCY
ENSG00000117395.13|3561|EBNA1BP2|protein_coding	EBNA1BP2
ENSG00000110497.15|7673|AMBRA1|protein_coding	AMBRA1
ENSG00000183718.5|6562|TRIM52|protein_coding	TRIM52
ENSG00000109846.9|4388|CRYAB|protein_coding	CRYAB
ENSG00000100167.20|7153|SEPTIN3|protein_coding	SEPTIN3
ENSG00000198157.11|2389|HMGN5|protein_coding	HMGN5
ENSG00000181092.10|4599|ADIPOQ|protein_coding	ADIPOQ
ENSG00000111707.12|5558|SUDS3|protein_coding	SUDS3
ENSG00000147853.17|4395|AK3|protein_coding	AK3
ENSG00000119681.12|9078|LTBP2|protein_coding	LTBP2
ENSG00000131236.18|3814|CAP1|protein_coding	CAP1
ENSG00000139697.14|11128|SBNO1|protein_coding	SBNO1
ENSG00000177548.13|4498|RABEP2|protein_coding	RABEP2
ENSG00000176624.12|7871|MEX3C|protein_coding	MEX3C
ENSG00000049860.14|5015|HEXB|protein_coding	HEXB
ENSG00000172775.17|4347|PSME3IP1|protein_coding	PSME3IP1
ENSG00000171786.6|2557|NHLH1|protein_coding	NHLH1
ENSG00000142185.17|6360|TRPM2|protein_coding	TRPM2
ENSG00000099139.14|13341|PCSK5|protein_coding	PCSK5
ENSG00000117228.11|6103|GBP1|protein_coding	GBP1
ENSG00000183722.9|4564|LHFPL6|protein_coding	LHFPL6
ENSG00000165646.14|4125|SLC18A2|protein_coding	SLC18A2
ENSG00000178809.11|5544|TRIM73|protein_coding	TRIM73
ENSG00000185950.9|8156|IRS2|protein_coding	IRS2
ENSG00000100628.12|4975|ASB2|protein_coding	ASB2
ENSG00000115966.17|5751|ATF2|protein_coding	ATF2
ENSG00000219200.12|1789|RNASEK|protein_coding	RNASEK
ENSG00000161981.11|2242|SNRNP25|protein_coding	SNRNP25
ENSG00000118965.16|7807|WDR35|protein_coding	WDR35
ENSG00000164849.10|3190|GPR146|protein_coding	GPR146
ENSG00000167258.15|12196|CDK12|protein_coding	CDK12
ENSG00000034677.13|5852|RNF19A|protein_coding	RNF19A
ENSG00000107560.12|6507|RAB11FIP2|protein_coding	RAB11FIP2
ENSG00000070444.15|8701|MNT|protein_coding	MNT
ENSG00000138131.4|3597|LOXL4|protein_coding	LOXL4
ENSG00000066027.12|3942|PPP2R5A|protein_coding	PPP2R5A
ENSG00000153207.16|9579|AHCTF1|protein_coding	AHCTF1
ENSG00000170759.11|5866|KIF5B|protein_coding	KIF5B
ENSG00000162337.12|6182|LRP5|protein_coding	LRP5
ENSG00000136546.16|9733|SCN7A|protein_coding	SCN7A
ENSG00000099998.19|6020|GGT5|protein_coding	GGT5
ENSG00000160703.16|5320|NLRX1|protein_coding	NLRX1
ENSG00000152556.17|7246|PFKM|protein_coding	PFKM
ENSG00000176928.7|5884|GCNT4|protein_coding	GCNT4
ENSG00000185262.9|1650|UBALD2|protein_coding	UBALD2
ENSG00000153391.16|5073|INO80C|protein_coding	INO80C
ENSG00000139629.16|7347|GALNT6|protein_coding	GALNT6
ENSG00000086475.15|3884|SEPHS1|protein_coding	SEPHS1
ENSG00000164626.9|3783|KCNK5|protein_coding	KCNK5
ENSG00000161243.9|2790|FBXO27|protein_coding	FBXO27
ENSG00000151304.6|3111|SRFBP1|protein_coding	SRFBP1
ENSG00000141279.17|12881|NPEPPS|protein_coding	NPEPPS
ENSG00000164815.11|3724|ORC5|protein_coding	ORC5
ENSG00000058063.16|9187|ATP11B|protein_coding	ATP11B
ENSG00000105866.15|6225|SP4|protein_coding	SP4
ENSG00000131697.18|13167|NPHP4|protein_coding	NPHP4
ENSG00000164082.15|7098|GRM2|protein_coding	GRM2
ENSG00000259399.1|918|TGIF2-RAB5IF|protein_coding	TGIF2-RAB5IF
ENSG00000079482.14|20704|OPHN1|protein_coding	OPHN1
ENSG00000166546.14|7381|BEAN1|protein_coding	BEAN1
ENSG00000105219.10|2046|CCNP|protein_coding	CCNP
ENSG00000145916.19|7704|RMND5B|protein_coding	RMND5B
ENSG00000116497.18|9190|S100PBP|protein_coding	S100PBP
ENSG00000160972.10|5414|PPP1R16A|protein_coding	PPP1R16A
ENSG00000070476.15|7329|ZXDC|protein_coding	ZXDC
ENSG00000172466.16|8242|ZNF24|protein_coding	ZNF24
ENSG00000168461.13|5476|RAB31|protein_coding	RAB31
ENSG00000148842.18|16324|CNNM2|protein_coding	CNNM2
ENSG00000141934.10|6958|PLPP2|protein_coding	PLPP2
ENSG00000105641.4|3680|SLC5A5|protein_coding	SLC5A5
ENSG00000168675.19|35894|LDLRAD4|protein_coding	LDLRAD4
ENSG00000106105.15|17366|GARS1|protein_coding	GARS1
ENSG00000173083.16|5101|HPSE|protein_coding	HPSE
ENSG00000261649.6|2965|GOLGA6L7|protein_coding	GOLGA6L7
ENSG00000144746.7|2555|ARL6IP5|protein_coding	ARL6IP5
ENSG00000181449.4|2512|SOX2|protein_coding	SOX2
ENSG00000185252.19|6251|ZNF74|protein_coding	ZNF74
ENSG00000179104.9|8323|TMTC2|protein_coding	TMTC2
ENSG00000136098.17|4272|NEK3|protein_coding	NEK3
ENSG00000283703.2|5111|VSIG10L2|protein_coding	VSIG10L2
ENSG00000102468.11|5628|HTR2A|protein_coding	HTR2A
ENSG00000079393.21|2339|DUSP13|protein_coding	DUSP13
ENSG00000103769.10|5680|RAB11A|protein_coding	RAB11A
ENSG00000166579.16|7956|NDEL1|protein_coding	NDEL1
ENSG00000116586.12|1404|LAMTOR2|protein_coding	LAMTOR2
ENSG00000128309.17|6759|MPST|protein_coding	MPST
ENSG00000135047.16|6113|CTSL|protein_coding	CTSL
ENSG00000180776.16|5576|ZDHHC20|protein_coding	ZDHHC20
ENSG00000164363.10|2095|SLC6A18|protein_coding	SLC6A18
ENSG00000131634.14|1954|TMEM204|protein_coding	TMEM204
ENSG00000151773.13|5416|CCDC122|protein_coding	CCDC122
ENSG00000112242.15|5190|E2F3|protein_coding	E2F3
ENSG00000167748.11|2380|KLK1|protein_coding	KLK1
ENSG00000151131.11|25882|C12orf45|protein_coding	C12orf45
ENSG00000163960.12|11247|UBXN7|protein_coding	UBXN7
ENSG00000104412.8|6059|EMC2|protein_coding	EMC2
ENSG00000166165.13|2383|CKB|protein_coding	CKB
ENSG00000273542.2|387|H4C12|protein_coding	H4C12
ENSG00000196689.13|5519|TRPV1|protein_coding	TRPV1
ENSG00000150687.12|11444|PRSS23|protein_coding	PRSS23
ENSG00000221955.11|5586|SLC12A8|protein_coding	SLC12A8
ENSG00000144550.13|2316|CPNE9|protein_coding	CPNE9
ENSG00000104442.10|3419|ARMC1|protein_coding	ARMC1
ENSG00000159346.13|3113|ADIPOR1|protein_coding	ADIPOR1
ENSG00000143434.16|5809|SEMA6C|protein_coding	SEMA6C
ENSG00000101782.15|4856|RIOK3|protein_coding	RIOK3
ENSG00000162458.13|4351|FBLIM1|protein_coding	FBLIM1
ENSG00000119397.18|9527|CNTRL|protein_coding	CNTRL
ENSG00000272897.5|872|RP1-309K20.6|protein_coding	RP1-309K20.6
ENSG00000008277.15|13668|ADAM22|protein_coding	ADAM22
ENSG00000078808.19|4744|SDF4|protein_coding	SDF4
ENSG00000167085.13|5113|PHB|protein_coding	PHB
ENSG00000157103.12|18242|SLC6A1|protein_coding	SLC6A1
ENSG00000186265.10|3610|BTLA|protein_coding	BTLA
ENSG00000122194.19|7162|PLG|protein_coding	PLG
ENSG00000140284.11|2792|SLC27A2|protein_coding	SLC27A2
ENSG00000103248.19|6861|MTHFSD|protein_coding	MTHFSD
ENSG00000119121.22|9193|TRPM6|protein_coding	TRPM6
ENSG00000170322.15|6335|NFRKB|protein_coding	NFRKB
ENSG00000174807.4|2551|CD248|protein_coding	CD248
ENSG00000188305.6|2564|PEAK3|protein_coding	PEAK3
ENSG00000107815.10|4135|TWNK|protein_coding	TWNK
ENSG00000161944.16|2490|ASGR2|protein_coding	ASGR2
ENSG00000111203.13|6255|ITFG2|protein_coding	ITFG2
ENSG00000213397.12|3966|HAUS7|protein_coding	HAUS7
ENSG00000187624.9|2712|C17orf97|protein_coding	C17orf97
ENSG00000112320.12|7895|SOBP|protein_coding	SOBP
ENSG00000187486.7|4946|KCNJ11|protein_coding	KCNJ11
ENSG00000130035.9|4431|GALNT8|protein_coding	GALNT8
ENSG00000180773.15|9709|SLC36A4|protein_coding	SLC36A4
ENSG00000015285.11|2361|WAS|protein_coding	WAS
ENSG00000180573.10|1668|H2AC6|protein_coding	H2AC6
ENSG00000111879.20|7712|FAM184A|protein_coding	FAM184A
ENSG00000172878.14|4490|METAP1D|protein_coding	METAP1D
ENSG00000007080.11|1661|CCDC124|protein_coding	CCDC124
ENSG00000171595.14|2864|DNAI2|protein_coding	DNAI2
ENSG00000283765.1|3058|RP11-449K6.5|protein_coding	RP11-449K6.5
ENSG00000267710.9|2351|EDDM13|protein_coding	EDDM13
ENSG00000101773.19|5078|RBBP8|protein_coding	RBBP8
ENSG00000142207.7|11447|URB1|protein_coding	URB1
ENSG00000066084.13|10351|DIP2B|protein_coding	DIP2B
ENSG00000106927.12|1897|AMBP|protein_coding	AMBP
ENSG00000167985.7|1696|SDHAF2|protein_coding	SDHAF2
ENSG00000119636.16|4624|BBOF1|protein_coding	BBOF1
ENSG00000111886.11|4974|GABRR2|protein_coding	GABRR2
ENSG00000132716.19|7605|DCAF8|protein_coding	DCAF8
ENSG00000115825.11|10269|PRKD3|protein_coding	PRKD3
ENSG00000262302.1|489|RP1-4G17.5|protein_coding	RP1-4G17.5
ENSG00000131127.14|12944|ZNF141|protein_coding	ZNF141
ENSG00000179335.20|19697|CLK3|protein_coding	CLK3
ENSG00000136802.12|5209|LRRC8A|protein_coding	LRRC8A
ENSG00000158480.11|4291|SPATA2|protein_coding	SPATA2
ENSG00000126217.21|23158|MCF2L|protein_coding	MCF2L
ENSG00000213424.9|3169|KRT222|protein_coding	KRT222
ENSG00000167768.4|2488|KRT1|protein_coding	KRT1
ENSG00000139684.15|3527|ESD|protein_coding	ESD
ENSG00000085465.13|2520|OVGP1|protein_coding	OVGP1
ENSG00000077522.15|17976|ACTN2|protein_coding	ACTN2
ENSG00000121904.18|18114|CSMD2|protein_coding	CSMD2
ENSG00000118007.13|7843|STAG1|protein_coding	STAG1
ENSG00000171928.14|5746|TVP23B|protein_coding	TVP23B
ENSG00000088538.13|9069|DOCK3|protein_coding	DOCK3
ENSG00000184432.11|18721|COPB2|protein_coding	COPB2
ENSG00000131374.14|11269|TBC1D5|protein_coding	TBC1D5
ENSG00000171566.12|5015|PLRG1|protein_coding	PLRG1
ENSG00000164975.15|6684|SNAPC3|protein_coding	SNAPC3
ENSG00000101307.16|8227|SIRPB1|protein_coding	SIRPB1
ENSG00000146938.16|7439|NLGN4X|protein_coding	NLGN4X
ENSG00000144589.22|5697|STK11IP|protein_coding	STK11IP
ENSG00000112096.19|18144|SOD2|protein_coding	SOD2
ENSG00000171314.9|2540|PGAM1|protein_coding	PGAM1
ENSG00000010256.11|3204|UQCRC1|protein_coding	UQCRC1
ENSG00000156381.9|7208|ANKRD9|protein_coding	ANKRD9
ENSG00000136950.13|3610|ARPC5L|protein_coding	ARPC5L
ENSG00000167862.10|1108|MRPL58|protein_coding	MRPL58
ENSG00000176383.9|4552|B3GNT4|protein_coding	B3GNT4
ENSG00000100997.20|4479|ABHD12|protein_coding	ABHD12
ENSG00000127804.13|8934|METTL16|protein_coding	METTL16
ENSG00000189159.16|3406|JPT1|protein_coding	JPT1
ENSG00000184908.19|5933|CLCNKB|protein_coding	CLCNKB
ENSG00000111642.16|12713|CHD4|protein_coding	CHD4
ENSG00000173848.19|4762|NET1|protein_coding	NET1
ENSG00000130518.17|9154|IQCN|protein_coding	IQCN
ENSG00000135457.10|3975|TFCP2|protein_coding	TFCP2
ENSG00000198198.17|26354|SZT2|protein_coding	SZT2
ENSG00000170180.22|4251|GYPA|protein_coding	GYPA
ENSG00000149289.11|9688|ZC3H12C|protein_coding	ZC3H12C
ENSG00000204936.10|2474|CD177|protein_coding	CD177
ENSG00000183682.8|5636|BMP8A|protein_coding	BMP8A
ENSG00000197587.11|5068|DMBX1|protein_coding	DMBX1
ENSG00000239857.7|5390|GET4|protein_coding	GET4
ENSG00000164535.15|5715|DAGLB|protein_coding	DAGLB
ENSG00000168481.9|4509|LGI3|protein_coding	LGI3
ENSG00000116984.15|19254|MTR|protein_coding	MTR
ENSG00000055950.16|3573|MRPL43|protein_coding	MRPL43
ENSG00000215644.10|3236|GCGR|protein_coding	GCGR
ENSG00000080802.19|6999|CNOT4|protein_coding	CNOT4
ENSG00000273269.3|983|RP11-761B3.1|protein_coding	RP11-761B3.1
ENSG00000105723.13|5782|GSK3A|protein_coding	GSK3A
ENSG00000185825.17|3301|BCAP31|protein_coding	BCAP31
ENSG00000274944.4|3251|RP5-864K19.6|protein_coding	RP5-864K19.6
ENSG00000153292.16|12383|ADGRF1|protein_coding	ADGRF1
ENSG00000111667.14|3718|USP5|protein_coding	USP5
ENSG00000204991.11|7999|SPIRE2|protein_coding	SPIRE2
ENSG00000108932.12|4061|SLC16A6|protein_coding	SLC16A6
ENSG00000163959.10|5263|SLC51A|protein_coding	SLC51A
ENSG00000132591.12|2240|ERAL1|protein_coding	ERAL1
ENSG00000124172.10|5081|ATP5F1E|protein_coding	ATP5F1E
ENSG00000113555.6|6114|PCDH12|protein_coding	PCDH12
ENSG00000048740.18|10978|CELF2|protein_coding	CELF2
ENSG00000067167.8|4131|TRAM1|protein_coding	TRAM1
ENSG00000125520.14|2874|SLC2A4RG|protein_coding	SLC2A4RG
ENSG00000169026.13|2474|SLC49A3|protein_coding	SLC49A3
ENSG00000189091.13|12416|SF3B3|protein_coding	SF3B3
ENSG00000107819.13|4631|SFXN3|protein_coding	SFXN3
ENSG00000166925.9|3668|TSC22D4|protein_coding	TSC22D4
ENSG00000137764.20|5031|MAP2K5|protein_coding	MAP2K5
ENSG00000181085.15|2975|MAPK15|protein_coding	MAPK15
ENSG00000143970.18|13238|ASXL2|protein_coding	ASXL2
ENSG00000274810.4|7789|NPHP3-ACAD11|protein_coding	NPHP3-ACAD11
ENSG00000128422.17|2996|KRT17|protein_coding	KRT17
ENSG00000158290.19|33815|CUL4B|protein_coding	CUL4B
ENSG00000005884.18|9802|ITGA3|protein_coding	ITGA3
ENSG00000183734.5|1485|ASCL2|protein_coding	ASCL2
ENSG00000065060.17|9908|UHRF1BP1|protein_coding	UHRF1BP1
ENSG00000172164.15|6794|SNTB1|protein_coding	SNTB1
ENSG00000154217.15|7819|PITPNC1|protein_coding	PITPNC1
ENSG00000186185.14|4717|KIF18B|protein_coding	KIF18B
ENSG00000117877.11|3197|POLR1G|protein_coding	POLR1G
ENSG00000221995.5|5337|TIAF1|protein_coding	TIAF1
ENSG00000172889.16|2564|EGFL7|protein_coding	EGFL7
ENSG00000122435.10|4134|TRMT13|protein_coding	TRMT13
ENSG00000066739.12|14256|ATG2B|protein_coding	ATG2B
ENSG00000135679.26|8306|MDM2|protein_coding	MDM2
ENSG00000136068.16|29144|FLNB|protein_coding	FLNB
ENSG00000079385.23|5527|CEACAM1|protein_coding	CEACAM1
ENSG00000143217.9|3458|NECTIN4|protein_coding	NECTIN4
ENSG00000082512.15|9022|TRAF5|protein_coding	TRAF5
ENSG00000180758.12|5304|GPR157|protein_coding	GPR157
ENSG00000141012.13|8402|GALNS|protein_coding	GALNS
ENSG00000075643.6|6303|MOCOS|protein_coding	MOCOS
ENSG00000123560.14|6088|PLP1|protein_coding	PLP1
ENSG00000136732.16|3609|GYPC|protein_coding	GYPC
ENSG00000143924.19|8354|EML4|protein_coding	EML4
ENSG00000189233.12|4024|NUGGC|protein_coding	NUGGC
ENSG00000172379.21|7737|ARNT2|protein_coding	ARNT2
ENSG00000182472.9|5966|CAPN12|protein_coding	CAPN12
ENSG00000157680.16|15547|DGKI|protein_coding	DGKI
ENSG00000100219.16|3028|XBP1|protein_coding	XBP1
ENSG00000144057.15|7708|ST6GAL2|protein_coding	ST6GAL2
ENSG00000116237.16|4910|ICMT|protein_coding	ICMT
ENSG00000164684.13|15008|ZNF704|protein_coding	ZNF704
ENSG00000126215.14|7507|XRCC3|protein_coding	XRCC3
ENSG00000138604.10|6630|GLCE|protein_coding	GLCE
ENSG00000270136.6|1276|MICOS10-NBL1|protein_coding	MICOS10-NBL1
ENSG00000145817.17|3698|YIPF5|protein_coding	YIPF5
ENSG00000007933.13|3439|FMO3|protein_coding	FMO3
ENSG00000197256.11|7635|KANK2|protein_coding	KANK2
ENSG00000115649.16|2719|CNPPD1|protein_coding	CNPPD1
ENSG00000226650.6|4387|KIF4B|protein_coding	KIF4B
ENSG00000109501.15|6369|WFS1|protein_coding	WFS1
ENSG00000270885.2|3512|RASL10B|protein_coding	RASL10B
ENSG00000073146.16|6872|MOV10L1|protein_coding	MOV10L1
ENSG00000214941.8|2559|ZSWIM7|protein_coding	ZSWIM7
ENSG00000172009.15|7421|THOP1|protein_coding	THOP1
ENSG00000174945.14|10165|AMZ1|protein_coding	AMZ1
ENSG00000104812.15|4241|GYS1|protein_coding	GYS1
ENSG00000108819.11|4343|PPP1R9B|protein_coding	PPP1R9B
ENSG00000087076.9|1112|HSD17B14|protein_coding	HSD17B14
ENSG00000185189.18|4934|NRBP2|protein_coding	NRBP2
ENSG00000065600.13|2917|PACC1|protein_coding	PACC1
ENSG00000187775.17|16110|DNAH17|protein_coding	DNAH17
ENSG00000125257.16|8629|ABCC4|protein_coding	ABCC4
ENSG00000286239.1|3429|RP11-660K21.1|protein_coding	RP11-660K21.1
ENSG00000177989.14|2421|ODF3B|protein_coding	ODF3B
ENSG00000158186.13|6258|MRAS|protein_coding	MRAS
ENSG00000109927.11|8310|TECTA|protein_coding	TECTA
ENSG00000166233.15|22878|ARIH1|protein_coding	ARIH1
ENSG00000166734.20|7105|GOLM2|protein_coding	GOLM2
ENSG00000183401.12|4064|CCDC159|protein_coding	CCDC159
ENSG00000116688.18|10234|MFN2|protein_coding	MFN2
ENSG00000197238.5|389|H4C11|protein_coding	H4C11
ENSG00000114013.16|3437|CD86|protein_coding	CD86
ENSG00000075234.17|3578|TTC38|protein_coding	TTC38
ENSG00000188157.15|10761|AGRN|protein_coding	AGRN
ENSG00000082014.17|4919|SMARCD3|protein_coding	SMARCD3
ENSG00000196542.8|3745|SPTSSB|protein_coding	SPTSSB
ENSG00000188994.13|14861|ZNF292|protein_coding	ZNF292
ENSG00000108556.10|3521|CHRNE|protein_coding	CHRNE
ENSG00000285505.1|3536|CTD-2575K13.8|protein_coding	CTD-2575K13.8
ENSG00000163950.13|1884|SLBP|protein_coding	SLBP
ENSG00000131778.19|4301|CHD1L|protein_coding	CHD1L
ENSG00000130270.16|7014|ATP8B3|protein_coding	ATP8B3
ENSG00000132635.17|2320|PCED1A|protein_coding	PCED1A
ENSG00000125375.17|4564|DMAC2L|protein_coding	DMAC2L
ENSG00000106346.11|7072|USP42|protein_coding	USP42
ENSG00000138688.16|20472|KIAA1109|protein_coding	KIAA1109
ENSG00000069188.17|11963|SDK2|protein_coding	SDK2
ENSG00000133243.10|5934|BTBD2|protein_coding	BTBD2
ENSG00000125398.8|3931|SOX9|protein_coding	SOX9
ENSG00000224383.8|4143|PRR29|protein_coding	PRR29
ENSG00000173372.17|1220|C1QA|protein_coding	C1QA
ENSG00000120694.20|8391|HSPH1|protein_coding	HSPH1
ENSG00000173588.15|6923|CEP83|protein_coding	CEP83
ENSG00000149485.19|10228|FADS1|protein_coding	FADS1
ENSG00000121310.17|11572|ECHDC2|protein_coding	ECHDC2
ENSG00000101199.13|6610|ARFGAP1|protein_coding	ARFGAP1
ENSG00000119421.7|804|NDUFA8|protein_coding	NDUFA8
ENSG00000187954.13|9787|CYHR1|protein_coding	CYHR1
ENSG00000166947.15|2932|EPB42|protein_coding	EPB42
ENSG00000167380.17|6922|ZNF226|protein_coding	ZNF226
ENSG00000140990.15|1040|NDUFB10|protein_coding	NDUFB10
ENSG00000111860.14|9428|CEP85L|protein_coding	CEP85L
ENSG00000104953.20|3555|TLE6|protein_coding	TLE6
ENSG00000166839.17|5033|ANKDD1A|protein_coding	ANKDD1A
ENSG00000132824.14|4649|SERINC3|protein_coding	SERINC3
ENSG00000160194.18|6342|NDUFV3|protein_coding	NDUFV3
ENSG00000169379.17|6841|ARL13B|protein_coding	ARL13B
ENSG00000179988.15|6118|PSTK|protein_coding	PSTK
ENSG00000072694.21|6651|FCGR2B|protein_coding	FCGR2B
ENSG00000090447.12|7867|TFAP4|protein_coding	TFAP4
ENSG00000138639.18|7870|ARHGAP24|protein_coding	ARHGAP24
ENSG00000178199.14|6686|ZC3H12D|protein_coding	ZC3H12D
ENSG00000161551.15|11744|ZNF577|protein_coding	ZNF577
ENSG00000133962.8|5635|CATSPERB|protein_coding	CATSPERB
ENSG00000127415.13|4058|IDUA|protein_coding	IDUA
ENSG00000108468.15|3044|CBX1|protein_coding	CBX1
ENSG00000110025.13|4884|SNX15|protein_coding	SNX15
ENSG00000112406.5|5646|HECA|protein_coding	HECA
ENSG00000166924.9|3589|NYAP1|protein_coding	NYAP1
ENSG00000130540.14|2859|SULT4A1|protein_coding	SULT4A1
ENSG00000092051.17|5297|JPH4|protein_coding	JPH4
ENSG00000136925.15|5668|TSTD2|protein_coding	TSTD2
ENSG00000103067.14|5189|ESRP2|protein_coding	ESRP2
ENSG00000119771.15|11109|KLHL29|protein_coding	KLHL29
ENSG00000111737.12|4018|RAB35|protein_coding	RAB35
ENSG00000168101.14|2068|NUDT16L1|protein_coding	NUDT16L1
ENSG00000106066.15|3336|CPVL|protein_coding	CPVL
ENSG00000103502.14|3003|CDIPT|protein_coding	CDIPT
ENSG00000112293.15|7221|GPLD1|protein_coding	GPLD1
ENSG00000066117.15|4903|SMARCD1|protein_coding	SMARCD1
ENSG00000170075.10|7581|GPR37L1|protein_coding	GPR37L1
ENSG00000271383.8|14047|NBPF19|protein_coding	NBPF19
ENSG00000079805.19|17565|DNM2|protein_coding	DNM2
ENSG00000123219.13|4309|CENPK|protein_coding	CENPK
ENSG00000125148.7|914|MT2A|protein_coding	MT2A
ENSG00000071242.12|8251|RPS6KA2|protein_coding	RPS6KA2
ENSG00000230062.7|3676|ANKRD66|protein_coding	ANKRD66
ENSG00000154342.6|2996|WNT3A|protein_coding	WNT3A
ENSG00000004961.15|2343|HCCS|protein_coding	HCCS
ENSG00000157445.15|4719|CACNA2D3|protein_coding	CACNA2D3
ENSG00000144741.18|5850|SLC25A26|protein_coding	SLC25A26
ENSG00000169926.11|9429|KLF13|protein_coding	KLF13
ENSG00000164484.12|5858|TMEM200A|protein_coding	TMEM200A
ENSG00000174611.12|9001|KY|protein_coding	KY
ENSG00000185359.14|10849|HGS|protein_coding	HGS
ENSG00000203786.6|2492|KPRP|protein_coding	KPRP
ENSG00000072849.11|6383|DERL2|protein_coding	DERL2
ENSG00000187997.11|2763|C17orf99|protein_coding	C17orf99
ENSG00000215252.12|7782|GOLGA8B|protein_coding	GOLGA8B
ENSG00000278535.5|5379|DHRS11|protein_coding	DHRS11
ENSG00000141564.15|10302|RPTOR|protein_coding	RPTOR
ENSG00000007968.7|5462|E2F2|protein_coding	E2F2
ENSG00000141480.18|4265|ARRB2|protein_coding	ARRB2
ENSG00000169862.19|7270|CTNND2|protein_coding	CTNND2
ENSG00000251493.5|2863|FOXD1|protein_coding	FOXD1
ENSG00000167088.11|4862|SNRPD1|protein_coding	SNRPD1
ENSG00000144306.15|4144|SCRN3|protein_coding	SCRN3
ENSG00000133935.7|2320|ERG28|protein_coding	ERG28
ENSG00000169231.13|4623|THBS3|protein_coding	THBS3
ENSG00000050030.16|12338|NEXMIF|protein_coding	NEXMIF
ENSG00000258986.7|5356|TMEM179|protein_coding	TMEM179
ENSG00000158022.7|2576|TRIM63|protein_coding	TRIM63
ENSG00000129657.16|10356|SEC14L1|protein_coding	SEC14L1
ENSG00000047634.15|5497|SCML1|protein_coding	SCML1
ENSG00000196972.9|2817|SMIM10L2B|protein_coding	SMIM10L2B
ENSG00000080493.18|9153|SLC4A4|protein_coding	SLC4A4
ENSG00000115738.10|2213|ID2|protein_coding	ID2
ENSG00000187860.11|6601|CCDC157|protein_coding	CCDC157
ENSG00000166183.16|6119|ASPG|protein_coding	ASPG
ENSG00000100139.14|7015|MICALL1|protein_coding	MICALL1
ENSG00000101638.14|15673|ST8SIA5|protein_coding	ST8SIA5
ENSG00000143882.12|3502|ATP6V1C2|protein_coding	ATP6V1C2
ENSG00000176083.18|2379|ZNF683|protein_coding	ZNF683
ENSG00000186073.14|9278|CDIN1|protein_coding	CDIN1
ENSG00000122641.11|8284|INHBA|protein_coding	INHBA
ENSG00000134317.18|7952|GRHL1|protein_coding	GRHL1
ENSG00000146386.8|1137|ABRACL|protein_coding	ABRACL
ENSG00000184454.7|4146|NCMAP|protein_coding	NCMAP
ENSG00000108684.15|5904|ASIC2|protein_coding	ASIC2
ENSG00000167548.17|25311|KMT2D|protein_coding	KMT2D
ENSG00000100105.18|5807|PATZ1|protein_coding	PATZ1
ENSG00000141376.23|14101|BCAS3|protein_coding	BCAS3
ENSG00000129691.16|5659|ASH2L|protein_coding	ASH2L
ENSG00000167740.10|2182|CYB5D2|protein_coding	CYB5D2
ENSG00000105939.14|8466|ZC3HAV1|protein_coding	ZC3HAV1
ENSG00000066654.14|6501|THUMPD1|protein_coding	THUMPD1
ENSG00000135451.13|3954|TROAP|protein_coding	TROAP
ENSG00000181817.6|1506|LSM10|protein_coding	LSM10
ENSG00000137868.19|7669|STRA6|protein_coding	STRA6
ENSG00000165733.8|7759|BMS1|protein_coding	BMS1
ENSG00000177868.12|1353|SVBP|protein_coding	SVBP
ENSG00000188313.13|4332|PLSCR1|protein_coding	PLSCR1
ENSG00000288550.2|3937|RP11-1020A11.3|protein_coding	RP11-1020A11.3
ENSG00000053254.16|11154|FOXN3|protein_coding	FOXN3
ENSG00000172893.17|6852|DHCR7|protein_coding	DHCR7
ENSG00000119866.22|24514|BCL11A|protein_coding	BCL11A
ENSG00000146005.4|4532|PSD2|protein_coding	PSD2
ENSG00000130590.14|2450|SAMD10|protein_coding	SAMD10
ENSG00000106628.12|3685|POLD2|protein_coding	POLD2
ENSG00000174485.16|10623|DENND4A|protein_coding	DENND4A
ENSG00000077943.8|7320|ITGA8|protein_coding	ITGA8
ENSG00000254996.5|11385|ANKHD1-EIF4EBP3|protein_coding	ANKHD1-EIF4EBP3
ENSG00000130167.14|1559|TSPAN16|protein_coding	TSPAN16
ENSG00000118257.17|13896|NRP2|protein_coding	NRP2
ENSG00000005700.15|8719|IBTK|protein_coding	IBTK
ENSG00000168229.4|3048|PTGDR|protein_coding	PTGDR
ENSG00000064995.18|1989|TAF11|protein_coding	TAF11
ENSG00000197312.12|12178|DDI2|protein_coding	DDI2
ENSG00000143315.8|7038|PIGM|protein_coding	PIGM
ENSG00000116544.12|4042|DLGAP3|protein_coding	DLGAP3
ENSG00000073754.6|2469|CD5L|protein_coding	CD5L
ENSG00000204060.7|2398|FOXO6|protein_coding	FOXO6
ENSG00000167625.11|4230|ZNF526|protein_coding	ZNF526
ENSG00000163041.13|3826|H3-3A|protein_coding	H3-3A
ENSG00000130701.4|2799|RBBP8NL|protein_coding	RBBP8NL
ENSG00000185651.15|3838|UBE2L3|protein_coding	UBE2L3
ENSG00000143353.12|2941|LYPLAL1|protein_coding	LYPLAL1
ENSG00000203896.10|2550|LIME1|protein_coding	LIME1
ENSG00000214753.4|5401|HNRNPUL2|protein_coding	HNRNPUL2
ENSG00000115520.8|2722|COQ10B|protein_coding	COQ10B
ENSG00000131503.21|11124|ANKHD1|protein_coding	ANKHD1
ENSG00000204316.13|3342|MRPL38|protein_coding	MRPL38
ENSG00000174839.13|5115|DENND6A|protein_coding	DENND6A
ENSG00000220201.7|2431|ZGLP1|protein_coding	ZGLP1
ENSG00000102362.15|7428|SYTL4|protein_coding	SYTL4
ENSG00000160392.14|4886|C19orf47|protein_coding	C19orf47
ENSG00000184601.11|2956|C14orf180|protein_coding	C14orf180
ENSG00000144199.12|2662|FAHD2B|protein_coding	FAHD2B
ENSG00000249471.8|4035|ZNF324B|protein_coding	ZNF324B
ENSG00000142675.18|3960|CNKSR1|protein_coding	CNKSR1
ENSG00000213928.9|3582|IRF9|protein_coding	IRF9
ENSG00000077264.16|10446|PAK3|protein_coding	PAK3
ENSG00000261609.8|15699|GAN|protein_coding	GAN
ENSG00000135902.10|3132|CHRND|protein_coding	CHRND
ENSG00000182149.21|7562|IST1|protein_coding	IST1
ENSG00000196700.9|5982|ZNF512B|protein_coding	ZNF512B
ENSG00000011638.11|2558|TMEM159|protein_coding	TMEM159
ENSG00000159788.19|13755|RGS12|protein_coding	RGS12
ENSG00000058085.15|6770|LAMC2|protein_coding	LAMC2
ENSG00000144821.10|7695|MYH15|protein_coding	MYH15
ENSG00000134291.12|3475|TMEM106C|protein_coding	TMEM106C
ENSG00000167772.12|2475|ANGPTL4|protein_coding	ANGPTL4
ENSG00000182255.7|4213|KCNA4|protein_coding	KCNA4
ENSG00000176171.11|5325|BNIP3|protein_coding	BNIP3
ENSG00000264187.1|1693|RP11-45M22.4|protein_coding	RP11-45M22.4
ENSG00000011007.12|5391|ELOA|protein_coding	ELOA
ENSG00000134283.18|12155|PPHLN1|protein_coding	PPHLN1
ENSG00000184194.6|4910|GPR173|protein_coding	GPR173
ENSG00000148688.14|4418|RPP30|protein_coding	RPP30
ENSG00000149451.18|5834|ADAM33|protein_coding	ADAM33
ENSG00000082175.15|14693|PGR|protein_coding	PGR
ENSG00000106605.11|1821|BLVRA|protein_coding	BLVRA
ENSG00000119801.13|3421|YPEL5|protein_coding	YPEL5
ENSG00000120656.13|2337|TAF12|protein_coding	TAF12
ENSG00000096093.16|22744|EFHC1|protein_coding	EFHC1
ENSG00000204604.13|5279|ZNF468|protein_coding	ZNF468
ENSG00000148358.20|9139|GPR107|protein_coding	GPR107
ENSG00000137204.15|3528|SLC22A7|protein_coding	SLC22A7
ENSG00000073150.14|3103|PANX2|protein_coding	PANX2
ENSG00000151320.11|19726|AKAP6|protein_coding	AKAP6
ENSG00000288674.1|9620|RP5-1087E8.6|protein_coding	RP5-1087E8.6
ENSG00000148331.12|4622|ASB6|protein_coding	ASB6
ENSG00000187189.11|4112|TSPYL4|protein_coding	TSPYL4
ENSG00000167645.17|4723|YIF1B|protein_coding	YIF1B
ENSG00000278224.7|2778|PRICKLE4|protein_coding	PRICKLE4
ENSG00000150636.17|5805|CCDC102B|protein_coding	CCDC102B
ENSG00000172638.13|5397|EFEMP2|protein_coding	EFEMP2
ENSG00000111726.13|1974|CMAS|protein_coding	CMAS
ENSG00000258366.10|6440|RTEL1|protein_coding	RTEL1
ENSG00000166266.14|6562|CUL5|protein_coding	CUL5
ENSG00000174165.8|6535|ZDHHC24|protein_coding	ZDHHC24
ENSG00000092203.15|7091|TOX4|protein_coding	TOX4
ENSG00000173376.14|3573|NDNF|protein_coding	NDNF
ENSG00000140795.13|10644|MYLK3|protein_coding	MYLK3
ENSG00000185038.14|5730|MROH2A|protein_coding	MROH2A
ENSG00000182132.14|3367|KCNIP1|protein_coding	KCNIP1
ENSG00000169203.16|4331|NPIPB12|protein_coding	NPIPB12
ENSG00000121274.14|8592|TENT4B|protein_coding	TENT4B
ENSG00000241058.4|3463|NSUN6|protein_coding	NSUN6
ENSG00000184271.17|6048|POU6F1|protein_coding	POU6F1
ENSG00000204262.14|7319|COL5A2|protein_coding	COL5A2
ENSG00000138764.15|7416|CCNG2|protein_coding	CCNG2
ENSG00000187527.11|6206|ATP13A5|protein_coding	ATP13A5
ENSG00000189420.9|6403|ZFP92|protein_coding	ZFP92
ENSG00000128829.12|11988|EIF2AK4|protein_coding	EIF2AK4
ENSG00000166016.6|4976|ABTB2|protein_coding	ABTB2
ENSG00000116147.17|12806|TNR|protein_coding	TNR
ENSG00000133019.12|15173|CHRM3|protein_coding	CHRM3
ENSG00000139182.15|6730|CLSTN3|protein_coding	CLSTN3
ENSG00000154553.16|9012|PDLIM3|protein_coding	PDLIM3
ENSG00000089597.18|5030|GANAB|protein_coding	GANAB
ENSG00000183431.12|3894|SF3A3|protein_coding	SF3A3
ENSG00000180917.18|7582|CMTR2|protein_coding	CMTR2
ENSG00000091542.9|3601|ALKBH5|protein_coding	ALKBH5
ENSG00000143382.16|6432|ADAMTSL4|protein_coding	ADAMTSL4
ENSG00000170860.4|3359|LSM3|protein_coding	LSM3
ENSG00000182621.18|17412|PLCB1|protein_coding	PLCB1
ENSG00000169224.13|4680|GCSAML|protein_coding	GCSAML
ENSG00000169994.19|8791|MYO7B|protein_coding	MYO7B
ENSG00000183255.12|3537|PTTG1IP|protein_coding	PTTG1IP
ENSG00000136250.12|3518|AOAH|protein_coding	AOAH
ENSG00000118961.15|4433|LDAH|protein_coding	LDAH
ENSG00000088876.13|4643|ZNF343|protein_coding	ZNF343
ENSG00000132003.9|4713|ZSWIM4|protein_coding	ZSWIM4
ENSG00000124225.16|5732|PMEPA1|protein_coding	PMEPA1
ENSG00000269335.6|3477|IKBKG|protein_coding	IKBKG
ENSG00000060339.14|6059|CCAR1|protein_coding	CCAR1
ENSG00000110921.14|6488|MVK|protein_coding	MVK
ENSG00000135447.17|3984|PPP1R1A|protein_coding	PPP1R1A
ENSG00000184058.15|3830|TBX1|protein_coding	TBX1
ENSG00000124380.11|1897|SNRNP27|protein_coding	SNRNP27
ENSG00000138468.16|6396|SENP7|protein_coding	SENP7
ENSG00000188848.16|8850|BEND4|protein_coding	BEND4
ENSG00000174788.10|770|PCP2|protein_coding	PCP2
ENSG00000147874.11|7719|HAUS6|protein_coding	HAUS6
ENSG00000166140.17|4779|ZFYVE19|protein_coding	ZFYVE19
ENSG00000108604.16|3662|SMARCD2|protein_coding	SMARCD2
ENSG00000198795.11|6225|ZNF521|protein_coding	ZNF521
ENSG00000144810.16|9408|COL8A1|protein_coding	COL8A1
ENSG00000081760.17|16039|AACS|protein_coding	AACS
ENSG00000139880.20|3748|CDH24|protein_coding	CDH24
ENSG00000135605.13|4004|TEC|protein_coding	TEC
ENSG00000165804.16|6663|ZNF219|protein_coding	ZNF219
ENSG00000179958.10|1564|DCTPP1|protein_coding	DCTPP1
ENSG00000140030.6|4511|GPR65|protein_coding	GPR65
ENSG00000162408.11|7271|NOL9|protein_coding	NOL9
ENSG00000168310.11|3070|IRF2|protein_coding	IRF2
ENSG00000163482.12|6415|STK36|protein_coding	STK36
ENSG00000116701.15|2929|NCF2|protein_coding	NCF2
ENSG00000102547.19|4944|CAB39L|protein_coding	CAB39L
ENSG00000139287.13|6929|TPH2|protein_coding	TPH2
ENSG00000142606.16|3870|MMEL1|protein_coding	MMEL1
ENSG00000175324.10|1676|LSM1|protein_coding	LSM1
ENSG00000198898.14|8368|CAPZA2|protein_coding	CAPZA2
ENSG00000103154.10|2908|NECAB2|protein_coding	NECAB2
ENSG00000008282.9|2783|SYPL1|protein_coding	SYPL1
ENSG00000167580.8|4306|AQP2|protein_coding	AQP2
ENSG00000165271.17|5994|NOL6|protein_coding	NOL6
ENSG00000101544.9|5657|ADNP2|protein_coding	ADNP2
ENSG00000133121.21|8386|STARD13|protein_coding	STARD13
ENSG00000184659.5|2230|FOXD4L4|protein_coding	FOXD4L4
ENSG00000114126.18|11897|TFDP2|protein_coding	TFDP2
ENSG00000107105.15|5140|ELAVL2|protein_coding	ELAVL2
ENSG00000288602.1|2970|C8orf44-SGK3|protein_coding	C8orf44-SGK3
ENSG00000181785.3|7860|OR5AS1|protein_coding	OR5AS1
ENSG00000160469.17|3954|BRSK1|protein_coding	BRSK1
ENSG00000087258.16|14555|GNAO1|protein_coding	GNAO1
ENSG00000168453.16|7964|HR|protein_coding	HR
ENSG00000076924.12|4653|XAB2|protein_coding	XAB2
ENSG00000229474.8|4956|PATL2|protein_coding	PATL2
ENSG00000160336.17|5626|ZNF761|protein_coding	ZNF761
ENSG00000179262.10|2547|RAD23A|protein_coding	RAD23A
ENSG00000110696.10|10342|C11orf58|protein_coding	C11orf58
ENSG00000185513.17|15554|L3MBTL1|protein_coding	L3MBTL1
ENSG00000005469.12|4995|CROT|protein_coding	CROT
ENSG00000104903.5|3119|LYL1|protein_coding	LYL1
ENSG00000103253.19|5357|HAGHL|protein_coding	HAGHL
ENSG00000140743.8|3950|CDR2|protein_coding	CDR2
ENSG00000197241.4|1944|SLC2A7|protein_coding	SLC2A7
ENSG00000146215.14|2482|CRIP3|protein_coding	CRIP3
ENSG00000117133.11|2290|RPF1|protein_coding	RPF1
ENSG00000236543.3|1833|RP11-98L5.5|protein_coding	RP11-98L5.5
ENSG00000059377.18|6271|TBXAS1|protein_coding	TBXAS1
ENSG00000124006.15|9716|OBSL1|protein_coding	OBSL1
ENSG00000149547.15|3491|EI24|protein_coding	EI24
ENSG00000179943.8|6785|FIZ1|protein_coding	FIZ1
ENSG00000145730.21|7523|PAM|protein_coding	PAM
ENSG00000183479.13|2586|TREX2|protein_coding	TREX2
ENSG00000166073.11|4517|GPR176|protein_coding	GPR176
ENSG00000113615.13|7291|SEC24A|protein_coding	SEC24A
ENSG00000130997.16|7721|POLN|protein_coding	POLN
ENSG00000163554.15|10108|SPTA1|protein_coding	SPTA1
ENSG00000129993.15|5975|CBFA2T3|protein_coding	CBFA2T3
ENSG00000147160.9|2453|AWAT2|protein_coding	AWAT2
ENSG00000100711.14|8390|ZFYVE21|protein_coding	ZFYVE21
ENSG00000184845.4|4031|DRD1|protein_coding	DRD1
ENSG00000081059.20|10093|TCF7|protein_coding	TCF7
ENSG00000285708.1|3320|RP11-79P21.2|protein_coding	RP11-79P21.2
ENSG00000136044.12|5088|APPL2|protein_coding	APPL2
ENSG00000162779.22|6089|AXDND1|protein_coding	AXDND1
ENSG00000165959.12|15703|CLMN|protein_coding	CLMN
ENSG00000059691.12|11741|GATB|protein_coding	GATB
ENSG00000157240.4|6894|FZD1|protein_coding	FZD1
ENSG00000130511.16|2974|SSBP4|protein_coding	SSBP4
ENSG00000137815.14|5770|RTF1|protein_coding	RTF1
ENSG00000211456.13|7337|SACM1L|protein_coding	SACM1L
ENSG00000197147.15|8267|LRRC8B|protein_coding	LRRC8B
ENSG00000167210.17|9213|LOXHD1|protein_coding	LOXHD1
ENSG00000160117.16|3569|ANKLE1|protein_coding	ANKLE1
ENSG00000124802.12|2088|EEF1E1|protein_coding	EEF1E1
ENSG00000148925.11|3488|BTBD10|protein_coding	BTBD10
ENSG00000176623.12|5552|RMDN1|protein_coding	RMDN1
ENSG00000163602.11|8479|RYBP|protein_coding	RYBP
ENSG00000186895.4|1607|FGF3|protein_coding	FGF3
ENSG00000197712.12|4871|FAM114A1|protein_coding	FAM114A1
ENSG00000171509.16|5684|RXFP1|protein_coding	RXFP1
ENSG00000189180.16|7547|ZNF33A|protein_coding	ZNF33A
ENSG00000076864.20|5755|RAP1GAP|protein_coding	RAP1GAP
ENSG00000143127.13|6242|ITGA10|protein_coding	ITGA10
ENSG00000065029.15|6782|ZNF76|protein_coding	ZNF76
ENSG00000114547.10|4032|ROPN1B|protein_coding	ROPN1B
ENSG00000106113.19|3812|CRHR2|protein_coding	CRHR2
ENSG00000156931.16|10366|VPS8|protein_coding	VPS8
ENSG00000170854.18|6880|RIOX2|protein_coding	RIOX2
ENSG00000122042.10|4317|UBL3|protein_coding	UBL3
ENSG00000122367.20|6622|LDB3|protein_coding	LDB3
ENSG00000144535.20|11337|DIS3L2|protein_coding	DIS3L2
ENSG00000171346.16|5969|KRT15|protein_coding	KRT15
ENSG00000164483.17|6900|SAMD3|protein_coding	SAMD3
ENSG00000131495.9|1474|NDUFA2|protein_coding	NDUFA2
ENSG00000110900.16|7116|TSPAN11|protein_coding	TSPAN11
ENSG00000112514.18|1876|CUTA|protein_coding	CUTA
ENSG00000185404.17|5650|SP140L|protein_coding	SP140L
ENSG00000043591.6|3039|ADRB1|protein_coding	ADRB1
ENSG00000169592.15|5655|INO80E|protein_coding	INO80E
ENSG00000151553.15|6216|FAM160B1|protein_coding	FAM160B1
ENSG00000108094.16|5269|CUL2|protein_coding	CUL2
ENSG00000105696.9|2626|TMEM59L|protein_coding	TMEM59L
ENSG00000185615.16|2236|PDIA2|protein_coding	PDIA2
ENSG00000188064.10|5080|WNT7B|protein_coding	WNT7B
ENSG00000204519.11|4703|ZNF551|protein_coding	ZNF551
ENSG00000104763.20|15378|ASAH1|protein_coding	ASAH1
ENSG00000157693.15|4792|TMEM268|protein_coding	TMEM268
ENSG00000154767.15|4636|XPC|protein_coding	XPC
ENSG00000122386.11|2330|ZNF205|protein_coding	ZNF205
ENSG00000143033.18|5907|MTF2|protein_coding	MTF2
ENSG00000141698.17|2851|NT5C3B|protein_coding	NT5C3B
ENSG00000165684.5|7504|SNAPC4|protein_coding	SNAPC4
ENSG00000174326.14|2306|SLC16A11|protein_coding	SLC16A11
ENSG00000163947.12|6576|ARHGEF3|protein_coding	ARHGEF3
ENSG00000140263.15|12428|SORD|protein_coding	SORD
ENSG00000133475.17|2367|GGT2|protein_coding	GGT2
ENSG00000168002.12|1902|POLR2G|protein_coding	POLR2G
ENSG00000184459.9|2314|BPIFC|protein_coding	BPIFC
ENSG00000123836.15|10176|PFKFB2|protein_coding	PFKFB2
ENSG00000018625.15|6298|ATP1A2|protein_coding	ATP1A2
ENSG00000112972.15|6627|HMGCS1|protein_coding	HMGCS1
ENSG00000183828.15|1916|NUDT14|protein_coding	NUDT14
ENSG00000198203.10|8399|SULT1C2|protein_coding	SULT1C2
ENSG00000134460.18|3962|IL2RA|protein_coding	IL2RA
ENSG00000119638.14|13327|NEK9|protein_coding	NEK9
ENSG00000175182.15|8925|FAM131A|protein_coding	FAM131A
ENSG00000037897.17|1947|METTL1|protein_coding	METTL1
ENSG00000028116.18|3531|VRK2|protein_coding	VRK2
ENSG00000184144.12|17721|CNTN2|protein_coding	CNTN2
ENSG00000206560.12|11276|ANKRD28|protein_coding	ANKRD28
ENSG00000106006.6|1285|HOXA6|protein_coding	HOXA6
ENSG00000104814.13|3919|MAP4K1|protein_coding	MAP4K1
ENSG00000163393.13|5277|SLC22A15|protein_coding	SLC22A15
ENSG00000156374.16|3008|PCGF6|protein_coding	PCGF6
ENSG00000188827.11|8599|SLX4|protein_coding	SLX4
ENSG00000133574.10|2099|GIMAP4|protein_coding	GIMAP4
ENSG00000113638.14|9708|TTC33|protein_coding	TTC33
ENSG00000183421.12|4016|RIPK4|protein_coding	RIPK4
ENSG00000055208.19|5922|TAB2|protein_coding	TAB2
ENSG00000112146.17|8208|FBXO9|protein_coding	FBXO9
ENSG00000142173.16|5334|COL6A2|protein_coding	COL6A2
ENSG00000144857.15|10330|BOC|protein_coding	BOC
ENSG00000263002.8|5217|ZNF234|protein_coding	ZNF234
ENSG00000134453.16|6372|RBM17|protein_coding	RBM17
ENSG00000007038.11|1967|PRSS21|protein_coding	PRSS21
ENSG00000122705.17|2515|CLTA|protein_coding	CLTA
ENSG00000099246.18|14362|RAB18|protein_coding	RAB18
ENSG00000143756.12|6020|FBXO28|protein_coding	FBXO28
ENSG00000165355.7|3853|FBXO33|protein_coding	FBXO33
ENSG00000163563.8|2025|MNDA|protein_coding	MNDA
ENSG00000258947.8|7421|TUBB3|protein_coding	TUBB3
ENSG00000166908.18|3299|PIP4K2C|protein_coding	PIP4K2C
ENSG00000273154.3|3190|RP4-583P15.15|protein_coding	RP4-583P15.15
ENSG00000158220.14|9816|ESYT3|protein_coding	ESYT3
ENSG00000111880.16|5188|RNGTT|protein_coding	RNGTT
ENSG00000132357.14|4275|CARD6|protein_coding	CARD6
ENSG00000050730.16|3749|TNIP3|protein_coding	TNIP3
ENSG00000010310.9|5069|GIPR|protein_coding	GIPR
ENSG00000131477.11|1115|RAMP2|protein_coding	RAMP2
ENSG00000064201.16|3797|TSPAN32|protein_coding	TSPAN32
ENSG00000104299.15|4905|INTS9|protein_coding	INTS9
ENSG00000161905.13|3387|ALOX15|protein_coding	ALOX15
ENSG00000158286.13|6595|RNF207|protein_coding	RNF207
ENSG00000263465.5|4307|SRSF8|protein_coding	SRSF8
ENSG00000034152.19|3775|MAP2K3|protein_coding	MAP2K3
ENSG00000258881.6|4451|AC007040.11|protein_coding	AC007040.11
ENSG00000167291.16|11579|TBC1D16|protein_coding	TBC1D16
ENSG00000164180.14|9598|TMEM161B|protein_coding	TMEM161B
ENSG00000103495.14|3512|MAZ|protein_coding	MAZ
ENSG00000105948.13|4999|TTC26|protein_coding	TTC26
ENSG00000237412.7|2462|PRSS56|protein_coding	PRSS56
ENSG00000265203.2|4290|RBP3|protein_coding	RBP3
ENSG00000179627.10|3717|ZBTB42|protein_coding	ZBTB42
ENSG00000162944.11|5776|RFTN2|protein_coding	RFTN2
ENSG00000005243.10|1866|COPZ2|protein_coding	COPZ2
ENSG00000181264.9|4305|TLCD5|protein_coding	TLCD5
ENSG00000150681.10|2801|RGS18|protein_coding	RGS18
ENSG00000164976.9|6447|MYORG|protein_coding	MYORG
ENSG00000160948.14|3769|VPS28|protein_coding	VPS28
ENSG00000145623.13|7174|OSMR|protein_coding	OSMR
ENSG00000167281.19|9873|RBFOX3|protein_coding	RBFOX3
ENSG00000134802.18|4517|SLC43A3|protein_coding	SLC43A3
ENSG00000164512.18|2948|ANKRD55|protein_coding	ANKRD55
ENSG00000196776.17|8234|CD47|protein_coding	CD47
ENSG00000198719.9|3819|DLL1|protein_coding	DLL1
ENSG00000244005.13|6023|NFS1|protein_coding	NFS1
ENSG00000138796.18|12881|HADH|protein_coding	HADH
ENSG00000180900.20|6586|SCRIB|protein_coding	SCRIB
ENSG00000184497.13|7301|TMEM255B|protein_coding	TMEM255B
ENSG00000154122.14|12695|ANKH|protein_coding	ANKH
ENSG00000121898.13|4856|CPXM2|protein_coding	CPXM2
ENSG00000225697.13|6373|SLC26A6|protein_coding	SLC26A6
ENSG00000123360.12|7367|PDE1B|protein_coding	PDE1B
ENSG00000214194.9|1843|SMIM30|protein_coding	SMIM30
ENSG00000105220.17|10680|GPI|protein_coding	GPI
ENSG00000176148.16|5370|TCP11L1|protein_coding	TCP11L1
ENSG00000152904.11|3809|GGPS1|protein_coding	GGPS1
ENSG00000140718.21|21379|FTO|protein_coding	FTO
ENSG00000185085.2|3285|INTS5|protein_coding	INTS5
ENSG00000175265.18|7179|GOLGA8A|protein_coding	GOLGA8A
ENSG00000165376.12|3412|CLDN2|protein_coding	CLDN2
ENSG00000101337.16|5207|TM9SF4|protein_coding	TM9SF4
ENSG00000068784.13|5045|SRBD1|protein_coding	SRBD1
ENSG00000196139.14|3911|AKR1C3|protein_coding	AKR1C3
ENSG00000070778.13|7670|PTPN21|protein_coding	PTPN21
ENSG00000186665.10|2436|C17orf58|protein_coding	C17orf58
ENSG00000108061.12|4382|SHOC2|protein_coding	SHOC2
ENSG00000131023.13|8492|LATS1|protein_coding	LATS1
ENSG00000100591.8|2944|AHSA1|protein_coding	AHSA1
ENSG00000163463.13|3814|KRTCAP2|protein_coding	KRTCAP2
ENSG00000112562.19|4032|SMOC2|protein_coding	SMOC2
ENSG00000139193.4|1322|CD27|protein_coding	CD27
ENSG00000065665.21|3916|SEC61A2|protein_coding	SEC61A2
ENSG00000227345.9|5158|PARG|protein_coding	PARG
ENSG00000084733.11|3654|RAB10|protein_coding	RAB10
ENSG00000119185.13|6659|ITGB1BP1|protein_coding	ITGB1BP1
ENSG00000158985.14|6024|CDC42SE2|protein_coding	CDC42SE2
ENSG00000168936.11|3442|TMEM129|protein_coding	TMEM129
ENSG00000159335.18|1487|PTMS|protein_coding	PTMS
ENSG00000255804.2|4165|OR6J1|protein_coding	OR6J1
ENSG00000068971.14|3360|PPP2R5B|protein_coding	PPP2R5B
ENSG00000196591.12|15333|HDAC2|protein_coding	HDAC2
ENSG00000140090.18|14777|SLC24A4|protein_coding	SLC24A4
ENSG00000198056.15|2855|PRIM1|protein_coding	PRIM1
ENSG00000135999.12|5816|EPC2|protein_coding	EPC2
ENSG00000160781.17|2531|PAQR6|protein_coding	PAQR6
ENSG00000104738.18|6973|MCM4|protein_coding	MCM4
ENSG00000178053.20|3735|MLF1|protein_coding	MLF1
ENSG00000113312.12|9846|TTC1|protein_coding	TTC1
ENSG00000134352.20|10117|IL6ST|protein_coding	IL6ST
ENSG00000111052.8|6804|LIN7A|protein_coding	LIN7A
ENSG00000113328.19|3096|CCNG1|protein_coding	CCNG1
ENSG00000004142.12|2670|POLDIP2|protein_coding	POLDIP2
ENSG00000162105.20|19338|SHANK2|protein_coding	SHANK2
ENSG00000011332.21|4800|DPF1|protein_coding	DPF1
ENSG00000113721.14|7135|PDGFRB|protein_coding	PDGFRB
ENSG00000239789.6|2100|MRPS17|protein_coding	MRPS17
ENSG00000101203.16|10974|COL20A1|protein_coding	COL20A1
ENSG00000186732.14|5821|MPPED1|protein_coding	MPPED1
ENSG00000182111.9|5210|ZNF716|protein_coding	ZNF716
ENSG00000175426.11|5357|PCSK1|protein_coding	PCSK1
ENSG00000214655.11|7929|ZSWIM8|protein_coding	ZSWIM8
ENSG00000130560.9|2972|UBAC1|protein_coding	UBAC1
ENSG00000085514.16|1990|PILRA|protein_coding	PILRA
ENSG00000181610.13|6379|MRPS23|protein_coding	MRPS23
ENSG00000157216.16|6954|SSBP3|protein_coding	SSBP3
ENSG00000101057.16|2776|MYBL2|protein_coding	MYBL2
ENSG00000083290.20|9868|ULK2|protein_coding	ULK2
ENSG00000170624.14|10584|SGCD|protein_coding	SGCD
ENSG00000165478.7|3817|HEPACAM|protein_coding	HEPACAM
ENSG00000136783.10|2588|NIPSNAP3A|protein_coding	NIPSNAP3A
ENSG00000153310.19|9132|CYRIB|protein_coding	CYRIB
ENSG00000123329.20|5118|ARHGAP9|protein_coding	ARHGAP9
ENSG00000204571.6|1522|KRTAP5-11|protein_coding	KRTAP5-11
ENSG00000108381.11|5845|ASPA|protein_coding	ASPA
ENSG00000115233.12|7311|PSMD14|protein_coding	PSMD14
ENSG00000181873.13|10230|IBA57|protein_coding	IBA57
ENSG00000101282.9|2757|RSPO4|protein_coding	RSPO4
ENSG00000134955.12|6340|SLC37A2|protein_coding	SLC37A2
ENSG00000165526.9|4081|RPUSD4|protein_coding	RPUSD4
ENSG00000132017.10|2961|DCAF15|protein_coding	DCAF15
ENSG00000128683.14|8242|GAD1|protein_coding	GAD1
ENSG00000175470.20|7392|PPP2R2D|protein_coding	PPP2R2D
ENSG00000198945.8|5111|L3MBTL3|protein_coding	L3MBTL3
ENSG00000243696.5|6334|RP5-966M1.6|protein_coding	RP5-966M1.6
ENSG00000101811.14|2775|CSTF2|protein_coding	CSTF2
ENSG00000154930.15|8691|ACSS1|protein_coding	ACSS1
ENSG00000131620.17|6021|ANO1|protein_coding	ANO1
ENSG00000166471.11|4278|TMEM41B|protein_coding	TMEM41B
ENSG00000159588.15|3323|CCDC17|protein_coding	CCDC17
ENSG00000159915.13|4051|ZNF233|protein_coding	ZNF233
ENSG00000109787.13|6771|KLF3|protein_coding	KLF3
ENSG00000103148.17|6426|NPRL3|protein_coding	NPRL3
ENSG00000065371.17|4518|ROPN1|protein_coding	ROPN1
ENSG00000101846.8|12342|STS|protein_coding	STS
ENSG00000156875.14|2945|MFSD14A|protein_coding	MFSD14A
ENSG00000042088.14|6223|TDP1|protein_coding	TDP1
ENSG00000136986.10|6954|DERL1|protein_coding	DERL1
ENSG00000009413.16|12425|REV3L|protein_coding	REV3L
ENSG00000132463.14|7736|GRSF1|protein_coding	GRSF1
ENSG00000186654.21|5241|PRR5|protein_coding	PRR5
ENSG00000182979.18|6966|MTA1|protein_coding	MTA1
ENSG00000121380.12|5112|BCL2L14|protein_coding	BCL2L14
ENSG00000124226.11|4337|RNF114|protein_coding	RNF114
ENSG00000079432.9|11031|CIC|protein_coding	CIC
ENSG00000128011.5|3579|LRFN1|protein_coding	LRFN1
ENSG00000138083.5|2713|SIX3|protein_coding	SIX3
ENSG00000135476.12|8885|ESPL1|protein_coding	ESPL1
ENSG00000157303.11|1258|SUSD3|protein_coding	SUSD3
ENSG00000005893.16|9404|LAMP2|protein_coding	LAMP2
ENSG00000255690.3|4973|TRIL|protein_coding	TRIL
ENSG00000004939.16|5125|SLC4A1|protein_coding	SLC4A1
ENSG00000136867.11|2473|SLC31A2|protein_coding	SLC31A2
ENSG00000105137.13|3964|SYDE1|protein_coding	SYDE1
ENSG00000070808.17|9481|CAMK2A|protein_coding	CAMK2A
ENSG00000163220.11|573|S100A9|protein_coding	S100A9
ENSG00000213923.13|7098|CSNK1E|protein_coding	CSNK1E
ENSG00000122733.12|5813|PHF24|protein_coding	PHF24
ENSG00000205356.10|9047|TECPR1|protein_coding	TECPR1
ENSG00000105877.18|16174|DNAH11|protein_coding	DNAH11
ENSG00000166250.12|5057|CLMP|protein_coding	CLMP
ENSG00000196152.10|2302|ZNF79|protein_coding	ZNF79
ENSG00000141736.14|10321|ERBB2|protein_coding	ERBB2
ENSG00000111644.8|2816|ACRBP|protein_coding	ACRBP
ENSG00000011114.15|11333|BTBD7|protein_coding	BTBD7
ENSG00000183153.7|4086|GJD3|protein_coding	GJD3
ENSG00000139405.16|2309|RITA1|protein_coding	RITA1
ENSG00000165186.12|12883|PTCHD1|protein_coding	PTCHD1
ENSG00000173480.11|5276|ZNF417|protein_coding	ZNF417
ENSG00000113810.16|8164|SMC4|protein_coding	SMC4
ENSG00000171311.13|3578|EXOSC1|protein_coding	EXOSC1
ENSG00000088854.13|8584|C20orf194|protein_coding	C20orf194
ENSG00000161939.19|1947|RNASEK-C17orf49|protein_coding	RNASEK-C17orf49
ENSG00000003509.16|3651|NDUFAF7|protein_coding	NDUFAF7
ENSG00000164134.13|9664|NAA15|protein_coding	NAA15
ENSG00000189043.10|3461|NDUFA4|protein_coding	NDUFA4
ENSG00000125733.18|3986|TRIP10|protein_coding	TRIP10
ENSG00000113231.14|5594|PDE8B|protein_coding	PDE8B
ENSG00000135423.13|4141|GLS2|protein_coding	GLS2
ENSG00000160808.11|2804|MYL3|protein_coding	MYL3
ENSG00000144278.15|6641|GALNT13|protein_coding	GALNT13
ENSG00000110871.15|2501|COQ5|protein_coding	COQ5
ENSG00000136011.15|9280|STAB2|protein_coding	STAB2
ENSG00000011009.11|2021|LYPLA2|protein_coding	LYPLA2
ENSG00000256713.8|2776|PGA5|protein_coding	PGA5
ENSG00000144285.22|18860|SCN1A|protein_coding	SCN1A
ENSG00000111962.8|4861|UST|protein_coding	UST
ENSG00000137218.10|2858|FRS3|protein_coding	FRS3
ENSG00000087095.13|4769|NLK|protein_coding	NLK
ENSG00000243130.8|4994|PSG11|protein_coding	PSG11
ENSG00000145375.9|9313|SPATA5|protein_coding	SPATA5
ENSG00000135636.15|8545|DYSF|protein_coding	DYSF
ENSG00000239672.8|3415|NME1|protein_coding	NME1
ENSG00000285897.1|5828|RP5-1171I10.8|protein_coding	RP5-1171I10.8
ENSG00000105409.19|5983|ATP1A3|protein_coding	ATP1A3
ENSG00000059588.10|7819|TARBP1|protein_coding	TARBP1
ENSG00000174137.13|4198|FAM53A|protein_coding	FAM53A
ENSG00000140481.15|7030|CCDC33|protein_coding	CCDC33
ENSG00000177030.18|6420|DEAF1|protein_coding	DEAF1
ENSG00000180185.11|3039|FAHD1|protein_coding	FAHD1
ENSG00000188906.17|17100|LRRK2|protein_coding	LRRK2
ENSG00000174516.15|3926|PELI3|protein_coding	PELI3
ENSG00000103313.13|4826|MEFV|protein_coding	MEFV
ENSG00000151466.12|8980|SCLT1|protein_coding	SCLT1
ENSG00000165915.14|4579|SLC39A13|protein_coding	SLC39A13
ENSG00000161249.21|7444|DMKN|protein_coding	DMKN
ENSG00000160094.15|3384|ZNF362|protein_coding	ZNF362
ENSG00000184584.13|4798|STING1|protein_coding	STING1
ENSG00000127481.15|24661|UBR4|protein_coding	UBR4
ENSG00000114850.7|5179|SSR3|protein_coding	SSR3
ENSG00000269547.1|1967|CTC-360G5.8|protein_coding	CTC-360G5.8
ENSG00000256043.5|7908|CTSO|protein_coding	CTSO
ENSG00000182287.15|5428|AP1S2|protein_coding	AP1S2
ENSG00000075142.14|4226|SRI|protein_coding	SRI
ENSG00000185787.15|6552|MORF4L1|protein_coding	MORF4L1
ENSG00000256053.9|3918|COA8|protein_coding	COA8
ENSG00000123064.13|5065|DDX54|protein_coding	DDX54
ENSG00000089818.18|8785|NECAP1|protein_coding	NECAP1
ENSG00000134851.13|7048|TMEM165|protein_coding	TMEM165
ENSG00000129460.16|4653|NGDN|protein_coding	NGDN
ENSG00000104613.12|6618|INTS10|protein_coding	INTS10
ENSG00000130755.13|1388|GMFG|protein_coding	GMFG
ENSG00000073910.23|18852|FRY|protein_coding	FRY
ENSG00000115307.17|2455|AUP1|protein_coding	AUP1
ENSG00000261115.6|10824|TMEM178B|protein_coding	TMEM178B
ENSG00000072832.15|5851|CRMP1|protein_coding	CRMP1
ENSG00000118407.15|8964|FILIP1|protein_coding	FILIP1
ENSG00000102575.13|2919|ACP5|protein_coding	ACP5
ENSG00000281406.2|6731|BLACAT1|protein_coding	BLACAT1
ENSG00000115468.12|2675|EFHD1|protein_coding	EFHD1
ENSG00000164707.16|8021|SLC13A4|protein_coding	SLC13A4
ENSG00000108439.11|5226|PNPO|protein_coding	PNPO
ENSG00000197562.10|4182|RAB40C|protein_coding	RAB40C
ENSG00000090659.18|4414|CD209|protein_coding	CD209
ENSG00000128609.16|13738|NDUFA5|protein_coding	NDUFA5
ENSG00000170185.11|10500|USP38|protein_coding	USP38
ENSG00000267120.3|1925|AD000671.6|protein_coding	AD000671.6
ENSG00000164086.10|5669|DUSP7|protein_coding	DUSP7
ENSG00000116977.19|9462|LGALS8|protein_coding	LGALS8
ENSG00000284762.1|3397|CTC-337B15.3|protein_coding	CTC-337B15.3
ENSG00000101890.5|3728|GUCY2F|protein_coding	GUCY2F
ENSG00000067191.16|7097|CACNB1|protein_coding	CACNB1
ENSG00000214814.7|6051|FER1L6|protein_coding	FER1L6
ENSG00000140986.8|2758|RPL3L|protein_coding	RPL3L
ENSG00000186334.10|4979|SLC36A3|protein_coding	SLC36A3
ENSG00000170484.10|3006|KRT74|protein_coding	KRT74
ENSG00000138663.9|3566|COPS4|protein_coding	COPS4
ENSG00000131480.9|2677|AOC2|protein_coding	AOC2
ENSG00000162604.12|5516|TM2D1|protein_coding	TM2D1
ENSG00000129636.13|7719|ITFG1|protein_coding	ITFG1
ENSG00000186010.19|2708|NDUFA13|protein_coding	NDUFA13
ENSG00000117595.12|4971|IRF6|protein_coding	IRF6
ENSG00000136040.9|10033|PLXNC1|protein_coding	PLXNC1
ENSG00000113296.14|4605|THBS4|protein_coding	THBS4
ENSG00000205268.11|10601|PDE7A|protein_coding	PDE7A
ENSG00000139437.18|9054|TCHP|protein_coding	TCHP
ENSG00000074660.16|4958|SCARF1|protein_coding	SCARF1
ENSG00000158828.8|4833|PINK1|protein_coding	PINK1
ENSG00000135472.9|6057|FAIM2|protein_coding	FAIM2
ENSG00000148814.18|11500|LRRC27|protein_coding	LRRC27
ENSG00000166164.16|8546|BRD7|protein_coding	BRD7
ENSG00000047457.14|7072|CP|protein_coding	CP
ENSG00000130751.10|2565|NPAS1|protein_coding	NPAS1
ENSG00000167685.15|7143|ZNF444|protein_coding	ZNF444
ENSG00000067365.15|8254|METTL22|protein_coding	METTL22
ENSG00000188039.16|9157|NWD1|protein_coding	NWD1
ENSG00000010282.15|2888|HHATL|protein_coding	HHATL
ENSG00000275410.6|5774|HNF1B|protein_coding	HNF1B
ENSG00000146072.6|3595|TNFRSF21|protein_coding	TNFRSF21
ENSG00000185009.13|5691|AP3M1|protein_coding	AP3M1
ENSG00000109084.14|2929|TMEM97|protein_coding	TMEM97
ENSG00000088833.18|5757|NSFL1C|protein_coding	NSFL1C
ENSG00000258472.9|2625|RP11-192H23.4|protein_coding	RP11-192H23.4
ENSG00000162739.14|2746|SLAMF6|protein_coding	SLAMF6
ENSG00000061794.13|1930|MRPS35|protein_coding	MRPS35
ENSG00000163636.11|9056|PSMD6|protein_coding	PSMD6
ENSG00000127220.6|2162|ABHD8|protein_coding	ABHD8
ENSG00000176681.14|6506|LRRC37A|protein_coding	LRRC37A
ENSG00000186566.13|9737|GPATCH8|protein_coding	GPATCH8
ENSG00000075188.9|3488|NUP37|protein_coding	NUP37
ENSG00000102145.15|1492|GATA1|protein_coding	GATA1
ENSG00000175697.11|6186|GPR156|protein_coding	GPR156
ENSG00000088256.9|6285|GNA11|protein_coding	GNA11
ENSG00000160298.18|5315|C21orf58|protein_coding	C21orf58
ENSG00000080371.6|16048|RAB21|protein_coding	RAB21
ENSG00000131873.7|5667|CHSY1|protein_coding	CHSY1
ENSG00000130962.18|6143|PRRG1|protein_coding	PRRG1
ENSG00000117114.20|22649|ADGRL2|protein_coding	ADGRL2
ENSG00000062038.15|6392|CDH3|protein_coding	CDH3
ENSG00000197857.15|6061|ZNF44|protein_coding	ZNF44
ENSG00000187164.20|8252|SHTN1|protein_coding	SHTN1
ENSG00000157856.12|3044|DRC1|protein_coding	DRC1
ENSG00000151726.15|6134|ACSL1|protein_coding	ACSL1
ENSG00000198211.8|2776|RP11-566K11.2|protein_coding	RP11-566K11.2
ENSG00000164306.11|2789|PRIMPOL|protein_coding	PRIMPOL
ENSG00000171298.13|5236|GAA|protein_coding	GAA
ENSG00000242485.6|2767|MRPL20|protein_coding	MRPL20
ENSG00000146802.13|7831|TMEM168|protein_coding	TMEM168
ENSG00000132465.12|1546|JCHAIN|protein_coding	JCHAIN
ENSG00000132563.16|3244|REEP2|protein_coding	REEP2
ENSG00000106648.14|3320|GALNTL5|protein_coding	GALNTL5
ENSG00000173198.6|5567|CYSLTR1|protein_coding	CYSLTR1
ENSG00000083544.16|7823|TDRD3|protein_coding	TDRD3
ENSG00000139190.17|3270|VAMP1|protein_coding	VAMP1
ENSG00000061676.15|22520|NCKAP1|protein_coding	NCKAP1
ENSG00000130182.8|3297|ZSCAN10|protein_coding	ZSCAN10
ENSG00000101574.15|5724|METTL4|protein_coding	METTL4
ENSG00000090006.18|8110|LTBP4|protein_coding	LTBP4
ENSG00000131149.19|13376|GSE1|protein_coding	GSE1
ENSG00000007384.15|4914|RHBDF1|protein_coding	RHBDF1
ENSG00000187867.10|2795|PALM3|protein_coding	PALM3
ENSG00000136156.15|10661|ITM2B|protein_coding	ITM2B
ENSG00000146842.17|4669|TMEM209|protein_coding	TMEM209
ENSG00000242498.8|8590|ARPIN|protein_coding	ARPIN
ENSG00000173757.10|6438|STAT5B|protein_coding	STAT5B
ENSG00000164880.16|9084|INTS1|protein_coding	INTS1
ENSG00000106484.16|4767|MEST|protein_coding	MEST
ENSG00000288631.1|1641|ELOA3|protein_coding	ELOA3
ENSG00000169221.14|6929|TBC1D10B|protein_coding	TBC1D10B
ENSG00000169045.17|9480|HNRNPH1|protein_coding	HNRNPH1
ENSG00000134444.15|10722|RELCH|protein_coding	RELCH
ENSG00000267127.7|3902|RP11-795F19.5|protein_coding	RP11-795F19.5
ENSG00000173531.15|5084|MST1|protein_coding	MST1
ENSG00000197713.15|3523|RPE|protein_coding	RPE
ENSG00000105784.15|4710|RUNDC3B|protein_coding	RUNDC3B
ENSG00000168172.9|15232|HOOK3|protein_coding	HOOK3
ENSG00000143333.7|2408|RGS16|protein_coding	RGS16
ENSG00000196345.13|4208|ZKSCAN7|protein_coding	ZKSCAN7
ENSG00000129038.16|3637|LOXL1|protein_coding	LOXL1
ENSG00000186567.13|5203|CEACAM19|protein_coding	CEACAM19
ENSG00000151292.17|5000|CSNK1G3|protein_coding	CSNK1G3
ENSG00000178965.14|8827|ERICH3|protein_coding	ERICH3
ENSG00000182054.10|2787|IDH2|protein_coding	IDH2
ENSG00000176101.12|1170|SSNA1|protein_coding	SSNA1
ENSG00000099899.15|3954|TRMT2A|protein_coding	TRMT2A
ENSG00000171403.10|2296|KRT9|protein_coding	KRT9
ENSG00000196767.9|3838|POU3F4|protein_coding	POU3F4
ENSG00000114107.9|4409|CEP70|protein_coding	CEP70
ENSG00000156853.13|4162|ZNF689|protein_coding	ZNF689
ENSG00000173020.11|6602|GRK2|protein_coding	GRK2
ENSG00000163703.20|9266|CRELD1|protein_coding	CRELD1
ENSG00000124783.14|11349|SSR1|protein_coding	SSR1
ENSG00000102886.15|1572|GDPD3|protein_coding	GDPD3
ENSG00000131966.14|4039|ACTR10|protein_coding	ACTR10
ENSG00000164318.18|6183|EGFLAM|protein_coding	EGFLAM
ENSG00000086848.15|8070|ALG9|protein_coding	ALG9
ENSG00000187908.20|9375|DMBT1|protein_coding	DMBT1
ENSG00000069509.6|1257|FUNDC1|protein_coding	FUNDC1
ENSG00000087245.13|4706|MMP2|protein_coding	MMP2
ENSG00000186847.6|2255|KRT14|protein_coding	KRT14
ENSG00000117266.16|6830|CDK18|protein_coding	CDK18
ENSG00000100575.14|1416|TIMM9|protein_coding	TIMM9
ENSG00000205531.13|5200|NAP1L4|protein_coding	NAP1L4
ENSG00000154620.6|1337|TMSB4Y|protein_coding	TMSB4Y
ENSG00000131507.11|5747|NDFIP1|protein_coding	NDFIP1
ENSG00000135443.8|2713|KRT85|protein_coding	KRT85
ENSG00000138398.17|10923|PPIG|protein_coding	PPIG
ENSG00000185043.12|1472|CIB1|protein_coding	CIB1
ENSG00000091140.14|5102|DLD|protein_coding	DLD
ENSG00000166006.14|6443|KCNC2|protein_coding	KCNC2
ENSG00000148541.13|6752|FAM13C|protein_coding	FAM13C
ENSG00000091592.16|11682|NLRP1|protein_coding	NLRP1
ENSG00000144061.14|19581|NPHP1|protein_coding	NPHP1
ENSG00000154310.17|11448|TNIK|protein_coding	TNIK
ENSG00000111817.19|19194|DSE|protein_coding	DSE
ENSG00000167900.12|1845|TK1|protein_coding	TK1
ENSG00000105656.13|4918|ELL|protein_coding	ELL
ENSG00000164056.11|3963|SPRY1|protein_coding	SPRY1
ENSG00000163050.18|4736|COQ8A|protein_coding	COQ8A
ENSG00000103089.9|3279|FA2H|protein_coding	FA2H
ENSG00000139197.11|5488|PEX5|protein_coding	PEX5
ENSG00000164300.17|9539|SERINC5|protein_coding	SERINC5
ENSG00000107854.6|6242|TNKS2|protein_coding	TNKS2
ENSG00000177683.14|5056|THAP5|protein_coding	THAP5
ENSG00000149474.14|5018|KAT14|protein_coding	KAT14
ENSG00000130787.14|7072|HIP1R|protein_coding	HIP1R
ENSG00000102554.14|3679|KLF5|protein_coding	KLF5
ENSG00000129245.12|4357|FXR2|protein_coding	FXR2
ENSG00000130176.8|2837|CNN1|protein_coding	CNN1
ENSG00000173064.14|21746|HECTD4|protein_coding	HECTD4
ENSG00000117281.16|3971|CD160|protein_coding	CD160
ENSG00000204001.10|3055|LCN8|protein_coding	LCN8
ENSG00000170390.16|4416|DCLK2|protein_coding	DCLK2
ENSG00000167272.11|2177|POP5|protein_coding	POP5
ENSG00000196323.14|11032|ZBTB44|protein_coding	ZBTB44
ENSG00000198851.10|2659|CD3E|protein_coding	CD3E
ENSG00000115128.7|1125|SF3B6|protein_coding	SF3B6
ENSG00000275832.5|8080|ARHGAP23|protein_coding	ARHGAP23
ENSG00000187642.9|3424|PERM1|protein_coding	PERM1
ENSG00000197444.10|5726|OGDHL|protein_coding	OGDHL
ENSG00000142046.15|2487|TMEM91|protein_coding	TMEM91
ENSG00000102174.10|10399|PHEX|protein_coding	PHEX
ENSG00000261052.6|2561|SULT1A3|protein_coding	SULT1A3
ENSG00000105671.12|3306|DDX49|protein_coding	DDX49
ENSG00000100360.15|8009|IFT27|protein_coding	IFT27
ENSG00000086232.13|5492|EIF2AK1|protein_coding	EIF2AK1
ENSG00000238083.8|6756|LRRC37A2|protein_coding	LRRC37A2
ENSG00000184408.10|6054|KCND2|protein_coding	KCND2
ENSG00000049239.13|9322|H6PD|protein_coding	H6PD
ENSG00000111199.12|3876|TRPV4|protein_coding	TRPV4
ENSG00000095587.9|8157|TLL2|protein_coding	TLL2
ENSG00000184988.8|3577|TMEM106A|protein_coding	TMEM106A
ENSG00000169744.13|5455|LDB2|protein_coding	LDB2
ENSG00000165125.22|11903|TRPV6|protein_coding	TRPV6
ENSG00000140519.14|2583|RHCG|protein_coding	RHCG
ENSG00000261915.6|2571|RP11-542C16.2|protein_coding	RP11-542C16.2
ENSG00000187239.17|6600|FNBP1|protein_coding	FNBP1
ENSG00000103544.15|9767|VPS35L|protein_coding	VPS35L
ENSG00000151640.13|3111|DPYSL4|protein_coding	DPYSL4
ENSG00000133561.15|3913|GIMAP6|protein_coding	GIMAP6
ENSG00000103197.18|19128|TSC2|protein_coding	TSC2
ENSG00000076201.16|6866|PTPN23|protein_coding	PTPN23
ENSG00000176438.13|18219|SYNE3|protein_coding	SYNE3
ENSG00000185567.7|18788|AHNAK2|protein_coding	AHNAK2
ENSG00000102897.10|3593|LYRM1|protein_coding	LYRM1
ENSG00000148481.14|4081|MINDY3|protein_coding	MINDY3
ENSG00000084764.12|3628|MAPRE3|protein_coding	MAPRE3
ENSG00000018510.18|15223|AGPS|protein_coding	AGPS
ENSG00000171453.20|5505|POLR1C|protein_coding	POLR1C
ENSG00000062194.16|6472|GPBP1|protein_coding	GPBP1
ENSG00000142303.14|5705|ADAMTS10|protein_coding	ADAMTS10
ENSG00000142039.4|3828|CCDC97|protein_coding	CCDC97
ENSG00000160471.13|3720|COX6B2|protein_coding	COX6B2
ENSG00000148484.18|4126|RSU1|protein_coding	RSU1
ENSG00000037749.13|10159|MFAP3|protein_coding	MFAP3
ENSG00000108622.11|3243|ICAM2|protein_coding	ICAM2
ENSG00000187714.7|2411|SLC18A3|protein_coding	SLC18A3
ENSG00000196411.10|6437|EPHB4|protein_coding	EPHB4
ENSG00000119283.16|9389|TRIM67|protein_coding	TRIM67
ENSG00000102241.12|3055|HTATSF1|protein_coding	HTATSF1
ENSG00000203710.12|12583|CR1|protein_coding	CR1
ENSG00000275342.5|4845|PRAG1|protein_coding	PRAG1
ENSG00000063180.9|1946|CA11|protein_coding	CA11
ENSG00000163611.11|7941|SPICE1|protein_coding	SPICE1
ENSG00000155621.15|4973|C9orf85|protein_coding	C9orf85
ENSG00000254806.5|1402|SYS1-DBNDD2|protein_coding	SYS1-DBNDD2
ENSG00000177728.17|9045|TMEM94|protein_coding	TMEM94
ENSG00000167037.19|8607|SGSM1|protein_coding	SGSM1
ENSG00000104689.10|2927|TNFRSF10A|protein_coding	TNFRSF10A
ENSG00000109686.19|7762|SH3D19|protein_coding	SH3D19
ENSG00000197859.11|4677|ADAMTSL2|protein_coding	ADAMTSL2
ENSG00000121807.7|3873|CCR2|protein_coding	CCR2
ENSG00000124782.20|17254|RREB1|protein_coding	RREB1
ENSG00000285404.1|1914|LL22NC03-44A4.3|protein_coding	LL22NC03-44A4.3
ENSG00000136709.12|14575|WDR33|protein_coding	WDR33
ENSG00000130818.12|7546|ZNF426|protein_coding	ZNF426
ENSG00000115760.14|17858|BIRC6|protein_coding	BIRC6
ENSG00000173040.13|5501|EVC2|protein_coding	EVC2
ENSG00000167705.12|1892|RILP|protein_coding	RILP
ENSG00000149548.15|4823|CCDC15|protein_coding	CCDC15
ENSG00000026297.17|19532|RNASET2|protein_coding	RNASET2
ENSG00000107816.17|6547|LZTS2|protein_coding	LZTS2
ENSG00000117308.15|3955|GALE|protein_coding	GALE
ENSG00000181754.7|5141|AMIGO1|protein_coding	AMIGO1
ENSG00000198689.13|11402|SLC9A6|protein_coding	SLC9A6
ENSG00000100142.16|7008|POLR2F|protein_coding	POLR2F
ENSG00000182473.22|10116|EXOC7|protein_coding	EXOC7
ENSG00000100890.16|6990|PRORP|protein_coding	PRORP
ENSG00000136937.13|5506|NCBP1|protein_coding	NCBP1
ENSG00000213516.10|5087|RBMXL1|protein_coding	RBMXL1
ENSG00000117480.16|2724|FAAH|protein_coding	FAAH
ENSG00000165359.16|7177|INTS6L|protein_coding	INTS6L
ENSG00000197601.13|7503|FAR1|protein_coding	FAR1
ENSG00000186642.16|7182|PDE2A|protein_coding	PDE2A
ENSG00000196453.8|3172|ZNF777|protein_coding	ZNF777
ENSG00000161647.19|4491|MPP3|protein_coding	MPP3
ENSG00000120519.15|6687|SLC10A7|protein_coding	SLC10A7
ENSG00000171954.13|2612|CYP4F22|protein_coding	CYP4F22
ENSG00000029534.21|10797|ANK1|protein_coding	ANK1
ENSG00000140382.15|6403|HMG20A|protein_coding	HMG20A
ENSG00000164929.17|3994|BAALC|protein_coding	BAALC
ENSG00000149380.12|3990|P4HA3|protein_coding	P4HA3
ENSG00000111341.10|2887|MGP|protein_coding	MGP
ENSG00000145020.16|5675|AMT|protein_coding	AMT
ENSG00000089876.12|3925|DHX32|protein_coding	DHX32
ENSG00000132581.10|3213|SDF2|protein_coding	SDF2
ENSG00000121067.19|6506|SPOP|protein_coding	SPOP
ENSG00000204851.7|4887|PNMA8B|protein_coding	PNMA8B
ENSG00000102401.20|4239|ARMCX3|protein_coding	ARMCX3
ENSG00000187210.14|9251|GCNT1|protein_coding	GCNT1
ENSG00000075413.19|21530|MARK3|protein_coding	MARK3
ENSG00000027847.14|4878|B4GALT7|protein_coding	B4GALT7
ENSG00000171115.4|4185|GIMAP8|protein_coding	GIMAP8
ENSG00000182272.12|4059|B4GALNT4|protein_coding	B4GALNT4
ENSG00000172366.20|5019|MCRIP2|protein_coding	MCRIP2
ENSG00000143543.15|1482|JTB|protein_coding	JTB
ENSG00000110880.11|6462|CORO1C|protein_coding	CORO1C
ENSG00000165970.12|6920|SLC6A5|protein_coding	SLC6A5
ENSG00000197635.11|14432|DPP4|protein_coding	DPP4
ENSG00000214944.10|15617|ARHGEF28|protein_coding	ARHGEF28
ENSG00000162885.14|10279|B3GALNT2|protein_coding	B3GALNT2
ENSG00000249709.8|3619|ZNF564|protein_coding	ZNF564
ENSG00000120256.11|6026|LRP11|protein_coding	LRP11
ENSG00000174502.19|5628|SLC26A9|protein_coding	SLC26A9
ENSG00000102854.16|2588|MSLN|protein_coding	MSLN
ENSG00000158104.11|2223|HPD|protein_coding	HPD
ENSG00000006695.12|6756|COX10|protein_coding	COX10
ENSG00000155530.3|4799|LRGUK|protein_coding	LRGUK
ENSG00000211455.8|6863|STK38L|protein_coding	STK38L
ENSG00000084093.19|9408|REST|protein_coding	REST
ENSG00000140395.9|7188|WDR61|protein_coding	WDR61
ENSG00000143337.19|4692|TOR1AIP1|protein_coding	TOR1AIP1
ENSG00000137288.10|4689|UQCC2|protein_coding	UQCC2
ENSG00000073169.14|2363|SELENOO|protein_coding	SELENOO
ENSG00000108829.10|4540|LRRC59|protein_coding	LRRC59
ENSG00000186063.13|4232|AIDA|protein_coding	AIDA
ENSG00000145949.11|6015|MYLK4|protein_coding	MYLK4
ENSG00000059804.16|6071|SLC2A3|protein_coding	SLC2A3
ENSG00000148634.16|15800|HERC4|protein_coding	HERC4
ENSG00000198825.15|7479|INPP5F|protein_coding	INPP5F
ENSG00000141748.13|3418|ARL5C|protein_coding	ARL5C
ENSG00000148308.18|3592|GTF3C5|protein_coding	GTF3C5
ENSG00000112249.14|11731|ASCC3|protein_coding	ASCC3
ENSG00000183155.5|3119|RABIF|protein_coding	RABIF
ENSG00000082269.17|10476|FAM135A|protein_coding	FAM135A
ENSG00000118900.15|8592|UBN1|protein_coding	UBN1
ENSG00000101367.9|2562|MAPRE1|protein_coding	MAPRE1
ENSG00000120903.13|5062|CHRNA2|protein_coding	CHRNA2
ENSG00000141485.17|8824|SLC13A5|protein_coding	SLC13A5
ENSG00000114796.16|8650|KLHL24|protein_coding	KLHL24
ENSG00000088682.14|4319|COQ9|protein_coding	COQ9
ENSG00000058804.12|4720|NDC1|protein_coding	NDC1
ENSG00000162591.16|9021|MEGF6|protein_coding	MEGF6
ENSG00000148153.14|4336|INIP|protein_coding	INIP
ENSG00000107719.9|4610|PALD1|protein_coding	PALD1
ENSG00000143994.14|4630|ABHD1|protein_coding	ABHD1
ENSG00000169282.18|6822|KCNAB1|protein_coding	KCNAB1
ENSG00000054654.19|32377|SYNE2|protein_coding	SYNE2
ENSG00000187068.3|7159|C3orf70|protein_coding	C3orf70
ENSG00000147649.10|7876|MTDH|protein_coding	MTDH
ENSG00000174373.17|14255|RALGAPA1|protein_coding	RALGAPA1
ENSG00000100442.11|2263|FKBP3|protein_coding	FKBP3
ENSG00000084072.17|11124|PPIE|protein_coding	PPIE
ENSG00000150630.4|2615|VEGFC|protein_coding	VEGFC
ENSG00000198026.8|7545|ZNF335|protein_coding	ZNF335
ENSG00000151665.13|4914|PIGF|protein_coding	PIGF
ENSG00000170264.13|5258|FAM161A|protein_coding	FAM161A
ENSG00000249158.7|6287|PCDHA11|protein_coding	PCDHA11
ENSG00000168298.7|787|H1-4|protein_coding	H1-4
ENSG00000112309.11|6587|B3GAT2|protein_coding	B3GAT2
ENSG00000100027.17|4681|YPEL1|protein_coding	YPEL1
ENSG00000205155.8|1359|PSENEN|protein_coding	PSENEN
ENSG00000111271.15|8934|ACAD10|protein_coding	ACAD10
ENSG00000107263.19|7004|RAPGEF1|protein_coding	RAPGEF1
ENSG00000160688.19|4019|FLAD1|protein_coding	FLAD1
ENSG00000204356.14|2647|NELFE|protein_coding	NELFE
ENSG00000170876.8|3498|TMEM43|protein_coding	TMEM43
ENSG00000126243.9|5115|LRFN3|protein_coding	LRFN3
ENSG00000104369.5|4590|JPH1|protein_coding	JPH1
ENSG00000111452.13|14718|ADGRD1|protein_coding	ADGRD1
ENSG00000142949.17|10712|PTPRF|protein_coding	PTPRF
ENSG00000012171.20|5768|SEMA3B|protein_coding	SEMA3B
ENSG00000135298.15|7635|ADGRB3|protein_coding	ADGRB3
ENSG00000005206.17|7419|SPPL2B|protein_coding	SPPL2B
ENSG00000114544.17|6590|SLC41A3|protein_coding	SLC41A3
ENSG00000144596.13|11889|GRIP2|protein_coding	GRIP2
ENSG00000239282.8|2741|CASTOR1|protein_coding	CASTOR1
ENSG00000113643.9|3417|RARS1|protein_coding	RARS1
ENSG00000126216.15|7248|TUBGCP3|protein_coding	TUBGCP3
ENSG00000102974.16|10106|CTCF|protein_coding	CTCF
ENSG00000139514.13|7688|SLC7A1|protein_coding	SLC7A1
ENSG00000154640.15|2304|BTG3|protein_coding	BTG3
ENSG00000250565.7|5303|ATP6V1E2|protein_coding	ATP6V1E2
ENSG00000148218.16|4945|ALAD|protein_coding	ALAD
ENSG00000196511.14|8442|TPK1|protein_coding	TPK1
ENSG00000176994.11|8297|SMCR8|protein_coding	SMCR8
ENSG00000132702.13|2204|HAPLN2|protein_coding	HAPLN2
ENSG00000157423.18|28702|HYDIN|protein_coding	HYDIN
ENSG00000158486.13|14960|DNAH3|protein_coding	DNAH3
ENSG00000119138.5|5201|KLF9|protein_coding	KLF9
ENSG00000099821.14|5060|POLRMT|protein_coding	POLRMT
ENSG00000197565.16|9282|COL4A6|protein_coding	COL4A6
ENSG00000160563.14|3857|MED27|protein_coding	MED27
ENSG00000102978.13|3666|POLR2C|protein_coding	POLR2C
ENSG00000111666.11|5991|CHPT1|protein_coding	CHPT1
ENSG00000158258.16|14596|CLSTN2|protein_coding	CLSTN2
ENSG00000168398.7|6845|BDKRB2|protein_coding	BDKRB2
ENSG00000204472.13|1243|AIF1|protein_coding	AIF1
ENSG00000175785.13|3896|PRIMA1|protein_coding	PRIMA1
ENSG00000198794.12|4862|SCAMP5|protein_coding	SCAMP5
ENSG00000225663.8|3726|MCRIP1|protein_coding	MCRIP1
ENSG00000061337.15|5706|LZTS1|protein_coding	LZTS1
ENSG00000070061.16|24261|ELP1|protein_coding	ELP1
ENSG00000114923.17|4952|SLC4A3|protein_coding	SLC4A3
ENSG00000148985.20|3701|PGAP2|protein_coding	PGAP2
ENSG00000101266.19|29523|CSNK2A1|protein_coding	CSNK2A1
ENSG00000104722.14|3635|NEFM|protein_coding	NEFM
ENSG00000089639.11|3730|GMIP|protein_coding	GMIP
ENSG00000143158.11|2638|MPC2|protein_coding	MPC2
ENSG00000163938.17|3238|GNL3|protein_coding	GNL3
ENSG00000174282.12|6132|ZBTB4|protein_coding	ZBTB4
ENSG00000110711.11|2961|AIP|protein_coding	AIP
ENSG00000288000.1|4024|RP1-138B7.8|protein_coding	RP1-138B7.8
ENSG00000164823.11|4655|OSGIN2|protein_coding	OSGIN2
ENSG00000171943.12|7335|SRGAP2C|protein_coding	SRGAP2C
ENSG00000235106.10|5954|BRD3OS|protein_coding	BRD3OS
ENSG00000164022.18|9258|AIMP1|protein_coding	AIMP1
ENSG00000182310.15|4113|SPACA6|protein_coding	SPACA6
ENSG00000198964.14|6423|SGMS1|protein_coding	SGMS1
ENSG00000136813.15|8456|ECPAS|protein_coding	ECPAS
ENSG00000145996.11|4602|CDKAL1|protein_coding	CDKAL1
ENSG00000181029.9|5679|TRAPPC5|protein_coding	TRAPPC5
ENSG00000171100.15|3835|MTM1|protein_coding	MTM1
ENSG00000101608.13|3032|MYL12A|protein_coding	MYL12A
ENSG00000213203.3|4797|GIMAP1|protein_coding	GIMAP1
ENSG00000111731.13|6759|C2CD5|protein_coding	C2CD5
ENSG00000006534.16|6626|ALDH3B1|protein_coding	ALDH3B1
ENSG00000261221.4|3763|ZNF865|protein_coding	ZNF865
ENSG00000183248.12|4467|PRR36|protein_coding	PRR36
ENSG00000167751.13|6351|KLK2|protein_coding	KLK2
ENSG00000167962.14|4699|ZNF598|protein_coding	ZNF598
ENSG00000173786.17|7413|CNP|protein_coding	CNP
ENSG00000141098.13|8592|GFOD2|protein_coding	GFOD2
ENSG00000033122.21|30043|LRRC7|protein_coding	LRRC7
ENSG00000129514.8|4414|FOXA1|protein_coding	FOXA1
ENSG00000172732.12|5448|MUS81|protein_coding	MUS81
ENSG00000130958.13|3827|SLC35D2|protein_coding	SLC35D2
ENSG00000109184.15|7625|DCUN1D4|protein_coding	DCUN1D4
ENSG00000181513.15|3776|ACBD4|protein_coding	ACBD4
ENSG00000104549.12|4305|SQLE|protein_coding	SQLE
ENSG00000120159.13|3160|CAAP1|protein_coding	CAAP1
ENSG00000161609.10|5619|KASH5|protein_coding	KASH5
ENSG00000137766.18|9733|UNC13C|protein_coding	UNC13C
ENSG00000111906.18|5888|HDDC2|protein_coding	HDDC2
ENSG00000177535.9|6414|OR2B11|protein_coding	OR2B11
ENSG00000164117.14|2213|FBXO8|protein_coding	FBXO8
ENSG00000147118.12|3598|ZNF182|protein_coding	ZNF182
ENSG00000137843.12|6697|PAK6|protein_coding	PAK6
ENSG00000169403.12|4208|PTAFR|protein_coding	PTAFR
ENSG00000270181.3|5709|BIVM-ERCC5|protein_coding	BIVM-ERCC5
ENSG00000100461.18|14022|RBM23|protein_coding	RBM23
ENSG00000132522.16|3089|GPS2|protein_coding	GPS2
ENSG00000110200.8|2883|ANAPC15|protein_coding	ANAPC15
ENSG00000105366.15|3171|SIGLEC8|protein_coding	SIGLEC8
ENSG00000142864.15|7676|SERBP1|protein_coding	SERBP1
ENSG00000111361.13|3627|EIF2B1|protein_coding	EIF2B1
ENSG00000122574.11|6065|WIPF3|protein_coding	WIPF3
ENSG00000156011.17|15228|PSD3|protein_coding	PSD3
ENSG00000120156.22|4804|TEK|protein_coding	TEK
ENSG00000160818.17|4623|GPATCH4|protein_coding	GPATCH4
ENSG00000017797.13|8041|RALBP1|protein_coding	RALBP1
ENSG00000100813.15|9110|ACIN1|protein_coding	ACIN1
ENSG00000162493.17|3707|PDPN|protein_coding	PDPN
ENSG00000198453.13|9437|ZNF568|protein_coding	ZNF568
ENSG00000132467.4|2020|UTP3|protein_coding	UTP3
ENSG00000124275.15|6498|MTRR|protein_coding	MTRR
ENSG00000248919.7|2859|ATP5MF-PTCD1|protein_coding	ATP5MF-PTCD1
ENSG00000175756.13|1669|AURKAIP1|protein_coding	AURKAIP1
ENSG00000125744.12|3227|RTN2|protein_coding	RTN2
ENSG00000175376.9|3327|EIF1AD|protein_coding	EIF1AD
ENSG00000136758.19|7336|YME1L1|protein_coding	YME1L1
ENSG00000143006.7|2440|DMRTB1|protein_coding	DMRTB1
ENSG00000167207.14|6873|NOD2|protein_coding	NOD2
ENSG00000160551.12|17091|TAOK1|protein_coding	TAOK1
ENSG00000141293.16|2646|SKAP1|protein_coding	SKAP1
ENSG00000156990.14|5348|RPUSD3|protein_coding	RPUSD3
ENSG00000149564.12|2920|ESAM|protein_coding	ESAM
ENSG00000198246.9|5438|SLC29A3|protein_coding	SLC29A3
ENSG00000172197.11|4325|MBOAT1|protein_coding	MBOAT1
ENSG00000165502.7|676|RPL36AL|protein_coding	RPL36AL
ENSG00000173442.13|6733|EHBP1L1|protein_coding	EHBP1L1
ENSG00000159199.14|2615|ATP5MC1|protein_coding	ATP5MC1
ENSG00000172824.16|4353|CES4A|protein_coding	CES4A
ENSG00000074803.20|12838|SLC12A1|protein_coding	SLC12A1
ENSG00000134207.17|5065|SYT6|protein_coding	SYT6
ENSG00000100393.14|11692|EP300|protein_coding	EP300
ENSG00000170923.4|3015|OR7G2|protein_coding	OR7G2
ENSG00000069275.13|6449|NUCKS1|protein_coding	NUCKS1
ENSG00000257218.6|4416|GATC|protein_coding	GATC
ENSG00000241123.1|1150|KRTAP10-5|protein_coding	KRTAP10-5
ENSG00000166710.21|5455|B2M|protein_coding	B2M
ENSG00000156313.15|8358|RPGR|protein_coding	RPGR
ENSG00000062485.19|6401|CS|protein_coding	CS
ENSG00000170310.15|3455|STX8|protein_coding	STX8
ENSG00000225968.7|3845|ELFN1|protein_coding	ELFN1
ENSG00000170214.5|3147|ADRA1B|protein_coding	ADRA1B
ENSG00000127995.17|5260|CASD1|protein_coding	CASD1
ENSG00000256453.2|1595|DND1|protein_coding	DND1
ENSG00000259803.8|2706|SLC22A31|protein_coding	SLC22A31
ENSG00000011021.23|8173|CLCN6|protein_coding	CLCN6
ENSG00000132356.11|6563|PRKAA1|protein_coding	PRKAA1
ENSG00000182795.13|5501|C1orf116|protein_coding	C1orf116
ENSG00000180011.7|7943|ZADH2|protein_coding	ZADH2
ENSG00000011677.13|4150|GABRA3|protein_coding	GABRA3
ENSG00000100151.16|4371|PICK1|protein_coding	PICK1
ENSG00000160310.18|7603|PRMT2|protein_coding	PRMT2
ENSG00000172260.15|13208|NEGR1|protein_coding	NEGR1
ENSG00000135697.10|2689|BCO1|protein_coding	BCO1
ENSG00000117152.14|4729|RGS4|protein_coding	RGS4
ENSG00000151208.17|10500|DLG5|protein_coding	DLG5
ENSG00000144488.15|5179|ESPNL|protein_coding	ESPNL
ENSG00000159348.13|4495|CYB5R1|protein_coding	CYB5R1
ENSG00000140564.13|4960|FURIN|protein_coding	FURIN
ENSG00000102265.12|1446|TIMP1|protein_coding	TIMP1
ENSG00000116151.14|11337|MORN1|protein_coding	MORN1
ENSG00000106018.14|5132|VIPR2|protein_coding	VIPR2
ENSG00000152520.14|6352|PAN3|protein_coding	PAN3
ENSG00000196305.19|22418|IARS1|protein_coding	IARS1
ENSG00000154359.13|5709|LONRF1|protein_coding	LONRF1
ENSG00000146776.15|8585|ATXN7L1|protein_coding	ATXN7L1
ENSG00000185304.15|7018|RGPD2|protein_coding	RGPD2
ENSG00000104537.17|3801|ANXA13|protein_coding	ANXA13
ENSG00000142765.18|5584|SYTL1|protein_coding	SYTL1
ENSG00000142794.19|6812|NBPF3|protein_coding	NBPF3
ENSG00000167774.2|580|CTD-2550O8.5|protein_coding	CTD-2550O8.5
ENSG00000130147.16|7085|SH3BP4|protein_coding	SH3BP4
ENSG00000129515.20|4083|SNX6|protein_coding	SNX6
ENSG00000141526.18|9236|SLC16A3|protein_coding	SLC16A3
ENSG00000104880.19|7671|ARHGEF18|protein_coding	ARHGEF18
ENSG00000120805.14|4935|ARL1|protein_coding	ARL1
ENSG00000072274.13|7794|TFRC|protein_coding	TFRC
ENSG00000184922.14|7479|FMNL1|protein_coding	FMNL1
ENSG00000181544.15|3593|FANCB|protein_coding	FANCB
ENSG00000168306.13|3823|ACOX2|protein_coding	ACOX2
ENSG00000090273.14|2848|NUDC|protein_coding	NUDC
ENSG00000196715.7|6092|VKORC1L1|protein_coding	VKORC1L1
ENSG00000083093.10|4747|PALB2|protein_coding	PALB2
ENSG00000127580.17|3651|WDR24|protein_coding	WDR24
ENSG00000112699.11|4217|GMDS|protein_coding	GMDS
ENSG00000175711.8|6891|B3GNTL1|protein_coding	B3GNTL1
ENSG00000186474.16|1769|KLK12|protein_coding	KLK12
ENSG00000134480.16|5981|CCNH|protein_coding	CCNH
ENSG00000164530.15|2305|PI16|protein_coding	PI16
ENSG00000248672.5|5650|LY75-CD302|protein_coding	LY75-CD302
ENSG00000181751.10|3507|MACIR|protein_coding	MACIR
ENSG00000188803.15|8577|SHISA6|protein_coding	SHISA6
ENSG00000275379.2|502|H3C11|protein_coding	H3C11
ENSG00000138615.6|5678|CILP|protein_coding	CILP
ENSG00000130054.5|4928|FAM155B|protein_coding	FAM155B
ENSG00000119878.6|6931|CRIPT|protein_coding	CRIPT
ENSG00000198785.7|8189|GRIN3A|protein_coding	GRIN3A
ENSG00000174483.20|6131|BBS1|protein_coding	BBS1
ENSG00000174238.15|4760|PITPNA|protein_coding	PITPNA
ENSG00000127952.17|2028|STYXL1|protein_coding	STYXL1
ENSG00000167851.15|2701|CD300A|protein_coding	CD300A
ENSG00000120868.14|7759|APAF1|protein_coding	APAF1
ENSG00000167165.19|5156|UGT1A6|protein_coding	UGT1A6
ENSG00000166068.13|7750|SPRED1|protein_coding	SPRED1
ENSG00000104365.16|11048|IKBKB|protein_coding	IKBKB
ENSG00000134874.18|8473|DZIP1|protein_coding	DZIP1
ENSG00000198730.9|5770|CTR9|protein_coding	CTR9
ENSG00000166573.6|11004|GALR1|protein_coding	GALR1
ENSG00000120280.6|1792|TASL|protein_coding	TASL
ENSG00000091157.14|8899|WDR7|protein_coding	WDR7
ENSG00000197891.12|3380|SLC22A12|protein_coding	SLC22A12
ENSG00000102755.12|12565|FLT1|protein_coding	FLT1
ENSG00000177272.9|2476|KCNA3|protein_coding	KCNA3
ENSG00000169689.15|1531|CENPX|protein_coding	CENPX
ENSG00000113073.15|3641|SLC4A9|protein_coding	SLC4A9
ENSG00000124813.23|8192|RUNX2|protein_coding	RUNX2
ENSG00000088899.16|5352|LZTS3|protein_coding	LZTS3
ENSG00000164172.20|6009|MOCS2|protein_coding	MOCS2
ENSG00000100156.11|2212|SLC16A8|protein_coding	SLC16A8
ENSG00000064313.12|6526|TAF2|protein_coding	TAF2
ENSG00000113161.17|10125|HMGCR|protein_coding	HMGCR
ENSG00000054793.14|8073|ATP9A|protein_coding	ATP9A
ENSG00000103005.12|8233|USB1|protein_coding	USB1
ENSG00000162992.5|8208|NEUROD1|protein_coding	NEUROD1
ENSG00000256206.2|1221|RP11-140L24.4|protein_coding	RP11-140L24.4
ENSG00000197548.12|8833|ATG7|protein_coding	ATG7
ENSG00000100300.18|1422|TSPO|protein_coding	TSPO
ENSG00000131051.24|11974|RBM39|protein_coding	RBM39
ENSG00000160539.6|4349|PLPP7|protein_coding	PLPP7
ENSG00000113460.13|4710|BRIX1|protein_coding	BRIX1
ENSG00000121486.12|4914|TRMT1L|protein_coding	TRMT1L
ENSG00000145715.15|5237|RASA1|protein_coding	RASA1
ENSG00000161640.15|3173|SIGLEC11|protein_coding	SIGLEC11
ENSG00000102898.12|3704|NUTF2|protein_coding	NUTF2
ENSG00000114650.20|6288|SCAP|protein_coding	SCAP
ENSG00000131584.19|8707|ACAP3|protein_coding	ACAP3
ENSG00000141101.13|2101|NOB1|protein_coding	NOB1
ENSG00000127483.19|9815|HP1BP3|protein_coding	HP1BP3
ENSG00000084070.12|3601|SMAP2|protein_coding	SMAP2
ENSG00000149657.20|3377|LSM14B|protein_coding	LSM14B
ENSG00000163686.15|3563|ABHD6|protein_coding	ABHD6
ENSG00000127252.7|1166|PLAAT1|protein_coding	PLAAT1
ENSG00000134318.14|10198|ROCK2|protein_coding	ROCK2
ENSG00000181045.15|4903|SLC26A11|protein_coding	SLC26A11
ENSG00000257727.6|3019|CNPY2|protein_coding	CNPY2
ENSG00000161999.13|2628|JMJD8|protein_coding	JMJD8
ENSG00000072315.4|12143|TRPC5|protein_coding	TRPC5
ENSG00000169174.11|5711|PCSK9|protein_coding	PCSK9
ENSG00000112186.12|3346|CAP2|protein_coding	CAP2
ENSG00000111057.11|3069|KRT18|protein_coding	KRT18
ENSG00000118507.18|4593|AKAP7|protein_coding	AKAP7
ENSG00000149639.15|14975|SOGA1|protein_coding	SOGA1
ENSG00000160323.19|5708|ADAMTS13|protein_coding	ADAMTS13
ENSG00000160679.13|5625|CHTOP|protein_coding	CHTOP
ENSG00000124334.17|2504|IL9R|protein_coding	IL9R
ENSG00000258674.5|1846|CTC-260F20.3|protein_coding	CTC-260F20.3
ENSG00000100433.16|8278|KCNK10|protein_coding	KCNK10
ENSG00000066405.13|3715|CLDN18|protein_coding	CLDN18
ENSG00000196961.13|8714|AP2A1|protein_coding	AP2A1
ENSG00000129292.21|20571|PHF20L1|protein_coding	PHF20L1
ENSG00000148187.18|11035|MRRF|protein_coding	MRRF
ENSG00000130517.14|7509|PGPEP1|protein_coding	PGPEP1
ENSG00000215440.12|7454|NPEPL1|protein_coding	NPEPL1
ENSG00000078814.17|8247|MYH7B|protein_coding	MYH7B
ENSG00000125703.15|3116|ATG4C|protein_coding	ATG4C
ENSG00000142619.4|3189|PADI3|protein_coding	PADI3
ENSG00000164077.14|6446|MON1A|protein_coding	MON1A
ENSG00000184828.10|7610|ZBTB7C|protein_coding	ZBTB7C
ENSG00000178752.16|3584|ERFE|protein_coding	ERFE
ENSG00000138698.15|5421|RAP1GDS1|protein_coding	RAP1GDS1
ENSG00000162572.21|4025|SCNN1D|protein_coding	SCNN1D
ENSG00000171450.6|2490|CDK5R2|protein_coding	CDK5R2
ENSG00000091317.8|3857|CMTM6|protein_coding	CMTM6
ENSG00000159259.8|5104|CHAF1B|protein_coding	CHAF1B
ENSG00000148297.16|7235|MED22|protein_coding	MED22
ENSG00000006704.11|6499|GTF2IRD1|protein_coding	GTF2IRD1
ENSG00000273088.2|753|RP11-201K10.3|protein_coding	RP11-201K10.3
ENSG00000137760.15|4501|ALKBH8|protein_coding	ALKBH8
ENSG00000117614.10|3773|SYF2|protein_coding	SYF2
ENSG00000189403.15|7696|HMGB1|protein_coding	HMGB1
ENSG00000145016.16|11139|RUBCN|protein_coding	RUBCN
ENSG00000115257.15|3792|PCSK4|protein_coding	PCSK4
ENSG00000142867.14|4346|BCL10|protein_coding	BCL10
ENSG00000122591.13|18606|FAM126A|protein_coding	FAM126A
ENSG00000176641.11|10213|RNF152|protein_coding	RNF152
ENSG00000109046.15|8602|WSB1|protein_coding	WSB1
ENSG00000274588.2|7494|DGKK|protein_coding	DGKK
ENSG00000156697.13|4087|UTP14A|protein_coding	UTP14A
ENSG00000119048.8|3117|UBE2B|protein_coding	UBE2B
ENSG00000184949.18|10779|FAM227A|protein_coding	FAM227A
ENSG00000163162.9|5326|RNF149|protein_coding	RNF149
ENSG00000037757.14|3466|MRI1|protein_coding	MRI1
ENSG00000127922.9|11490|SEM1|protein_coding	SEM1
ENSG00000136859.10|3625|ANGPTL2|protein_coding	ANGPTL2
ENSG00000099910.17|4607|KLHL22|protein_coding	KLHL22
ENSG00000076604.15|4573|TRAF4|protein_coding	TRAF4
ENSG00000172461.11|13729|FUT9|protein_coding	FUT9
ENSG00000007944.15|3072|MYLIP|protein_coding	MYLIP
ENSG00000168283.14|4395|BMI1|protein_coding	BMI1
ENSG00000008283.16|5296|CYB561|protein_coding	CYB561
ENSG00000119408.17|4433|NEK6|protein_coding	NEK6
ENSG00000102409.10|1312|BEX4|protein_coding	BEX4
ENSG00000196116.8|4174|TDRD7|protein_coding	TDRD7
ENSG00000102678.7|4849|FGF9|protein_coding	FGF9
ENSG00000204209.13|3084|DAXX|protein_coding	DAXX
ENSG00000164674.17|2896|SYTL3|protein_coding	SYTL3
ENSG00000175161.14|9982|CADM2|protein_coding	CADM2
ENSG00000135441.7|1656|BLOC1S1|protein_coding	BLOC1S1
ENSG00000135253.15|12525|KCP|protein_coding	KCP
ENSG00000170325.16|6626|PRDM10|protein_coding	PRDM10
ENSG00000156395.14|5575|SORCS3|protein_coding	SORCS3
ENSG00000137814.12|4305|HAUS2|protein_coding	HAUS2
ENSG00000144401.14|6798|METTL21A|protein_coding	METTL21A
ENSG00000064726.10|4066|BTBD1|protein_coding	BTBD1
ENSG00000164898.13|1328|FMC1|protein_coding	FMC1
ENSG00000128578.10|5877|STRIP2|protein_coding	STRIP2
ENSG00000149313.11|6003|AASDHPPT|protein_coding	AASDHPPT
ENSG00000108312.15|6993|UBTF|protein_coding	UBTF
ENSG00000271793.2|8624|RP11-321N4.5|protein_coding	RP11-321N4.5
ENSG00000183018.9|4068|SPNS2|protein_coding	SPNS2
ENSG00000124602.10|3156|UNC5CL|protein_coding	UNC5CL
ENSG00000205022.9|1314|PABPN1L|protein_coding	PABPN1L
ENSG00000100399.16|2596|CHADL|protein_coding	CHADL
ENSG00000111897.7|3125|SERINC1|protein_coding	SERINC1
ENSG00000116871.16|5271|MAP7D1|protein_coding	MAP7D1
ENSG00000165476.14|5215|REEP3|protein_coding	REEP3
ENSG00000272916.5|5818|RP11-574K11.31|protein_coding	RP11-574K11.31
ENSG00000138668.19|6981|HNRNPD|protein_coding	HNRNPD
ENSG00000101194.18|5461|SLC17A9|protein_coding	SLC17A9
ENSG00000165898.14|3025|ISCA2|protein_coding	ISCA2
ENSG00000144827.9|3026|ABHD10|protein_coding	ABHD10
ENSG00000084628.10|3320|NKAIN1|protein_coding	NKAIN1
ENSG00000113732.9|1609|ATP6V0E1|protein_coding	ATP6V0E1
ENSG00000197442.10|5263|MAP3K5|protein_coding	MAP3K5
ENSG00000056972.20|7871|TRAF3IP2|protein_coding	TRAF3IP2
ENSG00000175348.11|2825|TMEM9B|protein_coding	TMEM9B
ENSG00000103174.13|5484|NAGPA|protein_coding	NAGPA
ENSG00000204642.14|4315|HLA-F|protein_coding	HLA-F
ENSG00000135519.8|4496|KCNH3|protein_coding	KCNH3
ENSG00000128928.10|6857|IVD|protein_coding	IVD
ENSG00000171794.4|1214|UTF1|protein_coding	UTF1
ENSG00000196850.6|5685|PPTC7|protein_coding	PPTC7
ENSG00000142623.11|4903|PADI1|protein_coding	PADI1
ENSG00000181061.14|3024|HIGD1A|protein_coding	HIGD1A
ENSG00000164742.16|13966|ADCY1|protein_coding	ADCY1
ENSG00000037474.15|5506|NSUN2|protein_coding	NSUN2
ENSG00000132341.12|4667|RAN|protein_coding	RAN
ENSG00000177301.16|18723|KCNA2|protein_coding	KCNA2
ENSG00000243716.10|10005|NPIPB5|protein_coding	NPIPB5
ENSG00000275066.5|14243|SYNRG|protein_coding	SYNRG
ENSG00000170540.15|3558|ARL6IP1|protein_coding	ARL6IP1
ENSG00000182511.12|4202|FES|protein_coding	FES
ENSG00000047056.16|6301|WDR37|protein_coding	WDR37
ENSG00000214376.6|3936|VSTM5|protein_coding	VSTM5
ENSG00000164576.12|6714|SAP30L|protein_coding	SAP30L
ENSG00000120696.9|4736|KBTBD7|protein_coding	KBTBD7
ENSG00000147596.4|2368|PRDM14|protein_coding	PRDM14
ENSG00000174837.15|3707|ADGRE1|protein_coding	ADGRE1
ENSG00000168928.13|2315|CTRB2|protein_coding	CTRB2
ENSG00000155903.13|6015|RASA2|protein_coding	RASA2
ENSG00000085998.14|6189|POMGNT1|protein_coding	POMGNT1
ENSG00000175634.15|5815|RPS6KB2|protein_coding	RPS6KB2
ENSG00000170468.8|2462|RIOX1|protein_coding	RIOX1
ENSG00000151458.12|8798|ANKRD50|protein_coding	ANKRD50
ENSG00000180287.17|9546|PLD5|protein_coding	PLD5
ENSG00000171295.13|6453|ZNF440|protein_coding	ZNF440
ENSG00000088826.18|2946|SMOX|protein_coding	SMOX
ENSG00000185247.15|3467|MAGEA11|protein_coding	MAGEA11
ENSG00000157326.19|2157|DHRS4|protein_coding	DHRS4
ENSG00000102104.9|3706|RS1|protein_coding	RS1
ENSG00000136231.14|8535|IGF2BP3|protein_coding	IGF2BP3
ENSG00000125835.19|1278|SNRPB|protein_coding	SNRPB
ENSG00000081019.13|6819|RSBN1|protein_coding	RSBN1
ENSG00000269855.3|1424|RNF225|protein_coding	RNF225
ENSG00000133983.16|1917|COX16|protein_coding	COX16
ENSG00000124839.13|4761|RAB17|protein_coding	RAB17
ENSG00000107130.10|5462|NCS1|protein_coding	NCS1
ENSG00000204176.14|7160|SYT15|protein_coding	SYT15
ENSG00000103227.19|8218|LMF1|protein_coding	LMF1
ENSG00000136169.16|6678|SETDB2|protein_coding	SETDB2
ENSG00000105364.14|4080|MRPL4|protein_coding	MRPL4
ENSG00000128918.15|8127|ALDH1A2|protein_coding	ALDH1A2
ENSG00000168175.15|6974|MAPK1IP1L|protein_coding	MAPK1IP1L
ENSG00000060566.14|2648|CREB3L3|protein_coding	CREB3L3
ENSG00000185015.8|5597|CA13|protein_coding	CA13
ENSG00000105821.15|6706|DNAJC2|protein_coding	DNAJC2
ENSG00000130158.14|12478|DOCK6|protein_coding	DOCK6
ENSG00000249884.8|1503|RNF103-CHMP3|protein_coding	RNF103-CHMP3
ENSG00000138378.19|4606|STAT4|protein_coding	STAT4
ENSG00000197461.13|4151|PDGFA|protein_coding	PDGFA
ENSG00000081791.9|6000|DELE1|protein_coding	DELE1
ENSG00000116698.21|8317|SMG7|protein_coding	SMG7
ENSG00000133740.11|5999|E2F5|protein_coding	E2F5
ENSG00000239779.7|2367|WBP1|protein_coding	WBP1
ENSG00000167220.12|4679|HDHD2|protein_coding	HDHD2
ENSG00000014914.21|4572|MTMR11|protein_coding	MTMR11
ENSG00000138814.17|5213|PPP3CA|protein_coding	PPP3CA
ENSG00000197956.10|971|S100A6|protein_coding	S100A6
ENSG00000170423.13|3260|KRT78|protein_coding	KRT78
ENSG00000168958.20|6150|MFF|protein_coding	MFF
ENSG00000143207.21|4177|COP1|protein_coding	COP1
ENSG00000106078.19|14349|COBL|protein_coding	COBL
ENSG00000159459.12|9928|UBR1|protein_coding	UBR1
ENSG00000114626.18|6155|ABTB1|protein_coding	ABTB1
ENSG00000139641.13|5285|ESYT1|protein_coding	ESYT1
ENSG00000183655.13|7111|KLHL25|protein_coding	KLHL25
ENSG00000101216.11|4767|GMEB2|protein_coding	GMEB2
ENSG00000156973.14|2824|PDE6D|protein_coding	PDE6D
ENSG00000079313.15|5579|REXO1|protein_coding	REXO1
ENSG00000185477.5|14998|GPRIN3|protein_coding	GPRIN3
ENSG00000141404.17|8165|GNAL|protein_coding	GNAL
ENSG00000172269.20|6440|DPAGT1|protein_coding	DPAGT1
ENSG00000137573.14|9372|SULF1|protein_coding	SULF1
ENSG00000100425.18|5850|BRD1|protein_coding	BRD1
ENSG00000132600.17|9554|PRMT7|protein_coding	PRMT7
ENSG00000108671.11|7083|PSMD11|protein_coding	PSMD11
ENSG00000111846.19|9230|GCNT2|protein_coding	GCNT2
ENSG00000164615.6|7414|CAMLG|protein_coding	CAMLG
ENSG00000267534.4|3643|S1PR2|protein_coding	S1PR2
ENSG00000204104.12|4614|TRAF3IP1|protein_coding	TRAF3IP1
ENSG00000082701.17|17871|GSK3B|protein_coding	GSK3B
ENSG00000197976.12_PAR_Y|4070|AKAP17A|protein_coding	AKAP17A
ENSG00000182093.16|8639|GET1|protein_coding	GET1
ENSG00000197125.3|3971|OR8B8|protein_coding	OR8B8
ENSG00000137747.16|5369|TMPRSS13|protein_coding	TMPRSS13
ENSG00000101670.12|13089|LIPG|protein_coding	LIPG
ENSG00000151746.15|12868|BICD1|protein_coding	BICD1
ENSG00000189306.11|5700|RRP7A|protein_coding	RRP7A
ENSG00000128564.7|2680|VGF|protein_coding	VGF
ENSG00000005001.10|2384|PRSS22|protein_coding	PRSS22
ENSG00000104064.18|5680|GABPB1|protein_coding	GABPB1
ENSG00000113303.12|3924|BTNL8|protein_coding	BTNL8
ENSG00000188389.11|2097|PDCD1|protein_coding	PDCD1
ENSG00000102053.12|7829|ZC3H12B|protein_coding	ZC3H12B
ENSG00000009844.16|7258|VTA1|protein_coding	VTA1
ENSG00000285476.1|4334|RP11-826N14.7|protein_coding	RP11-826N14.7
ENSG00000129518.9|2021|EAPP|protein_coding	EAPP
ENSG00000137225.13|3548|CAPN11|protein_coding	CAPN11
ENSG00000101856.10|1919|PGRMC1|protein_coding	PGRMC1
ENSG00000018699.13|3443|TTC27|protein_coding	TTC27
ENSG00000105223.20|5186|PLD3|protein_coding	PLD3
ENSG00000118939.18|1905|UCHL3|protein_coding	UCHL3
ENSG00000100138.15|2927|SNU13|protein_coding	SNU13
ENSG00000188917.15|4055|TRMT2B|protein_coding	TRMT2B
ENSG00000174886.14|4839|NDUFA11|protein_coding	NDUFA11
ENSG00000121903.15|10444|ZSCAN20|protein_coding	ZSCAN20
ENSG00000215912.12|8814|TTC34|protein_coding	TTC34
ENSG00000105255.11|3113|FSD1|protein_coding	FSD1
ENSG00000096433.11|9870|ITPR3|protein_coding	ITPR3
ENSG00000143258.16|3764|USP21|protein_coding	USP21
ENSG00000095380.11|4931|NANS|protein_coding	NANS
ENSG00000137767.14|2941|SQOR|protein_coding	SQOR
ENSG00000100056.12|6003|ESS2|protein_coding	ESS2
ENSG00000144460.12|5461|NYAP2|protein_coding	NYAP2
ENSG00000288669.1|3987|CTD-3214H19.17|protein_coding	CTD-3214H19.17
ENSG00000140365.16|6650|COMMD4|protein_coding	COMMD4
ENSG00000153317.15|8294|ASAP1|protein_coding	ASAP1
ENSG00000184860.10|11904|SDR42E1|protein_coding	SDR42E1
ENSG00000114948.13|6425|ADAM23|protein_coding	ADAM23
ENSG00000116852.15|12164|KIF21B|protein_coding	KIF21B
ENSG00000115526.11|4499|CHST10|protein_coding	CHST10
ENSG00000105088.9|2463|OLFM2|protein_coding	OLFM2
ENSG00000134255.14|8418|CEPT1|protein_coding	CEPT1
ENSG00000189350.13|10673|TOGARAM2|protein_coding	TOGARAM2
ENSG00000198604.11|7698|BAZ1A|protein_coding	BAZ1A
ENSG00000110169.11|3631|HPX|protein_coding	HPX
ENSG00000128298.18|5825|BAIAP2L2|protein_coding	BAIAP2L2
ENSG00000146094.16|5181|DOK3|protein_coding	DOK3
ENSG00000111752.11|6134|PHC1|protein_coding	PHC1
ENSG00000175073.8|9956|VCPIP1|protein_coding	VCPIP1
ENSG00000157349.17|4455|DDX19B|protein_coding	DDX19B
ENSG00000115808.12|14351|STRN|protein_coding	STRN
ENSG00000196517.13|5249|SLC6A9|protein_coding	SLC6A9
ENSG00000163673.7|5574|DCLK3|protein_coding	DCLK3
ENSG00000180543.5|4441|TSPYL5|protein_coding	TSPYL5
ENSG00000166887.16|8345|VPS39|protein_coding	VPS39
ENSG00000160179.19|6121|ABCG1|protein_coding	ABCG1
ENSG00000006451.8|3579|RALA|protein_coding	RALA
ENSG00000153113.24|13341|CAST|protein_coding	CAST
ENSG00000125826.21|5197|RBCK1|protein_coding	RBCK1
ENSG00000006125.18|7591|AP2B1|protein_coding	AP2B1
ENSG00000243449.7|532|C4orf48|protein_coding	C4orf48
ENSG00000188177.14|11800|ZC3H6|protein_coding	ZC3H6
ENSG00000267618.5|2002|RP5-837J1.3|protein_coding	RP5-837J1.3
ENSG00000181929.13|4166|PRKAG1|protein_coding	PRKAG1
ENSG00000165349.12|2268|SLC7A3|protein_coding	SLC7A3
ENSG00000110931.19|7173|CAMKK2|protein_coding	CAMKK2
ENSG00000187045.19|4232|TMPRSS6|protein_coding	TMPRSS6
ENSG00000115866.11|4752|DARS1|protein_coding	DARS1
ENSG00000162144.10|10572|CYB561A3|protein_coding	CYB561A3
ENSG00000085832.17|7378|EPS15|protein_coding	EPS15
ENSG00000111615.14|10747|KRR1|protein_coding	KRR1
ENSG00000067955.15|4652|CBFB|protein_coding	CBFB
ENSG00000144455.14|6944|SUMF1|protein_coding	SUMF1
ENSG00000162745.11|3430|OLFML2B|protein_coding	OLFML2B
ENSG00000092345.14|3555|DAZL|protein_coding	DAZL
ENSG00000172935.9|2719|MRGPRF|protein_coding	MRGPRF
ENSG00000171574.18|3672|ZNF584|protein_coding	ZNF584
ENSG00000181408.5|3685|UTS2R|protein_coding	UTS2R
ENSG00000121210.16|6393|TMEM131L|protein_coding	TMEM131L
ENSG00000125834.13|6839|STK35|protein_coding	STK35
ENSG00000164398.15|16996|ACSL6|protein_coding	ACSL6
ENSG00000073803.14|12604|MAP3K13|protein_coding	MAP3K13
ENSG00000139645.11|11096|ANKRD52|protein_coding	ANKRD52
ENSG00000288520.1|2700|RP3-402L9.3|protein_coding	RP3-402L9.3
ENSG00000157551.19|10342|KCNJ15|protein_coding	KCNJ15
ENSG00000082556.14|5670|OPRK1|protein_coding	OPRK1
ENSG00000135406.14|3182|PRPH|protein_coding	PRPH
ENSG00000102384.14|6981|CENPI|protein_coding	CENPI
ENSG00000182872.16|3537|RBM10|protein_coding	RBM10
ENSG00000171291.9|5207|ZNF439|protein_coding	ZNF439
ENSG00000174243.10|5427|DDX23|protein_coding	DDX23
ENSG00000170638.10|3155|TRABD|protein_coding	TRABD
ENSG00000253910.3|4813|PCDHGB2|protein_coding	PCDHGB2
ENSG00000203499.12|4984|IQANK1|protein_coding	IQANK1
ENSG00000154153.15|15449|RETREG1|protein_coding	RETREG1
ENSG00000135940.7|1419|COX5B|protein_coding	COX5B
ENSG00000101745.17|12248|ANKRD12|protein_coding	ANKRD12
ENSG00000135299.17|8347|ANKRD6|protein_coding	ANKRD6
ENSG00000101425.14|2484|BPI|protein_coding	BPI
ENSG00000120049.20|3397|KCNIP2|protein_coding	KCNIP2
ENSG00000131771.14|4543|PPP1R1B|protein_coding	PPP1R1B
ENSG00000128165.9|4289|ADM2|protein_coding	ADM2
ENSG00000152684.11|4371|PELO|protein_coding	PELO
ENSG00000165233.18|3082|CARD19|protein_coding	CARD19
ENSG00000205213.14|6355|LGR4|protein_coding	LGR4
ENSG00000213523.12|2821|SRA1|protein_coding	SRA1
ENSG00000129682.16|20737|FGF13|protein_coding	FGF13
ENSG00000083168.11|24143|KAT6A|protein_coding	KAT6A
ENSG00000112159.12|18674|MDN1|protein_coding	MDN1
ENSG00000144468.17|6926|RHBDD1|protein_coding	RHBDD1
ENSG00000184863.11|13132|RBM33|protein_coding	RBM33
ENSG00000198677.12|10424|TTC37|protein_coding	TTC37
ENSG00000187514.17|3381|PTMA|protein_coding	PTMA
ENSG00000111641.12|4687|NOP2|protein_coding	NOP2
ENSG00000153902.14|4532|LGI4|protein_coding	LGI4
ENSG00000092439.16|12380|TRPM7|protein_coding	TRPM7
ENSG00000235173.7|2817|HGH1|protein_coding	HGH1
ENSG00000111877.18|12496|MCM9|protein_coding	MCM9
ENSG00000157426.14|4654|AASDH|protein_coding	AASDH
ENSG00000100170.10|5081|SLC5A1|protein_coding	SLC5A1
ENSG00000166507.19|4654|NDST2|protein_coding	NDST2
ENSG00000165102.15|8934|HGSNAT|protein_coding	HGSNAT
ENSG00000141933.9|3642|TPGS1|protein_coding	TPGS1
ENSG00000102910.14|9953|LONP2|protein_coding	LONP2
ENSG00000154358.23|39568|OBSCN|protein_coding	OBSCN
ENSG00000154813.10|4476|DPH3|protein_coding	DPH3
ENSG00000114904.13|6393|NEK4|protein_coding	NEK4
ENSG00000120675.6|8031|DNAJC15|protein_coding	DNAJC15
ENSG00000100504.17|4546|PYGL|protein_coding	PYGL
ENSG00000102030.16|4616|NAA10|protein_coding	NAA10
ENSG00000164985.15|6744|PSIP1|protein_coding	PSIP1
ENSG00000156345.18|5727|CDK20|protein_coding	CDK20
ENSG00000165059.8|1610|PRKACG|protein_coding	PRKACG
ENSG00000137135.18|6405|ARHGEF39|protein_coding	ARHGEF39
ENSG00000092067.6|1191|CEBPE|protein_coding	CEBPE
ENSG00000156463.18|7209|SH3RF2|protein_coding	SH3RF2
ENSG00000113356.13|4024|POLR3G|protein_coding	POLR3G
ENSG00000100852.13|10888|ARHGAP5|protein_coding	ARHGAP5
ENSG00000114737.16|5056|CISH|protein_coding	CISH
ENSG00000133818.14|3456|RRAS2|protein_coding	RRAS2
ENSG00000187605.16|12943|TET3|protein_coding	TET3
ENSG00000100012.12|3631|SEC14L3|protein_coding	SEC14L3
ENSG00000186442.7|2319|KRT3|protein_coding	KRT3
ENSG00000148290.10|1758|SURF1|protein_coding	SURF1
ENSG00000103353.16|8260|UBFD1|protein_coding	UBFD1
ENSG00000170633.16|4719|RNF34|protein_coding	RNF34
ENSG00000126214.21|19251|KLC1|protein_coding	KLC1
ENSG00000176845.13|2711|METRNL|protein_coding	METRNL
ENSG00000163933.10|5479|RFT1|protein_coding	RFT1
ENSG00000137285.11|4160|TUBB2B|protein_coding	TUBB2B
ENSG00000165156.15|6733|ZHX1|protein_coding	ZHX1
ENSG00000081665.14|9537|ZNF506|protein_coding	ZNF506
ENSG00000136715.19|4373|SAP130|protein_coding	SAP130
ENSG00000004846.17|8796|ABCB5|protein_coding	ABCB5
ENSG00000082684.16|8517|SEMA5B|protein_coding	SEMA5B
ENSG00000163159.14|1780|VPS72|protein_coding	VPS72
ENSG00000254995.4|3859|STX16-NPEPL1|protein_coding	STX16-NPEPL1
ENSG00000095917.14|1583|TPSD1|protein_coding	TPSD1
ENSG00000131183.11|4529|SLC34A1|protein_coding	SLC34A1
ENSG00000176909.12|2286|MAMSTR|protein_coding	MAMSTR
ENSG00000138030.13|3050|KHK|protein_coding	KHK
ENSG00000102780.17|19742|DGKH|protein_coding	DGKH
ENSG00000072952.20|7700|IRAG1|protein_coding	IRAG1
ENSG00000112964.14|6948|GHR|protein_coding	GHR
ENSG00000002746.15|13935|HECW1|protein_coding	HECW1
ENSG00000267855.6|1392|NDUFA7|protein_coding	NDUFA7
ENSG00000128482.16|3652|RNF112|protein_coding	RNF112
ENSG00000241697.5|2575|TMEFF1|protein_coding	TMEFF1
ENSG00000181790.11|7356|ADGRB1|protein_coding	ADGRB1
ENSG00000125508.4|4082|SRMS|protein_coding	SRMS
ENSG00000125170.11|4786|DOK4|protein_coding	DOK4
ENSG00000011028.14|6591|MRC2|protein_coding	MRC2
ENSG00000119778.15|10501|ATAD2B|protein_coding	ATAD2B
ENSG00000197309.4|3774|OR10D3|protein_coding	OR10D3
ENSG00000108039.18|6691|XPNPEP1|protein_coding	XPNPEP1
ENSG00000198682.13|4083|PAPSS2|protein_coding	PAPSS2
ENSG00000067445.21|6716|TRO|protein_coding	TRO
ENSG00000197768.10|1611|STPG3|protein_coding	STPG3
ENSG00000087157.19|5058|PGS1|protein_coding	PGS1
ENSG00000125734.15|3213|GPR108|protein_coding	GPR108
ENSG00000188089.13|5823|PLA2G4E|protein_coding	PLA2G4E
ENSG00000136286.16|8717|MYO1G|protein_coding	MYO1G
ENSG00000147689.16|6317|FAM83A|protein_coding	FAM83A
ENSG00000215704.10|1449|CELA2B|protein_coding	CELA2B
ENSG00000116539.14|13783|ASH1L|protein_coding	ASH1L
ENSG00000105146.13|1948|AURKC|protein_coding	AURKC
ENSG00000115464.15|18443|USP34|protein_coding	USP34
ENSG00000118058.23|31279|KMT2A|protein_coding	KMT2A
ENSG00000105443.15|9333|CYTH2|protein_coding	CYTH2
ENSG00000110237.5|9921|ARHGEF17|protein_coding	ARHGEF17
ENSG00000182118.8|2402|FAM89A|protein_coding	FAM89A
ENSG00000261796.1|4868|ISY1-RAB43|protein_coding	ISY1-RAB43
ENSG00000140943.17|10274|MBTPS1|protein_coding	MBTPS1
ENSG00000159445.13|6937|THEM4|protein_coding	THEM4
ENSG00000135837.16|14261|CEP350|protein_coding	CEP350
ENSG00000141699.11|5145|RETREG3|protein_coding	RETREG3
ENSG00000129083.13|5098|COPB1|protein_coding	COPB1
ENSG00000133816.18|20192|MICAL2|protein_coding	MICAL2
ENSG00000127585.12|3968|FBXL16|protein_coding	FBXL16
ENSG00000171492.14|4852|LRRC8D|protein_coding	LRRC8D
ENSG00000102189.17|10150|EEA1|protein_coding	EEA1
ENSG00000221978.12|6857|CCNL2|protein_coding	CCNL2
ENSG00000058673.17|12829|ZC3H11A|protein_coding	ZC3H11A
ENSG00000103723.17|14432|AP3B2|protein_coding	AP3B2
ENSG00000187010.21|3313|RHD|protein_coding	RHD
ENSG00000160062.15|7077|ZBTB8A|protein_coding	ZBTB8A
ENSG00000106012.18|9239|IQCE|protein_coding	IQCE
ENSG00000086967.10|3719|MYBPC2|protein_coding	MYBPC2
ENSG00000121905.10|1964|HPCA|protein_coding	HPCA
ENSG00000145506.14|2912|NKD2|protein_coding	NKD2
ENSG00000156735.11|4809|BAG4|protein_coding	BAG4
ENSG00000139746.16|10122|RBM26|protein_coding	RBM26
ENSG00000150779.12|1166|TIMM8B|protein_coding	TIMM8B
ENSG00000188283.12|8419|ZNF383|protein_coding	ZNF383
ENSG00000102900.13|11123|NUP93|protein_coding	NUP93
ENSG00000259956.2|6624|RBM15B|protein_coding	RBM15B
ENSG00000139445.18|3536|FOXN4|protein_coding	FOXN4
ENSG00000182378.15_PAR_Y|6065|PLCXD1|protein_coding	PLCXD1
ENSG00000143226.15|5422|FCGR2A|protein_coding	FCGR2A
ENSG00000143816.8|4005|WNT9A|protein_coding	WNT9A
ENSG00000114742.14|7473|WDR48|protein_coding	WDR48
ENSG00000145348.17|10829|TBCK|protein_coding	TBCK
ENSG00000166860.3|6268|ZBTB39|protein_coding	ZBTB39
ENSG00000114988.12|2709|LMAN2L|protein_coding	LMAN2L
ENSG00000135637.14|5786|CCDC142|protein_coding	CCDC142
ENSG00000166840.13|5440|GLYATL1|protein_coding	GLYATL1
ENSG00000106415.13|6883|GLCCI1|protein_coding	GLCCI1
ENSG00000166435.16|9086|XRRA1|protein_coding	XRRA1
ENSG00000100239.16|5349|PPP6R2|protein_coding	PPP6R2
ENSG00000088726.16|3297|TMEM40|protein_coding	TMEM40
ENSG00000178935.5|2989|ZNF552|protein_coding	ZNF552
ENSG00000174943.11|6458|KCTD13|protein_coding	KCTD13
ENSG00000188779.12|4507|SKOR1|protein_coding	SKOR1
ENSG00000167930.17|6132|FAM234A|protein_coding	FAM234A
ENSG00000228570.8|6588|NUTM2E|protein_coding	NUTM2E
ENSG00000008323.16|4316|PLEKHG6|protein_coding	PLEKHG6
ENSG00000243232.6|6162|PCDHAC2|protein_coding	PCDHAC2
ENSG00000198258.11|1931|UBL5|protein_coding	UBL5
ENSG00000177628.16|3648|GBA|protein_coding	GBA
ENSG00000204822.7|685|MRPL53|protein_coding	MRPL53
ENSG00000188191.15|4491|PRKAR1B|protein_coding	PRKAR1B
ENSG00000033627.17|10926|ATP6V0A1|protein_coding	ATP6V0A1
ENSG00000164794.9|6912|KCNV1|protein_coding	KCNV1
ENSG00000198670.12|6436|LPA|protein_coding	LPA
ENSG00000143314.12|1695|MRPL24|protein_coding	MRPL24
ENSG00000146409.12|2844|SLC18B1|protein_coding	SLC18B1
ENSG00000048140.18|5215|TSPAN17|protein_coding	TSPAN17
ENSG00000158710.15|2262|TAGLN2|protein_coding	TAGLN2
ENSG00000285000.1|2348|CTC-564N23.6|protein_coding	CTC-564N23.6
ENSG00000116981.4|9068|NT5C1A|protein_coding	NT5C1A
ENSG00000107951.15|8341|MTPAP|protein_coding	MTPAP
ENSG00000119537.18|9031|KDSR|protein_coding	KDSR
ENSG00000196663.16|9402|TECPR2|protein_coding	TECPR2
ENSG00000122870.12|6835|BICC1|protein_coding	BICC1
ENSG00000173581.8|2709|CCDC106|protein_coding	CCDC106
ENSG00000168615.13|17704|ADAM9|protein_coding	ADAM9
ENSG00000181467.5|8402|RAP2B|protein_coding	RAP2B
ENSG00000198838.14|20353|RYR3|protein_coding	RYR3
ENSG00000110063.10|7879|DCPS|protein_coding	DCPS
ENSG00000133026.13|9009|MYH10|protein_coding	MYH10
ENSG00000113712.19|8505|CSNK1A1|protein_coding	CSNK1A1
ENSG00000187866.10|5502|PABIR1|protein_coding	PABIR1
ENSG00000140368.13|4574|PSTPIP1|protein_coding	PSTPIP1
ENSG00000135124.15|8155|P2RX4|protein_coding	P2RX4
ENSG00000185864.17|8025|NPIPB4|protein_coding	NPIPB4
ENSG00000186628.12|6536|FSD2|protein_coding	FSD2
ENSG00000140807.7|17359|NKD1|protein_coding	NKD1
ENSG00000137500.9|6561|CCDC90B|protein_coding	CCDC90B
ENSG00000072042.13|5498|RDH11|protein_coding	RDH11
ENSG00000118600.12|7769|RXYLT1|protein_coding	RXYLT1
ENSG00000170374.6|3386|SP7|protein_coding	SP7
ENSG00000222038.4|3370|POTEJ|protein_coding	POTEJ
ENSG00000184619.8|13509|KRBA2|protein_coding	KRBA2
ENSG00000130177.16|3959|CDC16|protein_coding	CDC16
ENSG00000145451.13|9526|GLRA3|protein_coding	GLRA3
ENSG00000254087.8|6164|LYN|protein_coding	LYN
ENSG00000064225.12|6288|ST3GAL6|protein_coding	ST3GAL6
ENSG00000157916.20|5689|RER1|protein_coding	RER1
ENSG00000108395.14|5482|TRIM37|protein_coding	TRIM37
ENSG00000100767.17|7699|PAPLN|protein_coding	PAPLN
ENSG00000123179.14|1560|EBPL|protein_coding	EBPL
ENSG00000005156.12|12901|LIG3|protein_coding	LIG3
ENSG00000114487.10|3747|MORC1|protein_coding	MORC1
ENSG00000159917.17|5989|ZNF235|protein_coding	ZNF235
ENSG00000185176.13|3303|AQP12B|protein_coding	AQP12B
ENSG00000152049.6|4124|KCNE4|protein_coding	KCNE4
ENSG00000150540.14|4756|HNMT|protein_coding	HNMT
ENSG00000170571.12|5240|EMB|protein_coding	EMB
ENSG00000185627.18|4347|PSMD13|protein_coding	PSMD13
ENSG00000196482.18|10932|ESRRG|protein_coding	ESRRG
ENSG00000117335.20|8711|CD46|protein_coding	CD46
ENSG00000090097.22|3738|PCBP4|protein_coding	PCBP4
ENSG00000133195.11|5583|SLC39A11|protein_coding	SLC39A11
ENSG00000124920.14|10773|MYRF|protein_coding	MYRF
ENSG00000133055.9|1818|MYBPH|protein_coding	MYBPH
ENSG00000188690.15|9505|UROS|protein_coding	UROS
ENSG00000197114.12|3331|ZGPAT|protein_coding	ZGPAT
ENSG00000007047.15|6656|MARK4|protein_coding	MARK4
ENSG00000132819.17|2697|RBM38|protein_coding	RBM38
ENSG00000100350.15|5519|FOXRED2|protein_coding	FOXRED2
ENSG00000101160.15|19384|CTSZ|protein_coding	CTSZ
ENSG00000115310.18|6644|RTN4|protein_coding	RTN4
ENSG00000196712.18|27130|NF1|protein_coding	NF1
ENSG00000107611.16|13264|CUBN|protein_coding	CUBN
ENSG00000176974.20|7281|SHMT1|protein_coding	SHMT1
ENSG00000155008.15|6496|APOOL|protein_coding	APOOL
ENSG00000109917.11|7058|ZPR1|protein_coding	ZPR1
ENSG00000151116.17|5515|UEVLD|protein_coding	UEVLD
ENSG00000243646.10|4526|IL10RB|protein_coding	IL10RB
ENSG00000179407.3|3645|DNAJB8|protein_coding	DNAJB8
ENSG00000136897.8|3336|MRPL50|protein_coding	MRPL50
ENSG00000169247.14|38112|SH3TC2|protein_coding	SH3TC2
ENSG00000066056.14|6705|TIE1|protein_coding	TIE1
ENSG00000124767.7|2356|GLO1|protein_coding	GLO1
ENSG00000133226.17|7922|SRRM1|protein_coding	SRRM1
ENSG00000105374.10|921|NKG7|protein_coding	NKG7
ENSG00000086712.13|4455|TXLNG|protein_coding	TXLNG
ENSG00000179115.11|2434|FARSA|protein_coding	FARSA
ENSG00000163141.20|3809|BNIPL|protein_coding	BNIPL
ENSG00000176170.14|4416|SPHK1|protein_coding	SPHK1
ENSG00000143727.16|4160|ACP1|protein_coding	ACP1
ENSG00000089916.18|21987|GPATCH2L|protein_coding	GPATCH2L
ENSG00000141252.21|42876|VPS53|protein_coding	VPS53
ENSG00000110171.20|6751|TRIM3|protein_coding	TRIM3
ENSG00000100883.13|8477|SRP54|protein_coding	SRP54
ENSG00000100336.18|4420|APOL4|protein_coding	APOL4
ENSG00000082515.18|5264|MRPL22|protein_coding	MRPL22
ENSG00000106355.10|4695|LSM5|protein_coding	LSM5
ENSG00000126062.4|2107|TMEM115|protein_coding	TMEM115
ENSG00000136560.14|5586|TANK|protein_coding	TANK
ENSG00000273167.1|4157|RP11-307N16.6|protein_coding	RP11-307N16.6
ENSG00000176087.16|4030|SLC35A4|protein_coding	SLC35A4
ENSG00000175727.14|13868|MLXIP|protein_coding	MLXIP
ENSG00000250317.8|1612|SMIM20|protein_coding	SMIM20
ENSG00000161405.17|10129|IKZF3|protein_coding	IKZF3
ENSG00000173597.9|7259|SULT1B1|protein_coding	SULT1B1
ENSG00000153406.14|3427|NMRAL1|protein_coding	NMRAL1
ENSG00000115241.11|3995|PPM1G|protein_coding	PPM1G
ENSG00000047936.11|8890|ROS1|protein_coding	ROS1
ENSG00000110013.13|8079|SIAE|protein_coding	SIAE
ENSG00000180530.11|8497|NRIP1|protein_coding	NRIP1
ENSG00000167186.11|4105|COQ7|protein_coding	COQ7
ENSG00000159322.18|6006|ADPGK|protein_coding	ADPGK
ENSG00000101421.4|1602|CHMP4B|protein_coding	CHMP4B
ENSG00000130762.15|5324|ARHGEF16|protein_coding	ARHGEF16
ENSG00000144063.4|2623|MALL|protein_coding	MALL
ENSG00000280071.4|3094|GATD3B|protein_coding	GATD3B
ENSG00000115041.13|7841|KCNIP3|protein_coding	KCNIP3
ENSG00000103569.10|3235|AQP9|protein_coding	AQP9
ENSG00000145050.19|2139|MANF|protein_coding	MANF
ENSG00000136153.20|14367|LMO7|protein_coding	LMO7
ENSG00000087302.9|8287|RTRAF|protein_coding	RTRAF
ENSG00000116473.14|5532|RAP1A|protein_coding	RAP1A
ENSG00000266953.6|974|RP11-618P17.4|protein_coding	RP11-618P17.4
ENSG00000100395.15|6374|L3MBTL2|protein_coding	L3MBTL2
ENSG00000101558.14|11866|VAPA|protein_coding	VAPA
ENSG00000196628.20|29166|TCF4|protein_coding	TCF4
ENSG00000135074.16|7704|ADAM19|protein_coding	ADAM19
ENSG00000122859.5|1560|NEUROG3|protein_coding	NEUROG3
ENSG00000140463.14|4148|BBS4|protein_coding	BBS4
ENSG00000141027.21|15404|NCOR1|protein_coding	NCOR1
ENSG00000101098.13|5414|RIMS4|protein_coding	RIMS4
ENSG00000134882.16|4673|UBAC2|protein_coding	UBAC2
ENSG00000106028.11|4975|SSBP1|protein_coding	SSBP1
ENSG00000166133.18|2489|RPUSD2|protein_coding	RPUSD2
ENSG00000115318.12|4519|LOXL3|protein_coding	LOXL3
ENSG00000198919.13|6943|DZIP3|protein_coding	DZIP3
ENSG00000170836.12|5044|PPM1D|protein_coding	PPM1D
ENSG00000184203.8|5123|PPP1R2|protein_coding	PPP1R2
ENSG00000123444.14|3263|KBTBD4|protein_coding	KBTBD4
ENSG00000105810.10|12239|CDK6|protein_coding	CDK6
ENSG00000080293.10|3415|SCTR|protein_coding	SCTR
ENSG00000147576.17|3378|ADHFE1|protein_coding	ADHFE1
ENSG00000174695.10|4865|TMEM167A|protein_coding	TMEM167A
ENSG00000155506.18|8747|LARP1|protein_coding	LARP1
ENSG00000166351.11|6955|POTED|protein_coding	POTED
ENSG00000182264.9|3415|IZUMO1|protein_coding	IZUMO1
ENSG00000198909.8|6109|MAP3K3|protein_coding	MAP3K3
ENSG00000128242.13|3095|GAL3ST1|protein_coding	GAL3ST1
ENSG00000130940.15|11336|CASZ1|protein_coding	CASZ1
ENSG00000136051.15|7694|WASHC4|protein_coding	WASHC4
ENSG00000048544.6|2100|MRPS10|protein_coding	MRPS10
ENSG00000138629.16|1885|UBL7|protein_coding	UBL7
ENSG00000115275.14|3584|MOGS|protein_coding	MOGS
ENSG00000083097.15|10045|DOP1A|protein_coding	DOP1A
ENSG00000204136.12|4318|GGTA1|protein_coding	GGTA1
ENSG00000175294.6|2649|CATSPER1|protein_coding	CATSPER1
ENSG00000100985.7|2336|MMP9|protein_coding	MMP9
ENSG00000071859.15|2552|FAM50A|protein_coding	FAM50A
ENSG00000159374.18|3000|M1AP|protein_coding	M1AP
ENSG00000118246.14|9759|FASTKD2|protein_coding	FASTKD2
ENSG00000172086.9|2028|KRCC1|protein_coding	KRCC1
ENSG00000100664.11|8318|EIF5|protein_coding	EIF5
ENSG00000103194.16|5075|USP10|protein_coding	USP10
ENSG00000005801.18|11711|ZNF195|protein_coding	ZNF195
ENSG00000151834.16|16898|GABRA2|protein_coding	GABRA2
ENSG00000185974.7|4878|GRK1|protein_coding	GRK1
ENSG00000214338.10|4325|SOGA3|protein_coding	SOGA3
ENSG00000143322.21|16689|ABL2|protein_coding	ABL2
ENSG00000198915.12|6219|RASGEF1A|protein_coding	RASGEF1A
ENSG00000182566.14|1719|CLEC4G|protein_coding	CLEC4G
ENSG00000169291.10|8740|SHE|protein_coding	SHE
ENSG00000261611.6|4505|AC010547.9|protein_coding	AC010547.9
ENSG00000125611.15|3759|CHCHD5|protein_coding	CHCHD5
ENSG00000162461.8|3338|SLC25A34|protein_coding	SLC25A34
ENSG00000135686.13|10009|KLHL36|protein_coding	KLHL36
ENSG00000138050.15|3823|THUMPD2|protein_coding	THUMPD2
ENSG00000130695.16|5145|CEP85|protein_coding	CEP85
ENSG00000154447.15|5472|SH3RF1|protein_coding	SH3RF1
ENSG00000141510.18|5676|TP53|protein_coding	TP53
ENSG00000124406.16|11199|ATP8A1|protein_coding	ATP8A1
ENSG00000135046.14|4453|ANXA1|protein_coding	ANXA1
ENSG00000258529.5|3346|RP11-108O10.8|protein_coding	RP11-108O10.8
ENSG00000160131.14|5107|VMA21|protein_coding	VMA21
ENSG00000074966.11|3466|TXK|protein_coding	TXK
ENSG00000086159.13|5129|AQP6|protein_coding	AQP6
ENSG00000197586.13|6673|ENTPD6|protein_coding	ENTPD6
ENSG00000081189.16|11755|MEF2C|protein_coding	MEF2C
ENSG00000185385.5|3757|OR7A17|protein_coding	OR7A17
ENSG00000092607.15|4344|TBX15|protein_coding	TBX15
ENSG00000256349.1|3547|CTD-3074O7.11|protein_coding	CTD-3074O7.11
ENSG00000198298.13|2386|ZNF485|protein_coding	ZNF485
ENSG00000163704.12|3953|PRRT3|protein_coding	PRRT3
ENSG00000187140.6|2562|FOXD3|protein_coding	FOXD3
ENSG00000257315.3|12481|ZBED6|protein_coding	ZBED6
ENSG00000185608.9|1322|MRPL40|protein_coding	MRPL40
ENSG00000114021.12|9226|NIT2|protein_coding	NIT2
ENSG00000119318.13|4613|RAD23B|protein_coding	RAD23B
ENSG00000160886.13|4049|LY6K|protein_coding	LY6K
ENSG00000006788.14|6120|MYH13|protein_coding	MYH13
ENSG00000130165.10|4173|ELOF1|protein_coding	ELOF1
ENSG00000173867.10|3272|RP11-97O12.7|protein_coding	RP11-97O12.7
ENSG00000100842.13|3236|EFS|protein_coding	EFS
ENSG00000021488.13|2598|SLC7A9|protein_coding	SLC7A9
ENSG00000134909.19|12968|ARHGAP32|protein_coding	ARHGAP32
ENSG00000092529.25|12774|CAPN3|protein_coding	CAPN3
ENSG00000102763.18|7635|VWA8|protein_coding	VWA8
ENSG00000280789.2|3874|PAGR1|protein_coding	PAGR1
ENSG00000125977.7|2556|EIF2S2|protein_coding	EIF2S2
ENSG00000111652.10|2840|COPS7A|protein_coding	COPS7A
ENSG00000130956.14|4088|HABP4|protein_coding	HABP4
ENSG00000188822.8|5265|CNR2|protein_coding	CNR2
ENSG00000143028.9|4042|SYPL2|protein_coding	SYPL2
ENSG00000105699.17|2916|LSR|protein_coding	LSR
ENSG00000172059.11|4594|KLF11|protein_coding	KLF11
ENSG00000124374.9|6300|PAIP2B|protein_coding	PAIP2B
ENSG00000265241.7|5544|RBM8A|protein_coding	RBM8A
ENSG00000145860.12|4614|RNF145|protein_coding	RNF145
ENSG00000100726.15|4239|TELO2|protein_coding	TELO2
ENSG00000225921.7|2364|NOL7|protein_coding	NOL7
ENSG00000181404.17|2316|WASHC1|protein_coding	WASHC1
ENSG00000185033.14|7006|SEMA4B|protein_coding	SEMA4B
ENSG00000114812.13|7384|VIPR1|protein_coding	VIPR1
ENSG00000090534.20|2705|THPO|protein_coding	THPO
ENSG00000143061.18|7400|IGSF3|protein_coding	IGSF3
ENSG00000130844.19|8686|ZNF331|protein_coding	ZNF331
ENSG00000006756.16|7026|ARSD|protein_coding	ARSD
ENSG00000103363.15|1111|ELOB|protein_coding	ELOB
ENSG00000117118.10|2324|SDHB|protein_coding	SDHB
ENSG00000167106.12|6573|FAM102A|protein_coding	FAM102A
ENSG00000185158.12|6281|LRRC37B|protein_coding	LRRC37B
ENSG00000162545.6|2605|CAMK2N1|protein_coding	CAMK2N1
ENSG00000160838.14|2649|LRRC71|protein_coding	LRRC71
ENSG00000120071.15|23858|KANSL1|protein_coding	KANSL1
ENSG00000168907.13|6103|PLA2G4F|protein_coding	PLA2G4F
ENSG00000213171.3|2644|LINGO4|protein_coding	LINGO4
ENSG00000133313.15|11822|CNDP2|protein_coding	CNDP2
ENSG00000131238.18|3372|PPT1|protein_coding	PPT1
ENSG00000168653.11|548|NDUFS5|protein_coding	NDUFS5
ENSG00000172175.15|11448|MALT1|protein_coding	MALT1
ENSG00000101346.14|6417|POFUT1|protein_coding	POFUT1
ENSG00000128731.18|20190|HERC2|protein_coding	HERC2
ENSG00000134013.16|5985|LOXL2|protein_coding	LOXL2
ENSG00000153093.20|8169|ACOXL|protein_coding	ACOXL
ENSG00000160961.12|11603|ZNF333|protein_coding	ZNF333
ENSG00000117419.16|2785|ERI3|protein_coding	ERI3
ENSG00000139719.11|7466|VPS33A|protein_coding	VPS33A
ENSG00000080298.16|11169|RFX3|protein_coding	RFX3
ENSG00000232434.2|4387|AJM1|protein_coding	AJM1
ENSG00000126768.12|2562|TIMM17B|protein_coding	TIMM17B
ENSG00000110619.18|10037|CARS1|protein_coding	CARS1
ENSG00000140598.15|4708|EFL1|protein_coding	EFL1
ENSG00000106211.10|1623|HSPB1|protein_coding	HSPB1
ENSG00000151224.13|3664|MAT1A|protein_coding	MAT1A
ENSG00000108960.9|3193|MMD|protein_coding	MMD
ENSG00000182405.6|6604|PGBD4|protein_coding	PGBD4
ENSG00000113068.10|2152|PFDN1|protein_coding	PFDN1
ENSG00000132792.19|4148|CTNNBL1|protein_coding	CTNNBL1
ENSG00000051009.11|4726|FAM160A2|protein_coding	FAM160A2
ENSG00000121022.14|7779|COPS5|protein_coding	COPS5
ENSG00000121644.19|4936|DESI2|protein_coding	DESI2
ENSG00000166069.14|5196|TMCO5A|protein_coding	TMCO5A
ENSG00000150510.17|6700|FAM124A|protein_coding	FAM124A
ENSG00000215186.6|2234|GOLGA6B|protein_coding	GOLGA6B
ENSG00000132297.12|6143|HHLA1|protein_coding	HHLA1
ENSG00000140464.20|12672|PML|protein_coding	PML
ENSG00000130312.7|1523|MRPL34|protein_coding	MRPL34
ENSG00000110328.6|3626|GALNT18|protein_coding	GALNT18
ENSG00000108798.9|2272|ABI3|protein_coding	ABI3
ENSG00000162006.9|2356|MSLNL|protein_coding	MSLNL
ENSG00000142698.15|3339|C1orf94|protein_coding	C1orf94
ENSG00000139219.19|6662|COL2A1|protein_coding	COL2A1
ENSG00000203667.10|4570|COX20|protein_coding	COX20
ENSG00000136810.13|1010|TXN|protein_coding	TXN
ENSG00000104870.13|4052|FCGRT|protein_coding	FCGRT
ENSG00000160216.21|12315|AGPAT3|protein_coding	AGPAT3
ENSG00000141644.18|6734|MBD1|protein_coding	MBD1
ENSG00000103168.17|5577|TAF1C|protein_coding	TAF1C
ENSG00000126856.16|4275|PRDM7|protein_coding	PRDM7
ENSG00000121270.16|8469|ABCC11|protein_coding	ABCC11
ENSG00000197177.16|4357|ADGRA1|protein_coding	ADGRA1
ENSG00000145833.16|9205|DDX46|protein_coding	DDX46
ENSG00000166171.13|1691|DPCD|protein_coding	DPCD
ENSG00000175707.9|1855|KDF1|protein_coding	KDF1
ENSG00000234444.10|11183|ZNF736|protein_coding	ZNF736
ENSG00000167778.9|3463|SPRYD3|protein_coding	SPRYD3
ENSG00000161021.13|5967|MAML1|protein_coding	MAML1
ENSG00000159714.12|3531|ZDHHC1|protein_coding	ZDHHC1
ENSG00000127418.15|4342|FGFRL1|protein_coding	FGFRL1
ENSG00000184752.14|8223|NDUFA12|protein_coding	NDUFA12
ENSG00000120341.18|7377|SEC16B|protein_coding	SEC16B
ENSG00000284024.4|4763|RP11-398C13.8|protein_coding	RP11-398C13.8
ENSG00000154734.16|7303|ADAMTS1|protein_coding	ADAMTS1
ENSG00000188234.14|3461|AGAP4|protein_coding	AGAP4
ENSG00000198393.8|20862|ZNF26|protein_coding	ZNF26
ENSG00000262152.7|6061|LINC00514|protein_coding	LINC00514
ENSG00000007402.12|6508|CACNA2D2|protein_coding	CACNA2D2
ENSG00000136930.13|1788|PSMB7|protein_coding	PSMB7
ENSG00000066336.12|2040|SPI1|protein_coding	SPI1
ENSG00000182040.9|3559|USH1G|protein_coding	USH1G
ENSG00000118898.16|7699|PPL|protein_coding	PPL
ENSG00000147251.16|6804|DOCK11|protein_coding	DOCK11
ENSG00000177380.14|6296|PPFIA3|protein_coding	PPFIA3
ENSG00000144674.16|10737|GOLGA4|protein_coding	GOLGA4
ENSG00000074842.8|1670|MYDGF|protein_coding	MYDGF
ENSG00000198189.11|2332|HSD17B11|protein_coding	HSD17B11
ENSG00000101104.13|5050|PABPC1L|protein_coding	PABPC1L
ENSG00000167123.19|6059|CERCAM|protein_coding	CERCAM
ENSG00000070882.13|8089|OSBPL3|protein_coding	OSBPL3
ENSG00000103507.14|3873|BCKDK|protein_coding	BCKDK
ENSG00000243137.8|6274|PSG4|protein_coding	PSG4
ENSG00000120727.13|3158|PAIP2|protein_coding	PAIP2
ENSG00000186001.14|12639|LRCH3|protein_coding	LRCH3
ENSG00000035115.22|11132|SH3YL1|protein_coding	SH3YL1
ENSG00000130876.11|3111|SLC7A10|protein_coding	SLC7A10
ENSG00000089902.10|6199|RCOR1|protein_coding	RCOR1
ENSG00000152601.18|9989|MBNL1|protein_coding	MBNL1
ENSG00000162736.17|4131|NCSTN|protein_coding	NCSTN
ENSG00000216937.13|9573|CCDC7|protein_coding	CCDC7
ENSG00000177485.7|5313|ZBTB33|protein_coding	ZBTB33
ENSG00000283208.2|6145|RP11-226E21.4|protein_coding	RP11-226E21.4
ENSG00000155974.13|6570|GRIP1|protein_coding	GRIP1
ENSG00000198862.14|8876|LTN1|protein_coding	LTN1
ENSG00000133048.13|3363|CHI3L1|protein_coding	CHI3L1
ENSG00000172943.20|9314|PHF8|protein_coding	PHF8
ENSG00000188725.8|2888|SMIM15|protein_coding	SMIM15
ENSG00000177398.19|7278|UMODL1|protein_coding	UMODL1
ENSG00000134748.13|5617|PRPF38A|protein_coding	PRPF38A
ENSG00000105819.14|6273|PMPCB|protein_coding	PMPCB
ENSG00000111780.8|552|AL021546.6|protein_coding	AL021546.6
ENSG00000204103.4|3389|MAFB|protein_coding	MAFB
ENSG00000280778.1|1095|CH17-270A2.2|protein_coding	CH17-270A2.2
ENSG00000096060.15|10628|FKBP5|protein_coding	FKBP5
ENSG00000179796.12|8920|LRRC3B|protein_coding	LRRC3B
ENSG00000198586.14|9405|TLK1|protein_coding	TLK1
ENSG00000127948.16|6042|POR|protein_coding	POR
ENSG00000161558.11|3523|TMEM143|protein_coding	TMEM143
ENSG00000109065.12|4067|NAT9|protein_coding	NAT9
ENSG00000023909.10|5426|GCLM|protein_coding	GCLM
ENSG00000165475.15|4327|CRYL1|protein_coding	CRYL1
ENSG00000257411.2|489|RP11-603J24.9|protein_coding	RP11-603J24.9
ENSG00000198937.9|572|CCDC167|protein_coding	CCDC167
ENSG00000152223.15|13730|EPG5|protein_coding	EPG5
ENSG00000121764.11|2558|HCRTR1|protein_coding	HCRTR1
ENSG00000075856.12|7637|SART3|protein_coding	SART3
ENSG00000109133.13|8462|TMEM33|protein_coding	TMEM33
ENSG00000171766.17|9260|GATM|protein_coding	GATM
ENSG00000060749.16|10908|QSER1|protein_coding	QSER1
ENSG00000118526.7|3679|TCF21|protein_coding	TCF21
ENSG00000141560.15|2944|FN3KRP|protein_coding	FN3KRP
ENSG00000103047.8|6914|TANGO6|protein_coding	TANGO6
ENSG00000100814.18|3680|CCNB1IP1|protein_coding	CCNB1IP1
ENSG00000113924.12|2682|HGD|protein_coding	HGD
ENSG00000197253.13|1738|TPSB2|protein_coding	TPSB2
ENSG00000183258.12|4177|DDX41|protein_coding	DDX41
ENSG00000121871.4|5274|SLITRK3|protein_coding	SLITRK3
ENSG00000138336.9|9612|TET1|protein_coding	TET1
ENSG00000258466.5|804|RP11-1012A1.4|protein_coding	RP11-1012A1.4
ENSG00000259784.1|596|RP11-20I23.3|protein_coding	RP11-20I23.3
ENSG00000100889.12|4177|PCK2|protein_coding	PCK2
ENSG00000162761.14|4185|LMX1A|protein_coding	LMX1A
ENSG00000160716.6|5882|CHRNB2|protein_coding	CHRNB2
ENSG00000140022.13|7812|STON2|protein_coding	STON2
ENSG00000146433.10|5533|TMEM181|protein_coding	TMEM181
ENSG00000167131.17|3895|CCDC103|protein_coding	CCDC103
ENSG00000140157.16|5331|NIPA2|protein_coding	NIPA2
ENSG00000130881.14|5346|LRP3|protein_coding	LRP3
ENSG00000170248.15|8819|PDCD6IP|protein_coding	PDCD6IP
ENSG00000184436.12|2879|THAP7|protein_coding	THAP7
ENSG00000215454.6|2157|KRTAP10-4|protein_coding	KRTAP10-4
ENSG00000135916.16|2569|ITM2C|protein_coding	ITM2C
ENSG00000196505.11|10487|GDAP2|protein_coding	GDAP2
ENSG00000250366.3|3632|TUNAR|protein_coding	TUNAR
ENSG00000075073.15|2922|TACR2|protein_coding	TACR2
ENSG00000101849.18|13858|TBL1X|protein_coding	TBL1X
ENSG00000129347.21|4254|KRI1|protein_coding	KRI1
ENSG00000128973.13|7344|CLN6|protein_coding	CLN6
ENSG00000116685.16|3281|KIAA2013|protein_coding	KIAA2013
ENSG00000023734.11|2215|STRAP|protein_coding	STRAP
ENSG00000134899.24|11043|ERCC5|protein_coding	ERCC5
ENSG00000152495.11|13614|CAMK4|protein_coding	CAMK4
ENSG00000167191.12|6654|GPRC5B|protein_coding	GPRC5B
ENSG00000177733.7|8713|HNRNPA0|protein_coding	HNRNPA0
ENSG00000185187.13|3496|SIGIRR|protein_coding	SIGIRR
ENSG00000214193.11|8142|SH3D21|protein_coding	SH3D21
ENSG00000254692.1|2740|RP11-468E2.1|protein_coding	RP11-468E2.1
ENSG00000144959.11|4808|NCEH1|protein_coding	NCEH1
ENSG00000167780.12|2073|SOAT2|protein_coding	SOAT2
ENSG00000160050.16|3873|CCDC28B|protein_coding	CCDC28B
ENSG00000130227.17|6918|XPO7|protein_coding	XPO7
ENSG00000090932.11|2618|DLL3|protein_coding	DLL3
ENSG00000103222.20|8736|ABCC1|protein_coding	ABCC1
ENSG00000253797.2|5529|UTP14C|protein_coding	UTP14C
ENSG00000243927.6|4273|MRPS6|protein_coding	MRPS6
ENSG00000180353.11|5093|HCLS1|protein_coding	HCLS1
ENSG00000129465.16|3229|RIPK3|protein_coding	RIPK3
ENSG00000143486.16|8066|EIF2D|protein_coding	EIF2D
ENSG00000102178.13|2575|UBL4A|protein_coding	UBL4A
ENSG00000113108.20|3609|APBB3|protein_coding	APBB3
ENSG00000106399.11|3232|RPA3|protein_coding	RPA3
ENSG00000004897.12|6824|CDC27|protein_coding	CDC27
ENSG00000205838.14|4372|TTC23L|protein_coding	TTC23L
ENSG00000125931.11|1760|CITED1|protein_coding	CITED1
ENSG00000104872.11|3331|PIH1D1|protein_coding	PIH1D1
ENSG00000198055.11|4357|GRK6|protein_coding	GRK6
ENSG00000124422.12|6777|USP22|protein_coding	USP22
ENSG00000164050.13|9768|PLXNB1|protein_coding	PLXNB1
ENSG00000166200.15|7511|COPS2|protein_coding	COPS2
ENSG00000167635.12|4143|ZNF146|protein_coding	ZNF146
ENSG00000185515.15|3185|BRCC3|protein_coding	BRCC3
ENSG00000196873.16|11966|CBWD3|protein_coding	CBWD3
ENSG00000144749.14|7043|LRIG1|protein_coding	LRIG1
ENSG00000121104.8|3800|FAM117A|protein_coding	FAM117A
ENSG00000204272.13|2506|NBDY|protein_coding	NBDY
ENSG00000073536.18|5475|NLE1|protein_coding	NLE1
ENSG00000145781.9|2439|COMMD10|protein_coding	COMMD10
ENSG00000134824.14|10553|FADS2|protein_coding	FADS2
ENSG00000137574.11|4562|TGS1|protein_coding	TGS1
ENSG00000121716.20|5764|PILRB|protein_coding	PILRB
ENSG00000104853.16|5095|CLPTM1|protein_coding	CLPTM1
ENSG00000114520.11|2708|SNX4|protein_coding	SNX4
ENSG00000100867.15|7527|DHRS2|protein_coding	DHRS2
ENSG00000073711.11|7785|PPP2R3A|protein_coding	PPP2R3A
ENSG00000197951.10|6134|ZNF71|protein_coding	ZNF71
ENSG00000172315.6|3185|TP53RK|protein_coding	TP53RK
ENSG00000107821.15|4171|KAZALD1|protein_coding	KAZALD1
ENSG00000127946.17|8955|HIP1|protein_coding	HIP1
ENSG00000185818.8|6056|NAT8L|protein_coding	NAT8L
ENSG00000116678.20|11370|LEPR|protein_coding	LEPR
ENSG00000197275.14|5319|RAD54B|protein_coding	RAD54B
ENSG00000185973.12|5111|TMLHE|protein_coding	TMLHE
ENSG00000002933.9|3477|TMEM176A|protein_coding	TMEM176A
ENSG00000100319.13|3200|ZMAT5|protein_coding	ZMAT5
ENSG00000106244.13|2912|PDAP1|protein_coding	PDAP1
ENSG00000185900.11|12471|POMK|protein_coding	POMK
ENSG00000107290.14|12141|SETX|protein_coding	SETX
ENSG00000169891.18|11336|REPS2|protein_coding	REPS2
ENSG00000167863.12|3231|ATP5PD|protein_coding	ATP5PD
ENSG00000008226.20|8338|DLEC1|protein_coding	DLEC1
ENSG00000147481.17|10600|SNTG1|protein_coding	SNTG1
ENSG00000198589.14|16757|LRBA|protein_coding	LRBA
ENSG00000185019.17|4738|UBOX5|protein_coding	UBOX5
ENSG00000124562.10|1241|SNRPC|protein_coding	SNRPC
ENSG00000119686.10|4910|FLVCR2|protein_coding	FLVCR2
ENSG00000167797.8|2019|CDK2AP2|protein_coding	CDK2AP2
ENSG00000073584.20|18470|SMARCE1|protein_coding	SMARCE1
ENSG00000269307.1|1207|CTD-2278I10.6|protein_coding	CTD-2278I10.6
ENSG00000173421.17|4334|IHO1|protein_coding	IHO1
ENSG00000124557.14|2954|BTN1A1|protein_coding	BTN1A1
ENSG00000106636.9|7683|YKT6|protein_coding	YKT6
ENSG00000104671.8|1961|DCTN6|protein_coding	DCTN6
ENSG00000160753.16|5429|RUSC1|protein_coding	RUSC1
ENSG00000112308.13|2591|C6orf62|protein_coding	C6orf62
ENSG00000154856.13|5937|APCDD1|protein_coding	APCDD1
ENSG00000130475.14|5694|FCHO1|protein_coding	FCHO1
ENSG00000077721.16|5207|UBE2A|protein_coding	UBE2A
ENSG00000283654.3|3229|LMLN2|protein_coding	LMLN2
ENSG00000143195.13|13946|ILDR2|protein_coding	ILDR2
ENSG00000111775.3|1339|COX6A1|protein_coding	COX6A1
ENSG00000176597.12|8125|B3GNT5|protein_coding	B3GNT5
ENSG00000051825.15|10304|MPHOSPH9|protein_coding	MPHOSPH9
ENSG00000164941.14|7866|INTS8|protein_coding	INTS8
ENSG00000175787.17|5674|ZNF169|protein_coding	ZNF169
ENSG00000165119.21|5095|HNRNPK|protein_coding	HNRNPK
ENSG00000100567.13|3107|PSMA3|protein_coding	PSMA3
ENSG00000256100.1|559|AP000721.4|protein_coding	AP000721.4
ENSG00000214279.13|8015|SCART1|protein_coding	SCART1
ENSG00000125995.16|702|ROMO1|protein_coding	ROMO1
ENSG00000149260.18|6137|CAPN5|protein_coding	CAPN5
ENSG00000157227.14|4623|MMP14|protein_coding	MMP14
ENSG00000185013.16|3987|NT5C1B|protein_coding	NT5C1B
ENSG00000070367.16|12472|EXOC5|protein_coding	EXOC5
ENSG00000139292.13|5223|LGR5|protein_coding	LGR5
ENSG00000133863.9|11869|TEX15|protein_coding	TEX15
ENSG00000186834.4|3625|HEXIM1|protein_coding	HEXIM1
ENSG00000149150.9|3526|SLC43A1|protein_coding	SLC43A1
ENSG00000100038.20|6638|TOP3B|protein_coding	TOP3B
ENSG00000148908.15|1274|RGS10|protein_coding	RGS10
ENSG00000142959.5|2512|BEST4|protein_coding	BEST4
ENSG00000163281.12|7216|GNPDA2|protein_coding	GNPDA2
ENSG00000104852.15|4684|SNRNP70|protein_coding	SNRNP70
ENSG00000101150.18|4694|TPD52L2|protein_coding	TPD52L2
ENSG00000256235.3|1638|SMIM3|protein_coding	SMIM3
ENSG00000288643.1|759|RP11-95I19.4|protein_coding	RP11-95I19.4
ENSG00000145214.14|4983|DGKQ|protein_coding	DGKQ
ENSG00000177576.12|5747|C18orf32|protein_coding	C18orf32
ENSG00000102393.14|6195|GLA|protein_coding	GLA
ENSG00000156502.14|4281|SUPV3L1|protein_coding	SUPV3L1
ENSG00000134262.13|5847|AP4B1|protein_coding	AP4B1
ENSG00000109667.12|6628|SLC2A9|protein_coding	SLC2A9
ENSG00000149527.18|10809|PLCH2|protein_coding	PLCH2
ENSG00000251349.3|2069|MSANTD3-TMEFF1|protein_coding	MSANTD3-TMEFF1
ENSG00000152457.18|9592|DCLRE1C|protein_coding	DCLRE1C
ENSG00000185024.17|13167|BRF1|protein_coding	BRF1
ENSG00000143294.15|4071|PRCC|protein_coding	PRCC
ENSG00000120549.18|10807|KIAA1217|protein_coding	KIAA1217
ENSG00000187699.10|5997|C2orf88|protein_coding	C2orf88
ENSG00000156795.8|4929|NTAQ1|protein_coding	NTAQ1
ENSG00000036530.9|9358|CYP46A1|protein_coding	CYP46A1
ENSG00000121446.20|9063|RGSL1|protein_coding	RGSL1
ENSG00000067182.8|4005|TNFRSF1A|protein_coding	TNFRSF1A
ENSG00000106948.17|10601|AKNA|protein_coding	AKNA
ENSG00000183011.14|1906|NAA38|protein_coding	NAA38
ENSG00000100365.16|2239|NCF4|protein_coding	NCF4
ENSG00000114503.11|5111|NCBP2|protein_coding	NCBP2
ENSG00000240771.8|3391|ARHGEF25|protein_coding	ARHGEF25
ENSG00000163913.13|9636|IFT122|protein_coding	IFT122
ENSG00000140623.14|2040|SEPTIN12|protein_coding	SEPTIN12
ENSG00000263956.7|5947|NBPF11|protein_coding	NBPF11
ENSG00000136449.15|6515|MYCBPAP|protein_coding	MYCBPAP
ENSG00000178226.11|3673|PRSS36|protein_coding	PRSS36
ENSG00000137054.16|2499|POLR1E|protein_coding	POLR1E
ENSG00000198721.13|4575|ECI2|protein_coding	ECI2
ENSG00000160233.8|5845|LRRC3|protein_coding	LRRC3
ENSG00000170482.17|3203|SLC23A1|protein_coding	SLC23A1
ENSG00000013306.16|3526|SLC25A39|protein_coding	SLC25A39
ENSG00000170791.18|5877|CHCHD7|protein_coding	CHCHD7
ENSG00000070269.14|8072|TMEM260|protein_coding	TMEM260
ENSG00000197479.7|4170|PCDHB11|protein_coding	PCDHB11
ENSG00000127540.12|2137|UQCR11|protein_coding	UQCR11
ENSG00000104835.15|3098|SARS2|protein_coding	SARS2
ENSG00000146411.6|5572|SLC2A12|protein_coding	SLC2A12
ENSG00000157322.17|6140|CLEC18A|protein_coding	CLEC18A
ENSG00000139926.16|9416|FRMD6|protein_coding	FRMD6
ENSG00000163909.8|4077|HEYL|protein_coding	HEYL
ENSG00000111344.11|4813|RASAL1|protein_coding	RASAL1
ENSG00000006747.15|11626|SCIN|protein_coding	SCIN
ENSG00000180448.11|6237|ARHGAP45|protein_coding	ARHGAP45
ENSG00000196642.19|10178|RABL6|protein_coding	RABL6
ENSG00000114739.14|15705|ACVR2B|protein_coding	ACVR2B
ENSG00000156453.14|5924|PCDH1|protein_coding	PCDH1
ENSG00000143842.15|7420|SOX13|protein_coding	SOX13
ENSG00000161031.13|3107|PGLYRP2|protein_coding	PGLYRP2
ENSG00000167325.15|4233|RRM1|protein_coding	RRM1
ENSG00000177917.11|3868|ARL6IP6|protein_coding	ARL6IP6
ENSG00000106331.17|3002|PAX4|protein_coding	PAX4
ENSG00000286070.2|3147|KB-1995A5.6|protein_coding	KB-1995A5.6
ENSG00000173546.7|8290|CSPG4|protein_coding	CSPG4
ENSG00000085982.14|9355|USP40|protein_coding	USP40
ENSG00000173801.17|4942|JUP|protein_coding	JUP
ENSG00000204175.5|1968|GPRIN2|protein_coding	GPRIN2
ENSG00000119682.18|7805|AREL1|protein_coding	AREL1
ENSG00000136367.14|10242|ZFHX2|protein_coding	ZFHX2
ENSG00000188672.19|2433|RHCE|protein_coding	RHCE
ENSG00000157514.17|4766|TSC22D3|protein_coding	TSC22D3
ENSG00000179921.15|2694|GPBAR1|protein_coding	GPBAR1
ENSG00000175110.13|5382|MRPS22|protein_coding	MRPS22
ENSG00000149328.15|7280|GLB1L2|protein_coding	GLB1L2
ENSG00000143641.10|7712|GALNT2|protein_coding	GALNT2
ENSG00000168517.11|2008|HEXIM2|protein_coding	HEXIM2
ENSG00000132386.11|2990|SERPINF1|protein_coding	SERPINF1
ENSG00000162384.14|4504|CZIB|protein_coding	CZIB
ENSG00000044446.12|8547|PHKA2|protein_coding	PHKA2
ENSG00000106400.12|5013|ZNHIT1|protein_coding	ZNHIT1
ENSG00000160867.15|4810|FGFR4|protein_coding	FGFR4
ENSG00000138134.12|6323|STAMBPL1|protein_coding	STAMBPL1
ENSG00000164091.12|5719|WDR82|protein_coding	WDR82
ENSG00000166562.9|4118|SEC11C|protein_coding	SEC11C
ENSG00000260916.8|8790|CCPG1|protein_coding	CCPG1
ENSG00000288558.2|7268|DUS4L-BCAP29|protein_coding	DUS4L-BCAP29
ENSG00000186017.15|6481|ZNF566|protein_coding	ZNF566
ENSG00000186469.8|6379|GNG2|protein_coding	GNG2
ENSG00000135870.12|11698|RC3H1|protein_coding	RC3H1
ENSG00000196247.12|11319|ZNF107|protein_coding	ZNF107
ENSG00000143473.13|9797|KCNH1|protein_coding	KCNH1
ENSG00000075340.23|12673|ADD2|protein_coding	ADD2
ENSG00000068001.14|4421|HYAL2|protein_coding	HYAL2
ENSG00000104055.16|3707|TGM5|protein_coding	TGM5
ENSG00000283199.3|3833|C13orf46|protein_coding	C13orf46
ENSG00000144136.11|5493|SLC20A1|protein_coding	SLC20A1
ENSG00000112855.17|3719|HARS2|protein_coding	HARS2
ENSG00000174796.12|7127|THAP6|protein_coding	THAP6
ENSG00000153487.13|6093|ING1|protein_coding	ING1
ENSG00000124789.12|6121|NUP153|protein_coding	NUP153
ENSG00000168995.13|2043|SIGLEC7|protein_coding	SIGLEC7
ENSG00000214711.10|3984|CAPN14|protein_coding	CAPN14
ENSG00000204839.9|4204|MROH6|protein_coding	MROH6
ENSG00000140287.11|3895|HDC|protein_coding	HDC
ENSG00000132561.14|6941|MATN2|protein_coding	MATN2
ENSG00000187607.16|6754|ZNF286A|protein_coding	ZNF286A
ENSG00000261678.3|3980|SCRT1|protein_coding	SCRT1
ENSG00000064300.9|4141|NGFR|protein_coding	NGFR
ENSG00000176533.13|4546|GNG7|protein_coding	GNG7
ENSG00000179542.16|9238|SLITRK4|protein_coding	SLITRK4
ENSG00000159450.12|6995|TCHH|protein_coding	TCHH
ENSG00000205209.8|7135|SCGB2B2|protein_coding	SCGB2B2
ENSG00000272647.3|830|GS1-259H13.13|protein_coding	GS1-259H13.13
ENSG00000135924.17|5841|DNAJB2|protein_coding	DNAJB2
ENSG00000155975.10|6424|VPS37A|protein_coding	VPS37A
ENSG00000107331.17|11507|ABCA2|protein_coding	ABCA2
ENSG00000187730.9|5525|GABRD|protein_coding	GABRD
ENSG00000091128.13|7021|LAMB4|protein_coding	LAMB4
ENSG00000132376.20|5173|INPP5K|protein_coding	INPP5K
ENSG00000188186.10|1936|LAMTOR4|protein_coding	LAMTOR4
ENSG00000116752.6|1289|BCAS2|protein_coding	BCAS2
ENSG00000162434.13|12620|JAK1|protein_coding	JAK1
ENSG00000165533.19|6257|TTC8|protein_coding	TTC8
ENSG00000283930.1|3955|PLD5P1|protein_coding	PLD5P1
ENSG00000139133.7|4202|ALG10|protein_coding	ALG10
ENSG00000132141.14|4285|CCT6B|protein_coding	CCT6B
ENSG00000269743.3|6827|SLC25A53|protein_coding	SLC25A53
ENSG00000054277.14|3724|OPN3|protein_coding	OPN3
ENSG00000175946.9|3283|KLHL38|protein_coding	KLHL38
ENSG00000138771.16|13829|SHROOM3|protein_coding	SHROOM3
ENSG00000116035.4|2975|VAX2|protein_coding	VAX2
ENSG00000121073.15|5898|SLC35B1|protein_coding	SLC35B1
ENSG00000100220.12|2941|RTCB|protein_coding	RTCB
ENSG00000104643.10|8404|MTMR9|protein_coding	MTMR9
ENSG00000277791.5|1168|PSMB3|protein_coding	PSMB3
ENSG00000095383.20|3597|TBC1D2|protein_coding	TBC1D2
ENSG00000160570.14|2631|DEDD2|protein_coding	DEDD2
ENSG00000135436.8|4756|FAM186B|protein_coding	FAM186B
ENSG00000115977.21|24843|AAK1|protein_coding	AAK1
ENSG00000181104.7|3972|F2R|protein_coding	F2R
ENSG00000196440.11|13351|ARMCX4|protein_coding	ARMCX4
ENSG00000283632.4|3191|EXOC3L2|protein_coding	EXOC3L2
ENSG00000135473.15|7282|PAN2|protein_coding	PAN2
ENSG00000242114.6|1604|MTFP1|protein_coding	MTFP1
ENSG00000128245.15|2392|YWHAH|protein_coding	YWHAH
ENSG00000174740.8|3450|PABPC5|protein_coding	PABPC5
ENSG00000174226.9|3142|SNX31|protein_coding	SNX31
ENSG00000126259.20|3409|KIRREL2|protein_coding	KIRREL2
ENSG00000107796.13|2976|ACTA2|protein_coding	ACTA2
ENSG00000142615.8|1519|CELA2A|protein_coding	CELA2A
ENSG00000054690.14|10828|PLEKHH1|protein_coding	PLEKHH1
ENSG00000049449.10|4472|RCN1|protein_coding	RCN1
ENSG00000115993.13|7516|TRAK2|protein_coding	TRAK2
ENSG00000112531.17|17364|QKI|protein_coding	QKI
ENSG00000103966.11|7864|EHD4|protein_coding	EHD4
ENSG00000122126.17|6080|OCRL|protein_coding	OCRL
ENSG00000065923.10|9980|SLC9A7|protein_coding	SLC9A7
ENSG00000099949.21|8673|LZTR1|protein_coding	LZTR1
ENSG00000104131.13|3127|EIF3J|protein_coding	EIF3J
ENSG00000115904.14|9649|SOS1|protein_coding	SOS1
ENSG00000145919.11|2386|BOD1|protein_coding	BOD1
ENSG00000159189.12|1332|C1QC|protein_coding	C1QC
ENSG00000151702.17|8026|FLI1|protein_coding	FLI1
ENSG00000163320.12|6549|CGGBP1|protein_coding	CGGBP1
ENSG00000101298.15|5709|SNPH|protein_coding	SNPH
ENSG00000171097.14|3585|KYAT1|protein_coding	KYAT1
ENSG00000139946.10|6240|PELI2|protein_coding	PELI2
ENSG00000105185.12|2132|PDCD5|protein_coding	PDCD5
ENSG00000134245.18|12374|WNT2B|protein_coding	WNT2B
ENSG00000139304.16|12412|PTPRQ|protein_coding	PTPRQ
ENSG00000175193.14|2268|PARL|protein_coding	PARL
ENSG00000135926.15|5093|TMBIM1|protein_coding	TMBIM1
ENSG00000157379.14|4949|DHRS1|protein_coding	DHRS1
ENSG00000234857.2|4001|HNRNPUL2-BSCL2|protein_coding	HNRNPUL2-BSCL2
ENSG00000121440.15|6139|PDZRN3|protein_coding	PDZRN3
ENSG00000167378.9|9871|IRGQ|protein_coding	IRGQ
ENSG00000080561.14|7554|MID2|protein_coding	MID2
ENSG00000105711.14|8200|SCN1B|protein_coding	SCN1B
ENSG00000110786.18|5497|PTPN5|protein_coding	PTPN5
ENSG00000197566.10|5093|ZNF624|protein_coding	ZNF624
ENSG00000008294.21|11966|SPAG9|protein_coding	SPAG9
ENSG00000155744.10|12810|FAM126B|protein_coding	FAM126B
ENSG00000174080.12|4249|CTSF|protein_coding	CTSF
ENSG00000214140.11|5294|PRCD|protein_coding	PRCD
ENSG00000103540.16|10142|CCP110|protein_coding	CCP110
ENSG00000126787.13|3597|DLGAP5|protein_coding	DLGAP5
ENSG00000144161.13|6572|ZC3H8|protein_coding	ZC3H8
ENSG00000157911.11|3782|PEX10|protein_coding	PEX10
ENSG00000171596.7|3221|NMUR1|protein_coding	NMUR1
ENSG00000197841.15|6266|ZNF181|protein_coding	ZNF181
ENSG00000139192.12|3188|TAPBPL|protein_coding	TAPBPL
ENSG00000149295.14|4117|DRD2|protein_coding	DRD2
ENSG00000124120.11|7056|TTPAL|protein_coding	TTPAL
ENSG00000198837.10|7606|DENND4B|protein_coding	DENND4B
ENSG00000172350.10|6231|ABCG4|protein_coding	ABCG4
ENSG00000184220.12|7207|CMSS1|protein_coding	CMSS1
ENSG00000004468.13|6857|CD38|protein_coding	CD38
ENSG00000100242.15|6489|SUN2|protein_coding	SUN2
ENSG00000161513.12|3599|FDXR|protein_coding	FDXR
ENSG00000274322.1|1375|RP11-314N13.10|protein_coding	RP11-314N13.10
ENSG00000172572.7|13308|PDE3A|protein_coding	PDE3A
ENSG00000123066.9|32862|MED13L|protein_coding	MED13L
ENSG00000136045.12|2804|PWP1|protein_coding	PWP1
ENSG00000132382.15|5958|MYBBP1A|protein_coding	MYBBP1A
ENSG00000240505.9|3554|TNFRSF13B|protein_coding	TNFRSF13B
ENSG00000075131.10|2739|TIPIN|protein_coding	TIPIN
ENSG00000172831.14|5343|CES2|protein_coding	CES2
ENSG00000103241.7|3520|FOXF1|protein_coding	FOXF1
ENSG00000158122.12|3098|PRXL2C|protein_coding	PRXL2C
ENSG00000166181.13|4651|API5|protein_coding	API5
ENSG00000105393.16|2581|BABAM1|protein_coding	BABAM1
ENSG00000269437.7|2597|NXF2B|protein_coding	NXF2B
ENSG00000184967.7|2020|NOC4L|protein_coding	NOC4L
ENSG00000101292.8|4521|PROKR2|protein_coding	PROKR2
ENSG00000073921.18|6342|PICALM|protein_coding	PICALM
ENSG00000198077.11|2583|CYP2A7|protein_coding	CYP2A7
ENSG00000101161.8|3047|PRPF6|protein_coding	PRPF6
ENSG00000011201.12|7082|ANOS1|protein_coding	ANOS1
ENSG00000065559.15|5709|MAP2K4|protein_coding	MAP2K4
ENSG00000138380.18|10112|CARF|protein_coding	CARF
ENSG00000213901.11|3601|SLC23A3|protein_coding	SLC23A3
ENSG00000148735.15|5594|PLEKHS1|protein_coding	PLEKHS1
ENSG00000130377.14|3447|ACSBG2|protein_coding	ACSBG2
ENSG00000104907.13|3364|TRMT1|protein_coding	TRMT1
ENSG00000204186.10|10901|ZDBF2|protein_coding	ZDBF2
ENSG00000288611.1|4209|NPBWR1|protein_coding	NPBWR1
ENSG00000165525.18|9044|NEMF|protein_coding	NEMF
ENSG00000132670.21|3911|PTPRA|protein_coding	PTPRA
ENSG00000165572.8|5234|KBTBD6|protein_coding	KBTBD6
ENSG00000114767.7|1542|RRP9|protein_coding	RRP9
ENSG00000070731.11|3002|ST6GALNAC2|protein_coding	ST6GALNAC2
ENSG00000132517.15|3934|SLC52A1|protein_coding	SLC52A1
ENSG00000158428.4|3820|CATIP|protein_coding	CATIP
ENSG00000163191.6|649|S100A11|protein_coding	S100A11
ENSG00000130830.15|5396|MPP1|protein_coding	MPP1
ENSG00000135778.12|15854|NTPCR|protein_coding	NTPCR
ENSG00000104343.21|9091|UBE2W|protein_coding	UBE2W
ENSG00000170606.15|5102|HSPA4|protein_coding	HSPA4
ENSG00000117020.19|16643|AKT3|protein_coding	AKT3
ENSG00000138641.18|6969|HERC3|protein_coding	HERC3
ENSG00000166866.13|4450|MYO1A|protein_coding	MYO1A
ENSG00000183475.13|5338|ASB7|protein_coding	ASB7
ENSG00000184574.10|2771|LPAR5|protein_coding	LPAR5
ENSG00000170234.13|6537|PWWP2A|protein_coding	PWWP2A
ENSG00000063761.16|5293|ADCK1|protein_coding	ADCK1
ENSG00000140396.13|10009|NCOA2|protein_coding	NCOA2
ENSG00000173272.16|4068|MZT2A|protein_coding	MZT2A
ENSG00000164053.22|5431|ATRIP|protein_coding	ATRIP
ENSG00000148700.15|6539|ADD3|protein_coding	ADD3
ENSG00000240038.7|7491|AMY2B|protein_coding	AMY2B
ENSG00000129317.15|14014|PUS7L|protein_coding	PUS7L
ENSG00000124181.14|9648|PLCG1|protein_coding	PLCG1
ENSG00000123505.19|10193|AMD1|protein_coding	AMD1
ENSG00000150433.10|7580|TMEM218|protein_coding	TMEM218
ENSG00000013374.17|5338|NUB1|protein_coding	NUB1
ENSG00000196369.11|7230|SRGAP2B|protein_coding	SRGAP2B
ENSG00000168899.5|790|VAMP5|protein_coding	VAMP5
ENSG00000112773.16|6053|TENT5A|protein_coding	TENT5A
ENSG00000101247.18|7158|NDUFAF5|protein_coding	NDUFAF5
ENSG00000102471.14|4994|NDFIP2|protein_coding	NDFIP2
ENSG00000123453.18|5118|SARDH|protein_coding	SARDH
ENSG00000232258.6|1419|TMEM114|protein_coding	TMEM114
ENSG00000099250.18|11522|NRP1|protein_coding	NRP1
ENSG00000091831.24|13726|ESR1|protein_coding	ESR1
ENSG00000100154.14|12645|TTC28|protein_coding	TTC28
ENSG00000183034.13|3001|OTOP2|protein_coding	OTOP2
ENSG00000132466.19|12042|ANKRD17|protein_coding	ANKRD17
ENSG00000172340.15|3088|SUCLG2|protein_coding	SUCLG2
ENSG00000121413.13|8175|ZSCAN18|protein_coding	ZSCAN18
ENSG00000277258.5|3510|PCGF2|protein_coding	PCGF2
ENSG00000121964.15|14162|GTDC1|protein_coding	GTDC1
ENSG00000184481.17|3790|FOXO4|protein_coding	FOXO4
ENSG00000107872.14|2455|FBXL15|protein_coding	FBXL15
ENSG00000215271.9|5549|HOMEZ|protein_coding	HOMEZ
ENSG00000171634.18|15119|BPTF|protein_coding	BPTF
ENSG00000185551.15|6476|NR2F2|protein_coding	NR2F2
ENSG00000131269.19|5364|ABCB7|protein_coding	ABCB7
ENSG00000169676.6|2376|DRD5|protein_coding	DRD5
ENSG00000204859.13|4510|ZBTB48|protein_coding	ZBTB48
ENSG00000116791.14|4085|CRYZ|protein_coding	CRYZ
ENSG00000104432.14|3392|IL7|protein_coding	IL7
ENSG00000172531.16|4073|PPP1CA|protein_coding	PPP1CA
ENSG00000145907.16|20038|G3BP1|protein_coding	G3BP1
ENSG00000133256.13|5097|PDE6B|protein_coding	PDE6B
ENSG00000140526.18|10068|ABHD2|protein_coding	ABHD2
ENSG00000144481.17|7928|TRPM8|protein_coding	TRPM8
ENSG00000100949.15|3417|RABGGTA|protein_coding	RABGGTA
ENSG00000113205.5|3355|PCDHB3|protein_coding	PCDHB3
ENSG00000166126.11|4289|AMN|protein_coding	AMN
ENSG00000111647.13|6646|UHRF1BP1L|protein_coding	UHRF1BP1L
ENSG00000102753.10|4222|KPNA3|protein_coding	KPNA3
ENSG00000171792.11|2644|RHNO1|protein_coding	RHNO1
ENSG00000254536.2|2881|RP11-108K14.8|protein_coding	RP11-108K14.8
ENSG00000272398.6|3096|CD24|protein_coding	CD24
ENSG00000214113.11|3950|LYRM4|protein_coding	LYRM4
ENSG00000101343.15|4567|CRNKL1|protein_coding	CRNKL1
ENSG00000105171.10|4308|POP4|protein_coding	POP4
ENSG00000167755.15|1976|KLK6|protein_coding	KLK6
ENSG00000285043.3|3318|CTD-2515O10.6|protein_coding	CTD-2515O10.6
ENSG00000181220.17|8403|ZNF746|protein_coding	ZNF746
ENSG00000006062.18|5668|MAP3K14|protein_coding	MAP3K14
ENSG00000072803.18|5577|FBXW11|protein_coding	FBXW11
ENSG00000198746.13|2226|GPATCH3|protein_coding	GPATCH3
ENSG00000173641.18|3193|HSPB7|protein_coding	HSPB7
ENSG00000127993.16|6829|RBM48|protein_coding	RBM48
ENSG00000259132.1|835|RP11-298I3.5|protein_coding	RP11-298I3.5
ENSG00000129951.19|2719|PLPPR3|protein_coding	PLPPR3
ENSG00000155252.13|4189|PI4K2A|protein_coding	PI4K2A
ENSG00000099795.7|535|NDUFB7|protein_coding	NDUFB7
ENSG00000221890.6|5830|NPTXR|protein_coding	NPTXR
ENSG00000069345.12|4951|DNAJA2|protein_coding	DNAJA2
ENSG00000138107.13|4655|ACTR1A|protein_coding	ACTR1A
ENSG00000182952.5|1992|HMGN4|protein_coding	HMGN4
ENSG00000154330.13|7714|PGM5|protein_coding	PGM5
ENSG00000106609.16|5086|TMEM248|protein_coding	TMEM248
ENSG00000002834.18|7061|LASP1|protein_coding	LASP1
ENSG00000062650.20|7205|WAPL|protein_coding	WAPL
ENSG00000164181.14|4461|ELOVL7|protein_coding	ELOVL7
ENSG00000015475.19|4420|BID|protein_coding	BID
ENSG00000166228.9|1395|PCBD1|protein_coding	PCBD1
ENSG00000068831.19|6084|RASGRP2|protein_coding	RASGRP2
ENSG00000163734.4|2219|CXCL3|protein_coding	CXCL3
ENSG00000165240.21|11769|ATP7A|protein_coding	ATP7A
ENSG00000074410.14|6998|CA12|protein_coding	CA12
ENSG00000105131.8|2050|EPHX3|protein_coding	EPHX3
ENSG00000128923.11|9454|MINDY2|protein_coding	MINDY2
ENSG00000120262.10|5432|CCDC170|protein_coding	CCDC170
ENSG00000176018.13|4459|LYSMD3|protein_coding	LYSMD3
ENSG00000250571.7|3057|GLI4|protein_coding	GLI4
ENSG00000131591.18|6322|C1orf159|protein_coding	C1orf159
ENSG00000215712.11|5005|TMEM242|protein_coding	TMEM242
ENSG00000138347.16|6864|MYPN|protein_coding	MYPN
ENSG00000188612.12|3348|SUMO2|protein_coding	SUMO2
ENSG00000165905.18|3151|LARGE2|protein_coding	LARGE2
ENSG00000131725.14|4202|WDR44|protein_coding	WDR44
ENSG00000204264.12|3480|PSMB8|protein_coding	PSMB8
ENSG00000152580.9|9222|IGSF10|protein_coding	IGSF10
ENSG00000103034.14|9647|NDRG4|protein_coding	NDRG4
ENSG00000159884.12|1459|CCDC107|protein_coding	CCDC107
ENSG00000111665.12|4879|CDCA3|protein_coding	CDCA3
ENSG00000135018.14|6867|UBQLN1|protein_coding	UBQLN1
ENSG00000161958.11|5080|FGF11|protein_coding	FGF11
ENSG00000120910.15|2899|PPP3CC|protein_coding	PPP3CC
ENSG00000158006.14|3795|PAFAH2|protein_coding	PAFAH2
ENSG00000154473.18|8175|BUB3|protein_coding	BUB3
ENSG00000069869.17|9036|NEDD4|protein_coding	NEDD4
ENSG00000169727.12|6155|GPS1|protein_coding	GPS1
ENSG00000134278.15|6532|SPIRE1|protein_coding	SPIRE1
ENSG00000168476.12|2266|REEP4|protein_coding	REEP4
ENSG00000140961.14|5558|OSGIN1|protein_coding	OSGIN1
ENSG00000230124.8|7512|ACBD6|protein_coding	ACBD6
ENSG00000136026.14|3666|CKAP4|protein_coding	CKAP4
ENSG00000167615.17|6448|LENG8|protein_coding	LENG8
ENSG00000166189.8|2688|HPS6|protein_coding	HPS6
ENSG00000196504.19|9530|PRPF40A|protein_coding	PRPF40A
ENSG00000102893.16|11822|PHKB|protein_coding	PHKB
ENSG00000116455.14|2685|WDR77|protein_coding	WDR77
ENSG00000042445.14|4049|RETSAT|protein_coding	RETSAT
ENSG00000100299.18|4501|ARSA|protein_coding	ARSA
ENSG00000126838.10|6252|PZP|protein_coding	PZP
ENSG00000149925.22|3829|ALDOA|protein_coding	ALDOA
ENSG00000135392.19|4190|DNAJC14|protein_coding	DNAJC14
ENSG00000028528.15|9789|SNX1|protein_coding	SNX1
ENSG00000108528.14|2471|SLC25A11|protein_coding	SLC25A11
ENSG00000089289.16|1864|IGBP1|protein_coding	IGBP1
ENSG00000268790.5|1184|CTC-429P9.4|protein_coding	CTC-429P9.4
ENSG00000182117.6|507|NOP10|protein_coding	NOP10
ENSG00000112983.18|7009|BRD8|protein_coding	BRD8
ENSG00000213246.7|2079|SUPT4H1|protein_coding	SUPT4H1
ENSG00000126391.14|4069|FRMD8|protein_coding	FRMD8
ENSG00000110172.12|11099|CHORDC1|protein_coding	CHORDC1
ENSG00000118513.19|5500|MYB|protein_coding	MYB
ENSG00000282034.1|11692|RP11-2C24.9|protein_coding	RP11-2C24.9
ENSG00000116604.18|6351|MEF2D|protein_coding	MEF2D
ENSG00000144426.19|26515|NBEAL1|protein_coding	NBEAL1
ENSG00000112365.5|5501|ZBTB24|protein_coding	ZBTB24
ENSG00000103671.10|3103|TRIP4|protein_coding	TRIP4
ENSG00000162174.12|4586|ASRGL1|protein_coding	ASRGL1
ENSG00000187950.8|3958|OVCH1|protein_coding	OVCH1
ENSG00000185739.13|5702|SRL|protein_coding	SRL
ENSG00000106799.13|6822|TGFBR1|protein_coding	TGFBR1
ENSG00000198301.12|3491|SDAD1|protein_coding	SDAD1
ENSG00000004975.12|5321|DVL2|protein_coding	DVL2
ENSG00000174576.10|3428|NPAS4|protein_coding	NPAS4
ENSG00000132535.22|10282|DLG4|protein_coding	DLG4
ENSG00000274049.4|2040|INO80B-WBP1|protein_coding	INO80B-WBP1
ENSG00000119632.4|1602|IFI27L2|protein_coding	IFI27L2
ENSG00000166897.16|8791|ELFN2|protein_coding	ELFN2
ENSG00000182944.18|10326|EWSR1|protein_coding	EWSR1
ENSG00000121236.21|3964|TRIM6|protein_coding	TRIM6
ENSG00000008517.19|3209|IL32|protein_coding	IL32
ENSG00000188938.17|10144|FAM120AOS|protein_coding	FAM120AOS
ENSG00000101464.11|2707|PIGU|protein_coding	PIGU
ENSG00000140691.18|5545|ARMC5|protein_coding	ARMC5
ENSG00000093134.15|6016|VNN3|protein_coding	VNN3
ENSG00000006712.15|2850|PAF1|protein_coding	PAF1
ENSG00000165782.11|3694|PIP4P1|protein_coding	PIP4P1
ENSG00000128274.17|3358|A4GALT|protein_coding	A4GALT
ENSG00000107771.17|8424|CCSER2|protein_coding	CCSER2
ENSG00000002587.10|7435|HS3ST1|protein_coding	HS3ST1
ENSG00000188321.14|6783|ZNF559|protein_coding	ZNF559
ENSG00000186766.8|3264|FOXI2|protein_coding	FOXI2
ENSG00000072310.18|8234|SREBF1|protein_coding	SREBF1
ENSG00000196267.13|4733|ZNF836|protein_coding	ZNF836
ENSG00000147883.12|4000|CDKN2B|protein_coding	CDKN2B
ENSG00000160325.15|3520|CACFD1|protein_coding	CACFD1
ENSG00000130643.9|3010|CALY|protein_coding	CALY
ENSG00000185049.16|5057|NELFA|protein_coding	NELFA
ENSG00000184898.7|4701|RBM43|protein_coding	RBM43
ENSG00000137824.16|5114|RMDN3|protein_coding	RMDN3
ENSG00000114120.14|10339|SLC25A36|protein_coding	SLC25A36
ENSG00000085563.15|6422|ABCB1|protein_coding	ABCB1
ENSG00000150281.7|1644|CTF1|protein_coding	CTF1
ENSG00000148300.12|2654|REXO4|protein_coding	REXO4
ENSG00000145476.16|9767|CYP4V2|protein_coding	CYP4V2
ENSG00000284976.1|1910|RP13-122B23.13|protein_coding	RP13-122B23.13
ENSG00000146109.5|2943|ABT1|protein_coding	ABT1
ENSG00000114062.22|19033|UBE3A|protein_coding	UBE3A
ENSG00000164024.12|4074|METAP1|protein_coding	METAP1
ENSG00000136960.13|6729|ENPP2|protein_coding	ENPP2
ENSG00000100354.21|19998|TNRC6B|protein_coding	TNRC6B
ENSG00000180269.8|4931|GPR139|protein_coding	GPR139
ENSG00000134324.12|11861|LPIN1|protein_coding	LPIN1
ENSG00000214706.12|3620|IFRD2|protein_coding	IFRD2
ENSG00000103510.20|5726|KAT8|protein_coding	KAT8
ENSG00000154370.16|8488|TRIM11|protein_coding	TRIM11
ENSG00000118689.15|7670|FOXO3|protein_coding	FOXO3
ENSG00000225190.11|9233|PLEKHM1|protein_coding	PLEKHM1
ENSG00000257767.3|784|RP11-162P23.2|protein_coding	RP11-162P23.2
ENSG00000119711.13|6682|ALDH6A1|protein_coding	ALDH6A1
ENSG00000105695.15|2960|MAG|protein_coding	MAG
ENSG00000055130.17|4152|CUL1|protein_coding	CUL1
ENSG00000137103.20|16221|TMEM8B|protein_coding	TMEM8B
ENSG00000138069.18|3313|RAB1A|protein_coding	RAB1A
ENSG00000185775.10|4312|SPATA31A6|protein_coding	SPATA31A6
ENSG00000140955.11|4111|ADAD2|protein_coding	ADAD2
ENSG00000168769.14|16474|TET2|protein_coding	TET2
ENSG00000138018.18|8552|SELENOI|protein_coding	SELENOI
ENSG00000163681.16|15296|SLMAP|protein_coding	SLMAP
ENSG00000196653.12|3273|ZNF502|protein_coding	ZNF502
ENSG00000111596.14|13985|CNOT2|protein_coding	CNOT2
ENSG00000152193.8|3507|OBI1|protein_coding	OBI1
ENSG00000164296.7|4127|TIGD6|protein_coding	TIGD6
ENSG00000125037.12|4270|EMC3|protein_coding	EMC3
ENSG00000116209.12|9149|TMEM59|protein_coding	TMEM59
ENSG00000198276.16|3185|UCKL1|protein_coding	UCKL1
ENSG00000186174.13|10788|BCL9L|protein_coding	BCL9L
ENSG00000214026.11|2975|MRPL23|protein_coding	MRPL23
ENSG00000165672.7|3379|PRDX3|protein_coding	PRDX3
ENSG00000117411.18|5472|B4GALT2|protein_coding	B4GALT2
ENSG00000214265.11|1590|RP11-701H24.9|protein_coding	RP11-701H24.9
ENSG00000117713.20|15939|ARID1A|protein_coding	ARID1A
ENSG00000113742.14|10444|CPEB4|protein_coding	CPEB4
ENSG00000241685.10|2065|ARPC1A|protein_coding	ARPC1A
ENSG00000175155.11|8701|YPEL2|protein_coding	YPEL2
ENSG00000171700.14|2028|RGS19|protein_coding	RGS19
ENSG00000278637.2|402|H4C1|protein_coding	H4C1
ENSG00000153208.17|4572|MERTK|protein_coding	MERTK
ENSG00000159173.19|7524|TNNI1|protein_coding	TNNI1
ENSG00000129667.13|7055|RHBDF2|protein_coding	RHBDF2
ENSG00000163104.18|6313|SMARCAD1|protein_coding	SMARCAD1
ENSG00000198464.14|4844|ZNF480|protein_coding	ZNF480
ENSG00000147799.11|4888|ARHGAP39|protein_coding	ARHGAP39
ENSG00000165731.21|8973|RET|protein_coding	RET
ENSG00000123095.6|3854|BHLHE41|protein_coding	BHLHE41
ENSG00000124134.9|5649|KCNS1|protein_coding	KCNS1
ENSG00000152102.18|5435|FAM168B|protein_coding	FAM168B
ENSG00000134308.14|2701|YWHAQ|protein_coding	YWHAQ
ENSG00000137700.18|6186|SLC37A4|protein_coding	SLC37A4
ENSG00000033170.17|6976|FUT8|protein_coding	FUT8
ENSG00000170477.13|2877|KRT4|protein_coding	KRT4
ENSG00000136146.15|2590|MED4|protein_coding	MED4
ENSG00000133131.15|6019|MORC4|protein_coding	MORC4
ENSG00000120913.23|12388|PDLIM2|protein_coding	PDLIM2
ENSG00000128891.16|8648|CCDC32|protein_coding	CCDC32
ENSG00000185298.13|2389|CCDC137|protein_coding	CCDC137
ENSG00000141753.7|2205|IGFBP4|protein_coding	IGFBP4
ENSG00000143546.10|891|S100A8|protein_coding	S100A8
ENSG00000172985.11|5948|SH3RF3|protein_coding	SH3RF3
ENSG00000138185.20|14344|ENTPD1|protein_coding	ENTPD1
ENSG00000070087.14|3709|PFN2|protein_coding	PFN2
ENSG00000160908.15|8611|ZNF394|protein_coding	ZNF394
ENSG00000030304.14|9176|MUSK|protein_coding	MUSK
ENSG00000196781.16|5257|TLE1|protein_coding	TLE1
ENSG00000143552.9|5889|NUP210L|protein_coding	NUP210L
ENSG00000108651.10|6388|UTP6|protein_coding	UTP6
ENSG00000163975.12|8394|MELTF|protein_coding	MELTF
ENSG00000125841.13|2933|NRSN2|protein_coding	NRSN2
ENSG00000115183.15|14915|TANC1|protein_coding	TANC1
ENSG00000161847.14|4979|RAVER1|protein_coding	RAVER1
ENSG00000108219.15|17889|TSPAN14|protein_coding	TSPAN14
ENSG00000024422.12|3844|EHD2|protein_coding	EHD2
ENSG00000132780.17|8304|NASP|protein_coding	NASP
ENSG00000166927.13|4345|MS4A7|protein_coding	MS4A7
ENSG00000130066.17|2482|SAT1|protein_coding	SAT1
ENSG00000176749.9|3948|CDK5R1|protein_coding	CDK5R1
ENSG00000163508.13|3656|EOMES|protein_coding	EOMES
ENSG00000152217.20|14344|SETBP1|protein_coding	SETBP1
ENSG00000165406.16|7516|MARCHF8|protein_coding	MARCHF8
ENSG00000286192.1|5697|RP11-383A19.1|protein_coding	RP11-383A19.1
ENSG00000109103.12|5090|UNC119|protein_coding	UNC119
ENSG00000143119.14|2152|CD53|protein_coding	CD53
ENSG00000143839.15|1749|REN|protein_coding	REN
ENSG00000125384.7|2465|PTGER2|protein_coding	PTGER2
ENSG00000105186.16|7849|ANKRD27|protein_coding	ANKRD27
ENSG00000258461.5|4670|RP11-164J13.1|protein_coding	RP11-164J13.1
ENSG00000165168.8|4375|CYBB|protein_coding	CYBB
ENSG00000129946.11|4162|SHC2|protein_coding	SHC2
ENSG00000147164.12|2595|SNX12|protein_coding	SNX12
ENSG00000153914.16|18240|SREK1|protein_coding	SREK1
ENSG00000067248.10|4896|DHX29|protein_coding	DHX29
ENSG00000143398.20|5405|PIP5K1A|protein_coding	PIP5K1A
ENSG00000183337.18|9965|BCOR|protein_coding	BCOR
ENSG00000012822.16|8898|CALCOCO1|protein_coding	CALCOCO1
ENSG00000145246.14|7978|ATP10D|protein_coding	ATP10D
ENSG00000154493.20|5659|C10orf90|protein_coding	C10orf90
ENSG00000180871.8|3214|CXCR2|protein_coding	CXCR2
ENSG00000117632.23|6247|STMN1|protein_coding	STMN1
ENSG00000095637.23|10951|SORBS1|protein_coding	SORBS1
ENSG00000285508.1|882|RP5-931K24.3|protein_coding	RP5-931K24.3
ENSG00000111678.11|1806|C12orf57|protein_coding	C12orf57
ENSG00000074276.10|5348|CDHR2|protein_coding	CDHR2
ENSG00000135446.17|3094|CDK4|protein_coding	CDK4
ENSG00000132953.17|10497|XPO4|protein_coding	XPO4
ENSG00000163071.11|4975|SPATA18|protein_coding	SPATA18
ENSG00000206557.6|8704|TRIM71|protein_coding	TRIM71
ENSG00000271810.5|1078|RP11-426L16.10|protein_coding	RP11-426L16.10
ENSG00000116127.20|22670|ALMS1|protein_coding	ALMS1
ENSG00000182158.15|8807|CREB3L2|protein_coding	CREB3L2
ENSG00000167515.10|4463|TRAPPC2L|protein_coding	TRAPPC2L
ENSG00000141867.19|13884|BRD4|protein_coding	BRD4
ENSG00000171067.11|3403|C11orf24|protein_coding	C11orf24
ENSG00000133321.11|1300|PLAAT4|protein_coding	PLAAT4
ENSG00000116668.13|4068|SWT1|protein_coding	SWT1
ENSG00000133704.10|6809|IPO8|protein_coding	IPO8
ENSG00000128052.10|6341|KDR|protein_coding	KDR
ENSG00000128159.12|7720|TUBGCP6|protein_coding	TUBGCP6
ENSG00000236320.4|7169|SLFN14|protein_coding	SLFN14
ENSG00000165997.5|7170|ARL5B|protein_coding	ARL5B
ENSG00000046889.19|12132|PREX2|protein_coding	PREX2
ENSG00000168273.8|2481|SMIM4|protein_coding	SMIM4
ENSG00000144815.16|9474|NXPE3|protein_coding	NXPE3
ENSG00000122033.15|1603|MTIF3|protein_coding	MTIF3
ENSG00000087086.15|871|FTL|protein_coding	FTL
ENSG00000105270.15|3765|CLIP3|protein_coding	CLIP3
ENSG00000099960.13|2450|SLC7A4|protein_coding	SLC7A4
ENSG00000102904.15|3852|TSNAXIP1|protein_coding	TSNAXIP1
ENSG00000115232.14|10654|ITGA4|protein_coding	ITGA4
ENSG00000168539.4|3250|CHRM1|protein_coding	CHRM1
ENSG00000109113.20|3303|RAB34|protein_coding	RAB34
ENSG00000184313.20|9088|MROH7|protein_coding	MROH7
ENSG00000144671.11|3659|SLC22A14|protein_coding	SLC22A14
ENSG00000134202.11|4750|GSTM3|protein_coding	GSTM3
ENSG00000015479.20|12064|MATR3|protein_coding	MATR3
ENSG00000100320.23|10413|RBFOX2|protein_coding	RBFOX2
ENSG00000130595.19|2717|TNNT3|protein_coding	TNNT3
ENSG00000214756.8|3185|CSKMT|protein_coding	CSKMT
ENSG00000188042.8|4041|ARL4C|protein_coding	ARL4C
ENSG00000101079.21|3260|NDRG3|protein_coding	NDRG3
ENSG00000125843.11|5491|AP5S1|protein_coding	AP5S1
ENSG00000155495.9|4256|MAGEC1|protein_coding	MAGEC1
ENSG00000164944.12|10775|VIRMA|protein_coding	VIRMA
ENSG00000172590.18|3213|MRPL52|protein_coding	MRPL52
ENSG00000174358.16|5270|SLC6A19|protein_coding	SLC6A19
ENSG00000183621.15|4267|ZNF438|protein_coding	ZNF438
ENSG00000168484.13|3188|SFTPC|protein_coding	SFTPC
ENSG00000078237.7|9444|TIGAR|protein_coding	TIGAR
ENSG00000136052.10|5903|SLC41A2|protein_coding	SLC41A2
ENSG00000107438.9|2227|PDLIM1|protein_coding	PDLIM1
ENSG00000171680.23|6935|PLEKHG5|protein_coding	PLEKHG5
ENSG00000097033.14|6881|SH3GLB1|protein_coding	SH3GLB1
ENSG00000118276.12|5165|B4GALT6|protein_coding	B4GALT6
ENSG00000175567.11|2768|UCP2|protein_coding	UCP2
ENSG00000198408.14|7247|OGA|protein_coding	OGA
ENSG00000144230.17|2671|GPR17|protein_coding	GPR17
ENSG00000153561.13|6686|RMND5A|protein_coding	RMND5A
ENSG00000118680.14|1738|MYL12B|protein_coding	MYL12B
ENSG00000164061.5|16241|BSN|protein_coding	BSN
ENSG00000146054.18|7338|TRIM7|protein_coding	TRIM7
ENSG00000167384.11|4783|ZNF180|protein_coding	ZNF180
ENSG00000131845.15|4645|ZNF304|protein_coding	ZNF304
ENSG00000110047.18|7084|EHD1|protein_coding	EHD1
ENSG00000196376.11|5117|SLC35F1|protein_coding	SLC35F1
ENSG00000169627.9|1367|BOLA2B|protein_coding	BOLA2B
ENSG00000131143.10|4816|COX4I1|protein_coding	COX4I1
ENSG00000204611.7|4907|ZNF616|protein_coding	ZNF616
ENSG00000275553.4|1218|ELOA3CP|protein_coding	ELOA3CP
ENSG00000079435.10|5161|LIPE|protein_coding	LIPE
ENSG00000142065.14|7819|ZFP14|protein_coding	ZFP14
ENSG00000164366.4|9642|CCDC127|protein_coding	CCDC127
ENSG00000134987.12|7656|WDR36|protein_coding	WDR36
ENSG00000148704.13|5788|VAX1|protein_coding	VAX1
ENSG00000166669.13|6391|ATF7IP2|protein_coding	ATF7IP2
ENSG00000113749.7|5679|HRH2|protein_coding	HRH2
ENSG00000186866.17|5862|POFUT2|protein_coding	POFUT2
ENSG00000116212.15|2164|LRRC42|protein_coding	LRRC42
ENSG00000154783.12|8099|FGD5|protein_coding	FGD5
ENSG00000215421.10|12190|ZNF407|protein_coding	ZNF407
ENSG00000176731.12|2542|RBIS|protein_coding	RBIS
ENSG00000040933.16|13189|INPP4A|protein_coding	INPP4A
ENSG00000150667.8|3463|FSIP1|protein_coding	FSIP1
ENSG00000198498.10|3406|TMA16|protein_coding	TMA16
ENSG00000069399.15|3094|BCL3|protein_coding	BCL3
ENSG00000102078.16|3009|SLC25A14|protein_coding	SLC25A14
ENSG00000215182.8|17448|MUC5AC|protein_coding	MUC5AC
ENSG00000140107.12|1840|SLC25A47|protein_coding	SLC25A47
ENSG00000163637.13|14738|PRICKLE2|protein_coding	PRICKLE2
ENSG00000221837.6|1286|KRTAP10-9|protein_coding	KRTAP10-9
ENSG00000258830.1|2107|RP11-123K3.4|protein_coding	RP11-123K3.4
ENSG00000174564.13|2443|IL20RB|protein_coding	IL20RB
ENSG00000152894.15|8936|PTPRK|protein_coding	PTPRK
ENSG00000136059.15|6476|VILL|protein_coding	VILL
ENSG00000075790.12|5625|BCAP29|protein_coding	BCAP29
ENSG00000144736.14|5833|SHQ1|protein_coding	SHQ1
ENSG00000167434.10|2418|CA4|protein_coding	CA4
ENSG00000284800.1|4918|RP11-353J17.5|protein_coding	RP11-353J17.5
ENSG00000173812.11|3623|EIF1|protein_coding	EIF1
ENSG00000135953.11|5577|MFSD9|protein_coding	MFSD9
ENSG00000177200.18|16546|CHD9|protein_coding	CHD9
ENSG00000064932.16|6610|SBNO2|protein_coding	SBNO2
ENSG00000180891.13|5666|CUEDC1|protein_coding	CUEDC1
ENSG00000084734.9|3149|GCKR|protein_coding	GCKR
ENSG00000185479.6|2302|KRT6B|protein_coding	KRT6B
ENSG00000176204.14|5444|LRRTM4|protein_coding	LRRTM4
ENSG00000239704.11|3255|CDRT4|protein_coding	CDRT4
ENSG00000197905.10|2275|TEAD4|protein_coding	TEAD4
ENSG00000173542.9|8801|MOB1B|protein_coding	MOB1B
ENSG00000138756.19|9931|BMP2K|protein_coding	BMP2K
ENSG00000228474.6|600|OST4|protein_coding	OST4
ENSG00000156103.16|12108|MMP16|protein_coding	MMP16
ENSG00000198954.9|7344|KIFBP|protein_coding	KIFBP
ENSG00000187726.9|2767|DNAJB13|protein_coding	DNAJB13
ENSG00000084092.7|2218|NOA1|protein_coding	NOA1
ENSG00000136451.9|4913|VEZF1|protein_coding	VEZF1
ENSG00000187735.14|4342|TCEA1|protein_coding	TCEA1
ENSG00000174348.14|4899|PODN|protein_coding	PODN
ENSG00000164466.13|7407|SFXN1|protein_coding	SFXN1
ENSG00000171793.16|11164|CTPS1|protein_coding	CTPS1
ENSG00000159399.10|5918|HK2|protein_coding	HK2
ENSG00000167011.9|3885|NAT16|protein_coding	NAT16
ENSG00000188641.14|7131|DPYD|protein_coding	DPYD
ENSG00000179715.13|2618|PCED1B|protein_coding	PCED1B
ENSG00000132692.19|4765|BCAN|protein_coding	BCAN
ENSG00000179119.15|5899|SPTY2D1|protein_coding	SPTY2D1
ENSG00000186088.16|8950|GSAP|protein_coding	GSAP
ENSG00000132388.13|4586|UBE2G1|protein_coding	UBE2G1
ENSG00000159023.22|19993|EPB41|protein_coding	EPB41
ENSG00000185896.11|5741|LAMP1|protein_coding	LAMP1
ENSG00000183098.11|7122|GPC6|protein_coding	GPC6
ENSG00000105968.19|7003|H2AZ2|protein_coding	H2AZ2
ENSG00000180535.4|3264|BHLHA15|protein_coding	BHLHA15
ENSG00000188687.17|8025|SLC4A5|protein_coding	SLC4A5
ENSG00000164465.19|6819|DCBLD1|protein_coding	DCBLD1
ENSG00000197249.14|4902|SERPINA1|protein_coding	SERPINA1
ENSG00000132846.6|6476|ZBED3|protein_coding	ZBED3
ENSG00000170515.14|3580|PA2G4|protein_coding	PA2G4
ENSG00000187325.5|2735|TAF9B|protein_coding	TAF9B
ENSG00000117616.18|6730|RSRP1|protein_coding	RSRP1
ENSG00000187122.17|9142|SLIT1|protein_coding	SLIT1
ENSG00000129474.16|5885|AJUBA|protein_coding	AJUBA
ENSG00000169976.7|690|SF3B5|protein_coding	SF3B5
ENSG00000151967.18|7645|SCHIP1|protein_coding	SCHIP1
ENSG00000100216.6|2182|TOMM22|protein_coding	TOMM22
ENSG00000162437.14|6070|RAVER2|protein_coding	RAVER2
ENSG00000273213.4|3970|H3-2|protein_coding	H3-2
ENSG00000131095.14|11229|GFAP|protein_coding	GFAP
ENSG00000142507.10|1447|PSMB6|protein_coding	PSMB6
ENSG00000258653.3|3695|RP5-1021I20.4|protein_coding	RP5-1021I20.4
ENSG00000070214.16|12172|SLC44A1|protein_coding	SLC44A1
ENSG00000197892.13|11113|KIF13B|protein_coding	KIF13B
ENSG00000211445.12|3162|GPX3|protein_coding	GPX3
ENSG00000103264.18|6910|FBXO31|protein_coding	FBXO31
ENSG00000038427.16|14678|VCAN|protein_coding	VCAN
ENSG00000087087.20|4858|SRRT|protein_coding	SRRT
ENSG00000078967.13|4715|UBE2D4|protein_coding	UBE2D4
ENSG00000149600.12|2046|COMMD7|protein_coding	COMMD7
ENSG00000228716.7|4411|DHFR|protein_coding	DHFR
ENSG00000149476.16|8126|TKFC|protein_coding	TKFC
ENSG00000172113.10|7258|NME6|protein_coding	NME6
ENSG00000284308.2|3023|C2orf81|protein_coding	C2orf81
ENSG00000100811.14|8557|YY1|protein_coding	YY1
ENSG00000123395.15|3195|ATG101|protein_coding	ATG101
ENSG00000170485.17|12504|NPAS2|protein_coding	NPAS2
ENSG00000124615.20|5174|MOCS1|protein_coding	MOCS1
ENSG00000164938.14|5643|TP53INP1|protein_coding	TP53INP1
ENSG00000196670.14|4197|ZFP62|protein_coding	ZFP62
ENSG00000173575.22|16951|CHD2|protein_coding	CHD2
ENSG00000160161.9|4360|CILP2|protein_coding	CILP2
ENSG00000183751.15|7119|TBL3|protein_coding	TBL3
ENSG00000178175.12|6407|ZNF366|protein_coding	ZNF366
ENSG00000203705.11|3992|TATDN3|protein_coding	TATDN3
ENSG00000070601.10|5913|FRMPD1|protein_coding	FRMPD1
ENSG00000105705.16|5021|SUGP1|protein_coding	SUGP1
ENSG00000168672.4|5734|LRATD2|protein_coding	LRATD2
ENSG00000134109.11|6737|EDEM1|protein_coding	EDEM1
ENSG00000126226.22|6246|PCID2|protein_coding	PCID2
ENSG00000104517.13|13742|UBR5|protein_coding	UBR5
ENSG00000256950.2|1831|RP11-87C12.2|protein_coding	RP11-87C12.2
ENSG00000188878.19|6730|FBF1|protein_coding	FBF1
ENSG00000160213.9|3820|CSTB|protein_coding	CSTB
ENSG00000137198.10|2225|GMPR|protein_coding	GMPR
ENSG00000160410.15|3934|SHKBP1|protein_coding	SHKBP1
ENSG00000110719.10|4375|TCIRG1|protein_coding	TCIRG1
ENSG00000197208.6|2721|SLC22A4|protein_coding	SLC22A4
ENSG00000121741.17|13611|ZMYM2|protein_coding	ZMYM2
ENSG00000108669.16|7754|CYTH1|protein_coding	CYTH1
ENSG00000130347.13|3185|RTN4IP1|protein_coding	RTN4IP1
ENSG00000172469.17|10588|MANEA|protein_coding	MANEA
ENSG00000143845.15|4513|ETNK2|protein_coding	ETNK2
ENSG00000169607.13|5464|CKAP2L|protein_coding	CKAP2L
ENSG00000137474.22|10452|MYO7A|protein_coding	MYO7A
ENSG00000101972.19|8199|STAG2|protein_coding	STAG2
ENSG00000134815.19|5662|DHX34|protein_coding	DHX34
ENSG00000181938.14|5108|GINS3|protein_coding	GINS3
ENSG00000137802.14|10357|MAPKBP1|protein_coding	MAPKBP1
ENSG00000088247.18|5162|KHSRP|protein_coding	KHSRP
ENSG00000101448.14|6238|EPPIN|protein_coding	EPPIN
ENSG00000160058.19|6741|BSDC1|protein_coding	BSDC1
ENSG00000117000.9|6232|RLF|protein_coding	RLF
ENSG00000168646.13|5227|AXIN2|protein_coding	AXIN2
ENSG00000140104.14|5225|CLBA1|protein_coding	CLBA1
ENSG00000166558.11|1991|SLC38A8|protein_coding	SLC38A8
ENSG00000095261.14|4399|PSMD5|protein_coding	PSMD5
ENSG00000198440.9|8060|ZNF583|protein_coding	ZNF583
ENSG00000172602.11|3948|RND1|protein_coding	RND1
ENSG00000168092.14|7084|PAFAH1B2|protein_coding	PAFAH1B2
ENSG00000198668.13|7833|CALM1|protein_coding	CALM1
ENSG00000164252.13|5032|AGGF1|protein_coding	AGGF1
ENSG00000072786.13|8915|STK10|protein_coding	STK10
ENSG00000070190.13|4590|DAPP1|protein_coding	DAPP1
ENSG00000124214.21|4094|STAU1|protein_coding	STAU1
ENSG00000155438.12|2435|NIFK|protein_coding	NIFK
ENSG00000172296.13|8527|SPTLC3|protein_coding	SPTLC3
ENSG00000141384.13|4886|TAF4B|protein_coding	TAF4B
ENSG00000116133.13|6214|DHCR24|protein_coding	DHCR24
ENSG00000064666.15|3640|CNN2|protein_coding	CNN2
ENSG00000185658.14|22595|BRWD1|protein_coding	BRWD1
ENSG00000114686.9|2715|MRPL3|protein_coding	MRPL3
ENSG00000072840.13|7144|EVC|protein_coding	EVC
ENSG00000163832.16|3264|ELP6|protein_coding	ELP6
ENSG00000137819.14|6259|PAQR5|protein_coding	PAQR5
ENSG00000126767.18|3398|ELK1|protein_coding	ELK1
ENSG00000106333.13|3346|PCOLCE|protein_coding	PCOLCE
ENSG00000157978.12|5371|LDLRAP1|protein_coding	LDLRAP1
ENSG00000134545.14|2727|KLRC1|protein_coding	KLRC1
ENSG00000169583.13|969|CLIC3|protein_coding	CLIC3
ENSG00000132749.11|5789|TESMIN|protein_coding	TESMIN
ENSG00000273111.6|2165|LYPD4|protein_coding	LYPD4
ENSG00000286235.1|5862|RP5-967N21.13|protein_coding	RP5-967N21.13
ENSG00000109062.12|2339|SLC9A3R1|protein_coding	SLC9A3R1
ENSG00000262730.1|348|RP11-1099M24.7|protein_coding	RP11-1099M24.7
ENSG00000161677.12|1381|JOSD2|protein_coding	JOSD2
ENSG00000188215.10|6222|DCUN1D3|protein_coding	DCUN1D3
ENSG00000131471.7|4524|AOC3|protein_coding	AOC3
ENSG00000147526.20|12577|TACC1|protein_coding	TACC1
ENSG00000197021.9|2398|EOLA2|protein_coding	EOLA2
ENSG00000181555.21|10245|SETD2|protein_coding	SETD2
ENSG00000139644.13|6186|TMBIM6|protein_coding	TMBIM6
ENSG00000243284.1|1818|VSIG8|protein_coding	VSIG8
ENSG00000170291.15|2768|ELP5|protein_coding	ELP5
ENSG00000112578.10|1937|BYSL|protein_coding	BYSL
ENSG00000215041.10|6170|NEURL4|protein_coding	NEURL4
ENSG00000139187.10|2593|KLRG1|protein_coding	KLRG1
ENSG00000160185.15|3918|UBASH3A|protein_coding	UBASH3A
ENSG00000262481.5|2557|TMEM256-PLSCR3|protein_coding	TMEM256-PLSCR3
ENSG00000163630.11|4042|SYNPR|protein_coding	SYNPR
ENSG00000184014.9|21072|DENND5A|protein_coding	DENND5A
ENSG00000243156.9|22444|MICAL3|protein_coding	MICAL3
ENSG00000162441.12|5459|LZIC|protein_coding	LZIC
ENSG00000147256.12|3071|ARHGAP36|protein_coding	ARHGAP36
ENSG00000235109.8|4957|ZSCAN31|protein_coding	ZSCAN31
ENSG00000124193.16|4894|SRSF6|protein_coding	SRSF6
ENSG00000132781.20|5811|MUTYH|protein_coding	MUTYH
ENSG00000138029.14|4277|HADHB|protein_coding	HADHB
ENSG00000089327.15|2991|FXYD5|protein_coding	FXYD5
ENSG00000114331.15|11096|ACAP2|protein_coding	ACAP2
ENSG00000101825.8|9804|MXRA5|protein_coding	MXRA5
ENSG00000183688.4|3621|RFLNB|protein_coding	RFLNB
ENSG00000173120.15|10381|KDM2A|protein_coding	KDM2A
ENSG00000157625.15|12711|TAB3|protein_coding	TAB3
ENSG00000113361.13|12443|CDH6|protein_coding	CDH6
ENSG00000087088.20|2587|BAX|protein_coding	BAX
ENSG00000033178.13|11408|UBA6|protein_coding	UBA6
ENSG00000198546.15|2289|ZNF511|protein_coding	ZNF511
ENSG00000186448.15|7995|ZNF197|protein_coding	ZNF197
ENSG00000179855.9|4423|GIPC3|protein_coding	GIPC3
ENSG00000141965.5|9540|FEM1A|protein_coding	FEM1A
ENSG00000137497.18|15224|NUMA1|protein_coding	NUMA1
ENSG00000261884.2|5685|CTC-479C5.12|protein_coding	CTC-479C5.12
ENSG00000121064.13|3829|SCPEP1|protein_coding	SCPEP1
ENSG00000196449.4|1848|YRDC|protein_coding	YRDC
ENSG00000075035.10|6740|WSCD2|protein_coding	WSCD2
ENSG00000173041.12|5561|ZNF680|protein_coding	ZNF680
ENSG00000096063.16|6692|SRPK1|protein_coding	SRPK1
ENSG00000144504.15|11477|ANKMY1|protein_coding	ANKMY1
ENSG00000154832.16|3854|CXXC1|protein_coding	CXXC1
ENSG00000205683.12|17947|DPF3|protein_coding	DPF3
ENSG00000187323.12|13135|DCC|protein_coding	DCC
ENSG00000160183.17|4908|TMPRSS3|protein_coding	TMPRSS3
ENSG00000169084.15_PAR_Y|3628|DHRSX|protein_coding	DHRSX
ENSG00000143437.21|6448|ARNT|protein_coding	ARNT
ENSG00000105397.14|6669|TYK2|protein_coding	TYK2
ENSG00000073417.15|8004|PDE8A|protein_coding	PDE8A
ENSG00000165714.11|6522|BORCS5|protein_coding	BORCS5
ENSG00000145734.19|12400|BDP1|protein_coding	BDP1
ENSG00000196557.13|8620|CACNA1H|protein_coding	CACNA1H
ENSG00000135090.14|10532|TAOK3|protein_coding	TAOK3
ENSG00000175054.16|27234|ATR|protein_coding	ATR
ENSG00000010361.14|2953|FUZ|protein_coding	FUZ
ENSG00000169826.8|3765|CSGALNACT2|protein_coding	CSGALNACT2
ENSG00000101695.9|6061|RNF125|protein_coding	RNF125
ENSG00000130558.20|6125|OLFM1|protein_coding	OLFM1
ENSG00000166436.17|11752|TRIM66|protein_coding	TRIM66
ENSG00000072182.13|5250|ASIC4|protein_coding	ASIC4
ENSG00000173559.15|17426|NABP1|protein_coding	NABP1
ENSG00000268089.3|6468|GABRQ|protein_coding	GABRQ
ENSG00000105379.10|6496|ETFB|protein_coding	ETFB
ENSG00000123124.14|6527|WWP1|protein_coding	WWP1
ENSG00000100302.7|3447|RASD2|protein_coding	RASD2
ENSG00000174527.10|4792|MYO1H|protein_coding	MYO1H
ENSG00000135632.12|3364|SMYD5|protein_coding	SMYD5
ENSG00000182400.15|4533|TRAPPC6B|protein_coding	TRAPPC6B
ENSG00000136933.17|3429|RABEPK|protein_coding	RABEPK
ENSG00000176049.16|9203|JAKMIP2|protein_coding	JAKMIP2
ENSG00000127241.18|13122|MASP1|protein_coding	MASP1
ENSG00000158055.16|3905|GRHL3|protein_coding	GRHL3
ENSG00000089060.12|6768|SLC8B1|protein_coding	SLC8B1
ENSG00000078304.19|14289|PPP2R5C|protein_coding	PPP2R5C
ENSG00000169057.24|18999|MECP2|protein_coding	MECP2
ENSG00000184113.10|3429|CLDN5|protein_coding	CLDN5
ENSG00000244274.9|2482|DBNDD2|protein_coding	DBNDD2
ENSG00000115844.11|2971|DLX2|protein_coding	DLX2
ENSG00000269113.4|7524|TRABD2B|protein_coding	TRABD2B
ENSG00000187862.13|3782|TTC24|protein_coding	TTC24
ENSG00000133103.17|8047|COG6|protein_coding	COG6
ENSG00000007312.13|2062|CD79B|protein_coding	CD79B
ENSG00000106305.10|1828|AIMP2|protein_coding	AIMP2
ENSG00000107562.16|6077|CXCL12|protein_coding	CXCL12
ENSG00000178498.16|4087|DTX3|protein_coding	DTX3
ENSG00000171316.12|17020|CHD7|protein_coding	CHD7
ENSG00000270629.6|11985|NBPF14|protein_coding	NBPF14
ENSG00000145431.11|5998|PDGFC|protein_coding	PDGFC
ENSG00000136689.19|3241|IL1RN|protein_coding	IL1RN
ENSG00000142611.17|9767|PRDM16|protein_coding	PRDM16
ENSG00000235961.6|2238|PNMA6A|protein_coding	PNMA6A
ENSG00000164031.17|12970|DNAJB14|protein_coding	DNAJB14
ENSG00000130159.14|2355|ECSIT|protein_coding	ECSIT
ENSG00000102580.15|5590|DNAJC3|protein_coding	DNAJC3
ENSG00000167588.13|3822|GPD1|protein_coding	GPD1
ENSG00000152977.10|6825|ZIC1|protein_coding	ZIC1
ENSG00000213096.11|7609|ZNF254|protein_coding	ZNF254
ENSG00000085449.15|5485|WDFY1|protein_coding	WDFY1
ENSG00000198125.13|2136|MB|protein_coding	MB
ENSG00000132570.15|8324|PCBD2|protein_coding	PCBD2
ENSG00000183305.14|2422|MAGEA2B|protein_coding	MAGEA2B
ENSG00000198967.5|6323|OR10Z1|protein_coding	OR10Z1
ENSG00000119684.16|8358|MLH3|protein_coding	MLH3
ENSG00000139117.14|5120|CPNE8|protein_coding	CPNE8
ENSG00000124164.16|10478|VAPB|protein_coding	VAPB
ENSG00000011198.10|7539|ABHD5|protein_coding	ABHD5
ENSG00000143612.21|2670|C1orf43|protein_coding	C1orf43
ENSG00000167842.16|3157|MIS12|protein_coding	MIS12
ENSG00000183773.16|5260|AIFM3|protein_coding	AIFM3
ENSG00000162551.14|2980|ALPL|protein_coding	ALPL
ENSG00000278311.5|9705|GGNBP2|protein_coding	GGNBP2
ENSG00000170632.14|4575|ARMC10|protein_coding	ARMC10
ENSG00000134014.17|5161|ELP3|protein_coding	ELP3
ENSG00000137491.15|10277|SLCO2B1|protein_coding	SLCO2B1
ENSG00000162757.4|4684|C1orf74|protein_coding	C1orf74
ENSG00000143774.17|4725|GUK1|protein_coding	GUK1
ENSG00000221914.11|8777|PPP2R2A|protein_coding	PPP2R2A
ENSG00000259431.6|2894|THTPA|protein_coding	THTPA
ENSG00000163807.6|5216|KIAA1143|protein_coding	KIAA1143
ENSG00000145242.14|9833|EPHA5|protein_coding	EPHA5
ENSG00000104936.20|8322|DMPK|protein_coding	DMPK
ENSG00000170906.16|2475|NDUFA3|protein_coding	NDUFA3
ENSG00000270106.6|4207|TSNAX-DISC1|protein_coding	TSNAX-DISC1
ENSG00000008196.13|6155|TFAP2B|protein_coding	TFAP2B
ENSG00000138674.17|9297|SEC31A|protein_coding	SEC31A
ENSG00000157119.12|2499|KLHL40|protein_coding	KLHL40
ENSG00000103490.14|1660|PYCARD|protein_coding	PYCARD
ENSG00000114784.4|1889|EIF1B|protein_coding	EIF1B
ENSG00000273173.5|1175|SNURF|protein_coding	SNURF
ENSG00000068400.13|6841|GRIPAP1|protein_coding	GRIPAP1
ENSG00000162571.14|3998|TTLL10|protein_coding	TTLL10
ENSG00000143653.10|2141|SCCPDH|protein_coding	SCCPDH
ENSG00000108950.12|6181|FAM20A|protein_coding	FAM20A
ENSG00000198799.12|12467|LRIG2|protein_coding	LRIG2
ENSG00000147471.12|3427|PLPBP|protein_coding	PLPBP
ENSG00000076344.16|4798|RGS11|protein_coding	RGS11
ENSG00000166508.18|4386|MCM7|protein_coding	MCM7
ENSG00000156265.16|4344|MAP3K7CL|protein_coding	MAP3K7CL
ENSG00000076248.11|2544|UNG|protein_coding	UNG
ENSG00000156398.13|8034|SFXN2|protein_coding	SFXN2
ENSG00000089820.16|5580|ARHGAP4|protein_coding	ARHGAP4
ENSG00000104691.16|4151|UBXN8|protein_coding	UBXN8
ENSG00000116679.16|7873|IVNS1ABP|protein_coding	IVNS1ABP
ENSG00000184007.22|6708|PTP4A2|protein_coding	PTP4A2
ENSG00000108511.10|2604|HOXB6|protein_coding	HOXB6
ENSG00000065320.9|6415|NTN1|protein_coding	NTN1
ENSG00000143850.16|9656|PLEKHA6|protein_coding	PLEKHA6
ENSG00000214960.11|7193|CRPPA|protein_coding	CRPPA
ENSG00000090376.11|9688|IRAK3|protein_coding	IRAK3
ENSG00000265190.7|4955|ANXA8|protein_coding	ANXA8
ENSG00000152234.16|10908|ATP5F1A|protein_coding	ATP5F1A
ENSG00000183513.9|2756|COA5|protein_coding	COA5
ENSG00000198925.12|4724|ATG9A|protein_coding	ATG9A
ENSG00000161638.11|7383|ITGA5|protein_coding	ITGA5
ENSG00000219073.8|1540|CELA3B|protein_coding	CELA3B
ENSG00000145920.15|7020|CPLX2|protein_coding	CPLX2
ENSG00000275793.1|6105|RIMBP3|protein_coding	RIMBP3
ENSG00000166946.14|6655|CCNDBP1|protein_coding	CCNDBP1
ENSG00000198892.7|1911|SHISA4|protein_coding	SHISA4
ENSG00000183597.16|7395|TANGO2|protein_coding	TANGO2
ENSG00000102606.19|11768|ARHGEF7|protein_coding	ARHGEF7
ENSG00000171681.13|13141|ATF7IP|protein_coding	ATF7IP
ENSG00000074201.9|4581|CLNS1A|protein_coding	CLNS1A
ENSG00000131355.15|2837|ADGRE3|protein_coding	ADGRE3
ENSG00000133398.4|1864|MED10|protein_coding	MED10
ENSG00000174130.12|6035|TLR6|protein_coding	TLR6
ENSG00000161692.18|7146|DBF4B|protein_coding	DBF4B
ENSG00000170619.10|2917|COMMD5|protein_coding	COMMD5
ENSG00000133142.18|2511|TCEAL4|protein_coding	TCEAL4
ENSG00000135929.9|2983|CYP27A1|protein_coding	CYP27A1
ENSG00000100023.20|13915|PPIL2|protein_coding	PPIL2
ENSG00000135049.16|4939|AGTPBP1|protein_coding	AGTPBP1
ENSG00000163166.15|4146|IWS1|protein_coding	IWS1
ENSG00000136827.12|3998|TOR1A|protein_coding	TOR1A
ENSG00000154710.18|5501|RABGEF1|protein_coding	RABGEF1
ENSG00000066422.5|7053|ZBTB11|protein_coding	ZBTB11
ENSG00000165568.18|2417|AKR1E2|protein_coding	AKR1E2
ENSG00000144339.12|5856|TMEFF2|protein_coding	TMEFF2
ENSG00000103202.13|3665|NME4|protein_coding	NME4
ENSG00000205765.9|5577|C5orf51|protein_coding	C5orf51
ENSG00000144645.15|12071|OSBPL10|protein_coding	OSBPL10
ENSG00000118004.18|2778|COLEC11|protein_coding	COLEC11
ENSG00000166557.14|19413|TMED3|protein_coding	TMED3
ENSG00000189120.5|4045|SP6|protein_coding	SP6
ENSG00000006015.18|3371|REX1BD|protein_coding	REX1BD
ENSG00000088298.13|1884|EDEM2|protein_coding	EDEM2
ENSG00000144228.9|6499|SPOPL|protein_coding	SPOPL
ENSG00000099991.18|9388|CABIN1|protein_coding	CABIN1
ENSG00000169955.7|3936|ZNF747|protein_coding	ZNF747
ENSG00000094631.21|10602|HDAC6|protein_coding	HDAC6
ENSG00000184363.10|3795|PKP3|protein_coding	PKP3
ENSG00000164506.14|10504|STXBP5|protein_coding	STXBP5
ENSG00000170091.11|3844|NSG2|protein_coding	NSG2
ENSG00000135070.15|3251|ISCA1|protein_coding	ISCA1
ENSG00000167508.12|4717|MVD|protein_coding	MVD
ENSG00000113763.12|4317|UNC5A|protein_coding	UNC5A
ENSG00000196091.15|7455|MYBPC1|protein_coding	MYBPC1
ENSG00000166268.11|3601|MYRFL|protein_coding	MYRFL
ENSG00000153721.19|21579|CNKSR3|protein_coding	CNKSR3
ENSG00000163378.14|5365|EOGT|protein_coding	EOGT
ENSG00000254685.8|5622|FPGT|protein_coding	FPGT
ENSG00000110851.12|4772|PRDM4|protein_coding	PRDM4
ENSG00000118298.12|3296|CA14|protein_coding	CA14
ENSG00000167653.5|1763|PSCA|protein_coding	PSCA
ENSG00000125124.14|16813|BBS2|protein_coding	BBS2
ENSG00000119699.8|5223|TGFB3|protein_coding	TGFB3
ENSG00000107614.22|15453|TRDMT1|protein_coding	TRDMT1
ENSG00000130382.9|4765|MLLT1|protein_coding	MLLT1
ENSG00000163464.8|2459|CXCR1|protein_coding	CXCR1
ENSG00000068878.15|10392|PSME4|protein_coding	PSME4
ENSG00000182218.10|7817|HHIPL1|protein_coding	HHIPL1
ENSG00000130717.13|2684|UCK1|protein_coding	UCK1
ENSG00000153187.20|22512|HNRNPU|protein_coding	HNRNPU
ENSG00000143199.18|6141|ADCY10|protein_coding	ADCY10
ENSG00000196544.8|1836|BORCS6|protein_coding	BORCS6
ENSG00000140264.21|9185|SERF2|protein_coding	SERF2
ENSG00000174456.15|5061|C12orf76|protein_coding	C12orf76
ENSG00000163399.16|7277|ATP1A1|protein_coding	ATP1A1
ENSG00000171204.13|2416|TMEM126B|protein_coding	TMEM126B
ENSG00000119777.20|4909|TMEM214|protein_coding	TMEM214
ENSG00000249624.10|3943|AP000295.9|protein_coding	AP000295.9
ENSG00000139263.12|5875|LRIG3|protein_coding	LRIG3
ENSG00000196357.12|3737|ZNF565|protein_coding	ZNF565
ENSG00000122359.18|8513|ANXA11|protein_coding	ANXA11
ENSG00000160993.4|2299|ALKBH4|protein_coding	ALKBH4
ENSG00000138448.12|8220|ITGAV|protein_coding	ITGAV
ENSG00000182372.10|9403|CLN8|protein_coding	CLN8
ENSG00000152219.5|5408|ARL14EP|protein_coding	ARL14EP
ENSG00000158863.22|8300|FAM160B2|protein_coding	FAM160B2
ENSG00000162897.16|3541|FCAMR|protein_coding	FCAMR
ENSG00000161929.15|4249|SCIMP|protein_coding	SCIMP
ENSG00000170873.19|7777|MTSS1|protein_coding	MTSS1
ENSG00000167775.11|2279|CD320|protein_coding	CD320
ENSG00000125810.10|6681|CD93|protein_coding	CD93
ENSG00000140941.14|5037|MAP1LC3B|protein_coding	MAP1LC3B
ENSG00000169564.7|1727|PCBP1|protein_coding	PCBP1
ENSG00000146701.12|3641|MDH2|protein_coding	MDH2
ENSG00000143621.17|2261|ILF2|protein_coding	ILF2
ENSG00000186288.5|2237|PABPC1L2A|protein_coding	PABPC1L2A
ENSG00000157077.16|7980|ZFYVE9|protein_coding	ZFYVE9
ENSG00000131398.15|6794|KCNC3|protein_coding	KCNC3
ENSG00000082146.13|3177|STRADB|protein_coding	STRADB
ENSG00000170266.16|4335|GLB1|protein_coding	GLB1
ENSG00000138031.15|6456|ADCY3|protein_coding	ADCY3
ENSG00000237452.3|2568|MEIOSIN|protein_coding	MEIOSIN
ENSG00000263620.1|460|RP11-599B13.6|protein_coding	RP11-599B13.6
ENSG00000102230.14|5666|PCYT1B|protein_coding	PCYT1B
ENSG00000166091.21|2910|CMTM5|protein_coding	CMTM5
ENSG00000129071.10|3353|MBD4|protein_coding	MBD4
ENSG00000156299.13|9216|TIAM1|protein_coding	TIAM1
ENSG00000122068.13|7897|FYTTD1|protein_coding	FYTTD1
ENSG00000171365.17|11457|CLCN5|protein_coding	CLCN5
ENSG00000168096.15|7868|ANKS3|protein_coding	ANKS3
ENSG00000171476.22|7753|HOPX|protein_coding	HOPX
ENSG00000135316.19|10452|SYNCRIP|protein_coding	SYNCRIP
ENSG00000163898.10|4097|LIPH|protein_coding	LIPH
ENSG00000010017.13|3618|RANBP9|protein_coding	RANBP9
ENSG00000100146.18|4087|SOX10|protein_coding	SOX10
ENSG00000169683.8|3603|LRRC45|protein_coding	LRRC45
ENSG00000100412.17|11812|ACO2|protein_coding	ACO2
ENSG00000138386.17|4887|NAB1|protein_coding	NAB1
ENSG00000180628.15|8312|PCGF5|protein_coding	PCGF5
ENSG00000006611.17|4904|USH1C|protein_coding	USH1C
ENSG00000147872.10|5011|PLIN2|protein_coding	PLIN2
ENSG00000170298.16|2670|LGALS9B|protein_coding	LGALS9B
ENSG00000007516.14|6109|BAIAP3|protein_coding	BAIAP3
ENSG00000119969.15|10150|HELLS|protein_coding	HELLS
ENSG00000020633.19|4922|RUNX3|protein_coding	RUNX3
ENSG00000132915.11|7417|PDE6A|protein_coding	PDE6A
ENSG00000186115.13|3099|CYP4F2|protein_coding	CYP4F2
ENSG00000058866.15|10975|DGKG|protein_coding	DGKG
ENSG00000181323.8|1018|SPEM1|protein_coding	SPEM1
ENSG00000111785.21|7769|RIC8B|protein_coding	RIC8B
ENSG00000100385.14|4621|IL2RB|protein_coding	IL2RB
ENSG00000149633.12|8068|KIAA1755|protein_coding	KIAA1755
ENSG00000197265.9|2580|GTF2E2|protein_coding	GTF2E2
ENSG00000175544.14|5218|CABP4|protein_coding	CABP4
ENSG00000240563.2|3831|L1TD1|protein_coding	L1TD1
ENSG00000183307.4|5071|TMEM121B|protein_coding	TMEM121B
ENSG00000167468.18|2019|GPX4|protein_coding	GPX4
ENSG00000120992.18|4694|LYPLA1|protein_coding	LYPLA1
ENSG00000206077.14|7690|ZDHHC11B|protein_coding	ZDHHC11B
ENSG00000169925.17|6885|BRD3|protein_coding	BRD3
ENSG00000112695.12|1922|COX7A2|protein_coding	COX7A2
ENSG00000134243.12|9127|SORT1|protein_coding	SORT1
ENSG00000133216.17|12516|EPHB2|protein_coding	EPHB2
ENSG00000106635.8|3230|BCL7B|protein_coding	BCL7B
ENSG00000074356.17|14720|NCBP3|protein_coding	NCBP3
ENSG00000115758.13|2791|ODC1|protein_coding	ODC1
ENSG00000159461.15|5765|AMFR|protein_coding	AMFR
ENSG00000104897.10|2790|SF3A2|protein_coding	SF3A2
ENSG00000156869.14|8624|FRRS1|protein_coding	FRRS1
ENSG00000111711.10|3789|GOLT1B|protein_coding	GOLT1B
ENSG00000147955.18|3123|SIGMAR1|protein_coding	SIGMAR1
ENSG00000014123.10|4539|UFL1|protein_coding	UFL1
ENSG00000099942.13|5342|CRKL|protein_coding	CRKL
ENSG00000105655.19|3150|ISYNA1|protein_coding	ISYNA1
ENSG00000115145.10|6776|STAM2|protein_coding	STAM2
ENSG00000170340.11|2859|B3GNT2|protein_coding	B3GNT2
ENSG00000070886.12|5434|EPHA8|protein_coding	EPHA8
ENSG00000154814.14|6095|OXNAD1|protein_coding	OXNAD1
ENSG00000113971.21|11488|NPHP3|protein_coding	NPHP3
ENSG00000185112.6|3155|FAM43A|protein_coding	FAM43A
ENSG00000188986.9|2540|NELFB|protein_coding	NELFB
ENSG00000115421.13|8479|PAPOLG|protein_coding	PAPOLG
ENSG00000156787.17|8609|TBC1D31|protein_coding	TBC1D31
ENSG00000146731.11|3846|CCT6A|protein_coding	CCT6A
ENSG00000268041.3|2012|ERFL|protein_coding	ERFL
ENSG00000157020.18|5380|SEC13|protein_coding	SEC13
ENSG00000109758.9|2757|HGFAC|protein_coding	HGFAC
ENSG00000043093.15|8307|DCUN1D1|protein_coding	DCUN1D1
ENSG00000139354.11|7425|GAS2L3|protein_coding	GAS2L3
ENSG00000213337.9|5246|ANKRD39|protein_coding	ANKRD39
ENSG00000138942.16|3448|RNF185|protein_coding	RNF185
ENSG00000082213.18|4146|C5orf22|protein_coding	C5orf22
ENSG00000054938.16|3176|CHRDL2|protein_coding	CHRDL2
ENSG00000077147.16|7494|TM9SF3|protein_coding	TM9SF3
ENSG00000083844.10|12532|ZNF264|protein_coding	ZNF264
ENSG00000185532.20|12931|PRKG1|protein_coding	PRKG1
ENSG00000162032.16|3099|SPSB3|protein_coding	SPSB3
ENSG00000067057.18|7728|PFKP|protein_coding	PFKP
ENSG00000177303.10|5777|CASKIN2|protein_coding	CASKIN2
ENSG00000137161.17|1719|CNPY3|protein_coding	CNPY3
ENSG00000130731.16|1830|METTL26|protein_coding	METTL26
ENSG00000131242.18|15326|RAB11FIP4|protein_coding	RAB11FIP4
ENSG00000167216.18|5054|KATNAL2|protein_coding	KATNAL2
ENSG00000165322.18|5944|ARHGAP12|protein_coding	ARHGAP12
ENSG00000110422.12|8164|HIPK3|protein_coding	HIPK3
ENSG00000163125.16|9241|RPRD2|protein_coding	RPRD2
ENSG00000128512.23|11927|DOCK4|protein_coding	DOCK4
ENSG00000169418.10|4952|NPR1|protein_coding	NPR1
ENSG00000179144.5|1214|GIMAP7|protein_coding	GIMAP7
ENSG00000171621.14|3389|SPSB1|protein_coding	SPSB1
ENSG00000144290.17|7550|SLC4A10|protein_coding	SLC4A10
ENSG00000105254.12|3373|TBCB|protein_coding	TBCB
ENSG00000047621.12|4932|C12orf4|protein_coding	C12orf4
ENSG00000100604.13|3024|CHGA|protein_coding	CHGA
ENSG00000180902.18|5256|D2HGDH|protein_coding	D2HGDH
ENSG00000108773.11|3775|KAT2A|protein_coding	KAT2A
ENSG00000251201.8|3728|TMED7-TICAM2|protein_coding	TMED7-TICAM2
ENSG00000185664.15|3671|PMEL|protein_coding	PMEL
ENSG00000125755.19|10532|SYMPK|protein_coding	SYMPK
ENSG00000255302.5|2040|EID1|protein_coding	EID1
ENSG00000049283.18|4503|EPN3|protein_coding	EPN3
ENSG00000113407.14|4257|TARS1|protein_coding	TARS1
ENSG00000260903.3|7695|XKR7|protein_coding	XKR7
ENSG00000112246.10|9272|SIM1|protein_coding	SIM1
ENSG00000152784.16|4589|PRDM8|protein_coding	PRDM8
ENSG00000143776.19|14243|CDC42BPA|protein_coding	CDC42BPA
ENSG00000175931.13|6413|UBE2O|protein_coding	UBE2O
ENSG00000189001.11|1986|SBSN|protein_coding	SBSN
ENSG00000143373.18|6324|ZNF687|protein_coding	ZNF687
ENSG00000170615.15|3407|SLC26A5|protein_coding	SLC26A5
ENSG00000179348.12|4475|GATA2|protein_coding	GATA2
ENSG00000140905.11|3640|GCSH|protein_coding	GCSH
ENSG00000171530.15|3114|TBCA|protein_coding	TBCA
ENSG00000213199.8|2748|ASIC3|protein_coding	ASIC3
ENSG00000160075.12|6919|SSU72|protein_coding	SSU72
ENSG00000109762.16|5069|SNX25|protein_coding	SNX25
ENSG00000136147.18|4835|PHF11|protein_coding	PHF11
ENSG00000177479.20|8017|ARIH2|protein_coding	ARIH2
ENSG00000131746.13|4873|TNS4|protein_coding	TNS4
ENSG00000147509.14|3205|RGS20|protein_coding	RGS20
ENSG00000179299.17|5899|NSUN7|protein_coding	NSUN7
ENSG00000155592.16|7884|ZKSCAN2|protein_coding	ZKSCAN2
ENSG00000197943.10|13375|PLCG2|protein_coding	PLCG2
ENSG00000078081.8|3785|LAMP3|protein_coding	LAMP3
ENSG00000175806.15|4138|MSRA|protein_coding	MSRA
ENSG00000100764.14|6129|PSMC1|protein_coding	PSMC1
ENSG00000154642.11|6228|C21orf91|protein_coding	C21orf91
ENSG00000184470.21|8201|TXNRD2|protein_coding	TXNRD2
ENSG00000186141.9|4690|POLR3C|protein_coding	POLR3C
ENSG00000104957.14|3222|CCDC130|protein_coding	CCDC130
ENSG00000137221.14|6741|TJAP1|protein_coding	TJAP1
ENSG00000128989.11|6836|ARPP19|protein_coding	ARPP19
ENSG00000170832.13|9522|USP32|protein_coding	USP32
ENSG00000162390.18|9770|ACOT11|protein_coding	ACOT11
ENSG00000100592.16|10712|DAAM1|protein_coding	DAAM1
ENSG00000196664.5|5201|TLR7|protein_coding	TLR7
ENSG00000090470.15|3235|PDCD7|protein_coding	PDCD7
ENSG00000120251.21|8941|GRIA2|protein_coding	GRIA2
ENSG00000255292.9|1020|AP002884.2|protein_coding	AP002884.2
ENSG00000275052.5|8217|PPP4R3B|protein_coding	PPP4R3B
ENSG00000114698.15|4231|PLSCR4|protein_coding	PLSCR4
ENSG00000198933.9|4280|TBKBP1|protein_coding	TBKBP1
ENSG00000152213.4|3618|ARL11|protein_coding	ARL11
ENSG00000147813.16|2837|NAPRT|protein_coding	NAPRT
ENSG00000141258.13|9771|SGSM2|protein_coding	SGSM2
ENSG00000008256.16|5808|CYTH3|protein_coding	CYTH3
ENSG00000053702.15|2814|NRIP2|protein_coding	NRIP2
ENSG00000077312.9|2353|SNRPA|protein_coding	SNRPA
ENSG00000198042.11|4416|MAK16|protein_coding	MAK16
ENSG00000175984.15|7413|DENND2C|protein_coding	DENND2C
ENSG00000128789.21|2759|PSMG2|protein_coding	PSMG2
ENSG00000180777.14|6212|ANKRD30B|protein_coding	ANKRD30B
ENSG00000077684.16|9052|JADE1|protein_coding	JADE1
ENSG00000108953.17|3688|YWHAE|protein_coding	YWHAE
ENSG00000162729.14|2592|IGSF8|protein_coding	IGSF8
ENSG00000163945.19|16920|UVSSA|protein_coding	UVSSA
ENSG00000189298.14|4804|ZKSCAN3|protein_coding	ZKSCAN3
ENSG00000116962.15|5811|NID1|protein_coding	NID1
ENSG00000140854.13|4576|KATNB1|protein_coding	KATNB1
ENSG00000156304.15|5977|SCAF4|protein_coding	SCAF4
ENSG00000164087.8|2274|POC1A|protein_coding	POC1A
ENSG00000168806.8|6934|LCMT2|protein_coding	LCMT2
ENSG00000136021.19|7472|SCYL2|protein_coding	SCYL2
ENSG00000278570.5|3244|NR2E3|protein_coding	NR2E3
ENSG00000103245.14|8094|CIAO3|protein_coding	CIAO3
ENSG00000174780.17|6145|SRP72|protein_coding	SRP72
ENSG00000138111.14|3526|MFSD13A|protein_coding	MFSD13A
ENSG00000162645.13|7223|GBP2|protein_coding	GBP2
ENSG00000136436.15|8303|CALCOCO2|protein_coding	CALCOCO2
ENSG00000042286.15|5135|AIFM2|protein_coding	AIFM2
ENSG00000184634.16|7425|MED12|protein_coding	MED12
ENSG00000285762.1|805|CH17-476P10.1|protein_coding	CH17-476P10.1
ENSG00000197779.15|11814|ZNF81|protein_coding	ZNF81
ENSG00000278705.2|1332|H4C2|protein_coding	H4C2
ENSG00000138413.14|4699|IDH1|protein_coding	IDH1
ENSG00000160223.17|9341|ICOSLG|protein_coding	ICOSLG
ENSG00000103742.12|7619|IGDCC4|protein_coding	IGDCC4
ENSG00000188282.12|4357|RUFY4|protein_coding	RUFY4
ENSG00000185963.14|6448|BICD2|protein_coding	BICD2
ENSG00000014641.21|4990|MDH1|protein_coding	MDH1
ENSG00000002822.16|6955|MAD1L1|protein_coding	MAD1L1
ENSG00000176340.4|494|COX8A|protein_coding	COX8A
ENSG00000060138.13|8621|YBX3|protein_coding	YBX3
ENSG00000185905.4|2569|C16orf54|protein_coding	C16orf54
ENSG00000151689.13|3576|INPP1|protein_coding	INPP1
ENSG00000203880.12|5993|PCMTD2|protein_coding	PCMTD2
ENSG00000115541.11|1823|HSPE1|protein_coding	HSPE1
ENSG00000119913.6|3935|TECTB|protein_coding	TECTB
ENSG00000181904.9|5759|C5orf24|protein_coding	C5orf24
ENSG00000091732.17|3010|ZC3HC1|protein_coding	ZC3HC1
ENSG00000232112.3|1139|TMA7|protein_coding	TMA7
ENSG00000160767.21|4468|FAM189B|protein_coding	FAM189B
ENSG00000082153.18|8085|BZW1|protein_coding	BZW1
ENSG00000082458.12|7870|DLG3|protein_coding	DLG3
ENSG00000184887.14|2400|BTBD6|protein_coding	BTBD6
ENSG00000204710.2|991|SPDYC|protein_coding	SPDYC
ENSG00000164051.14|2410|CCDC51|protein_coding	CCDC51
ENSG00000091436.17|13804|MAP3K20|protein_coding	MAP3K20
ENSG00000109625.19|3447|CPZ|protein_coding	CPZ
ENSG00000173914.12|4291|RBM4B|protein_coding	RBM4B
ENSG00000170242.19|13722|USP47|protein_coding	USP47
ENSG00000271601.4|3991|LIX1L|protein_coding	LIX1L
ENSG00000118971.9|7988|CCND2|protein_coding	CCND2
ENSG00000117862.13|2864|TXNDC12|protein_coding	TXNDC12
ENSG00000105755.8|1590|ETHE1|protein_coding	ETHE1
ENSG00000116039.13|2656|ATP6V1B1|protein_coding	ATP6V1B1
ENSG00000177138.17|6889|FAM9B|protein_coding	FAM9B
ENSG00000213221.5|3099|DNLZ|protein_coding	DNLZ
ENSG00000127870.17|4442|RNF6|protein_coding	RNF6
ENSG00000155052.15|11381|CNTNAP5|protein_coding	CNTNAP5
ENSG00000178974.11|5580|FBXO34|protein_coding	FBXO34
ENSG00000047230.15|5531|CTPS2|protein_coding	CTPS2
ENSG00000150760.13|8142|DOCK1|protein_coding	DOCK1
ENSG00000157703.16|6312|SVOPL|protein_coding	SVOPL
ENSG00000004059.11|1825|ARF5|protein_coding	ARF5
ENSG00000141002.20|7967|TCF25|protein_coding	TCF25
ENSG00000077463.15|2749|SIRT6|protein_coding	SIRT6
ENSG00000102738.8|2148|MRPS31|protein_coding	MRPS31
ENSG00000185418.16|4455|TARS3|protein_coding	TARS3
ENSG00000146007.11|1709|ZMAT2|protein_coding	ZMAT2
ENSG00000206172.8|835|HBA1|protein_coding	HBA1
ENSG00000117448.14|3121|AKR1A1|protein_coding	AKR1A1
ENSG00000124575.7|776|H1-3|protein_coding	H1-3
ENSG00000138162.19|18855|TACC2|protein_coding	TACC2
ENSG00000162980.17|6721|ARL5A|protein_coding	ARL5A
ENSG00000204946.10|6723|ZNF783|protein_coding	ZNF783
ENSG00000071794.16|6024|HLTF|protein_coding	HLTF
ENSG00000099994.11|5047|SUSD2|protein_coding	SUSD2
ENSG00000196990.9|3000|FAM163B|protein_coding	FAM163B
ENSG00000170323.9|1369|FABP4|protein_coding	FABP4
ENSG00000285446.1|1180|RP1-93H18.7|protein_coding	RP1-93H18.7
ENSG00000030066.13|8576|NUP160|protein_coding	NUP160
ENSG00000125107.19|10851|CNOT1|protein_coding	CNOT1
ENSG00000182168.15|10685|UNC5C|protein_coding	UNC5C
ENSG00000116918.15|6353|TSNAX|protein_coding	TSNAX
ENSG00000105963.15|5063|ADAP1|protein_coding	ADAP1
ENSG00000087191.13|4279|PSMC5|protein_coding	PSMC5
ENSG00000179922.6|2024|ZNF784|protein_coding	ZNF784
ENSG00000100413.17|6599|POLR3H|protein_coding	POLR3H
ENSG00000088387.20|14816|DOCK9|protein_coding	DOCK9
ENSG00000005339.15|15479|CREBBP|protein_coding	CREBBP
ENSG00000134371.14|10512|CDC73|protein_coding	CDC73
ENSG00000198113.3|4171|TOR4A|protein_coding	TOR4A
ENSG00000132932.19|24302|ATP8A2|protein_coding	ATP8A2
ENSG00000146083.12|5627|RNF44|protein_coding	RNF44
ENSG00000167523.15|5808|SPATA33|protein_coding	SPATA33
ENSG00000159086.15|7146|PAXBP1|protein_coding	PAXBP1
ENSG00000179588.9|6162|ZFPM1|protein_coding	ZFPM1
ENSG00000182362.14|1802|YBEY|protein_coding	YBEY
ENSG00000255104.8|4387|AC005324.8|protein_coding	AC005324.8
ENSG00000167528.13|8502|ZNF641|protein_coding	ZNF641
ENSG00000149926.13|4920|TLCD3B|protein_coding	TLCD3B
ENSG00000101146.13|5642|RAE1|protein_coding	RAE1
ENSG00000186417.14|7110|GLDN|protein_coding	GLDN
ENSG00000144118.14|2865|RALB|protein_coding	RALB
ENSG00000029364.12|7138|SLC39A9|protein_coding	SLC39A9
ENSG00000184492.6|2491|FOXD4L1|protein_coding	FOXD4L1
ENSG00000180914.11|4541|OXTR|protein_coding	OXTR
ENSG00000244242.2|4792|IFITM10|protein_coding	IFITM10
ENSG00000126970.16|5173|ZC4H2|protein_coding	ZC4H2
ENSG00000019169.11|2051|MARCO|protein_coding	MARCO
ENSG00000115648.14|7435|MLPH|protein_coding	MLPH
ENSG00000186298.12|6906|PPP1CC|protein_coding	PPP1CC
ENSG00000083807.10|8025|SLC27A5|protein_coding	SLC27A5
ENSG00000254505.11|2342|CHMP4A|protein_coding	CHMP4A
ENSG00000178980.15|5248|SELENOW|protein_coding	SELENOW
ENSG00000268400.5|1366|CTD-3214H19.4|protein_coding	CTD-3214H19.4
ENSG00000169372.13|4276|CRADD|protein_coding	CRADD
ENSG00000117408.11|5072|IPO13|protein_coding	IPO13
ENSG00000161980.6|1869|POLR3K|protein_coding	POLR3K
ENSG00000124785.9|2286|NRN1|protein_coding	NRN1
ENSG00000128699.14|4007|ORMDL1|protein_coding	ORMDL1
ENSG00000125814.17|5234|NAPB|protein_coding	NAPB
ENSG00000143799.14|18399|PARP1|protein_coding	PARP1
ENSG00000176788.9|2146|BASP1|protein_coding	BASP1
ENSG00000089022.14|13740|MAPKAPK5|protein_coding	MAPKAPK5
ENSG00000143190.23|16031|POU2F1|protein_coding	POU2F1
ENSG00000286219.1|5343|NOTCH2NLC|protein_coding	NOTCH2NLC
ENSG00000130592.17|6221|LSP1|protein_coding	LSP1
ENSG00000101342.10|2553|TLDC2|protein_coding	TLDC2
ENSG00000181036.14|2677|FCRL6|protein_coding	FCRL6
ENSG00000100804.19|1549|PSMB5|protein_coding	PSMB5
ENSG00000186038.9|2523|HTR3E|protein_coding	HTR3E
ENSG00000115816.15|3512|CEBPZ|protein_coding	CEBPZ
ENSG00000205927.5|3262|OLIG2|protein_coding	OLIG2
ENSG00000198315.11|7580|ZKSCAN8|protein_coding	ZKSCAN8
ENSG00000138795.10|5361|LEF1|protein_coding	LEF1
ENSG00000166446.15|8825|CDYL2|protein_coding	CDYL2
ENSG00000171497.5|2516|PPID|protein_coding	PPID
ENSG00000185245.8|2514|GP1BA|protein_coding	GP1BA
ENSG00000100083.19|9119|GGA1|protein_coding	GGA1
ENSG00000128191.16|7315|DGCR8|protein_coding	DGCR8
ENSG00000197299.13|7876|BLM|protein_coding	BLM
ENSG00000177425.11|11530|PAWR|protein_coding	PAWR
ENSG00000085872.15|6015|CHERP|protein_coding	CHERP
ENSG00000090520.12|9385|DNAJB11|protein_coding	DNAJB11
ENSG00000158156.9|5180|XKR8|protein_coding	XKR8
ENSG00000244411.4|1403|KRTAP5-7|protein_coding	KRTAP5-7
ENSG00000149403.13|7474|GRIK4|protein_coding	GRIK4
ENSG00000130985.17|6437|UBA1|protein_coding	UBA1
ENSG00000166974.13|6136|MAPRE2|protein_coding	MAPRE2
ENSG00000133805.15|6793|AMPD3|protein_coding	AMPD3
ENSG00000070018.9|10369|LRP6|protein_coding	LRP6
ENSG00000136485.15|6572|DCAF7|protein_coding	DCAF7
ENSG00000183617.5|985|MRPL54|protein_coding	MRPL54
ENSG00000115902.11|6941|SLC1A4|protein_coding	SLC1A4
ENSG00000100522.10|4010|GNPNAT1|protein_coding	GNPNAT1
ENSG00000143367.16|3878|TUFT1|protein_coding	TUFT1
ENSG00000275714.2|508|H3C1|protein_coding	H3C1
ENSG00000112079.9|3585|STK38|protein_coding	STK38
ENSG00000137496.18|4251|IL18BP|protein_coding	IL18BP
ENSG00000101082.14|2737|SLA2|protein_coding	SLA2
ENSG00000163126.15|4103|ANKRD23|protein_coding	ANKRD23
ENSG00000175699.15|2705|CCDC197|protein_coding	CCDC197
ENSG00000163617.11|5284|CCDC191|protein_coding	CCDC191
ENSG00000139438.6|4113|FAM222A|protein_coding	FAM222A
ENSG00000114353.17|7405|GNAI2|protein_coding	GNAI2
ENSG00000122584.13|3774|NXPH1|protein_coding	NXPH1
ENSG00000127419.17|3623|TMEM175|protein_coding	TMEM175
ENSG00000214050.8|3932|FBXO16|protein_coding	FBXO16
ENSG00000151503.13|10970|NCAPD3|protein_coding	NCAPD3
ENSG00000103423.14|7071|DNAJA3|protein_coding	DNAJA3
ENSG00000133065.11|6378|SLC41A1|protein_coding	SLC41A1
ENSG00000243678.12|2496|NME2|protein_coding	NME2
ENSG00000226792.7|3617|C13orf42|protein_coding	C13orf42
ENSG00000162456.10|2933|KNCN|protein_coding	KNCN
ENSG00000170608.3|2126|FOXA3|protein_coding	FOXA3
ENSG00000101280.8|4692|ANGPT4|protein_coding	ANGPT4
ENSG00000143162.9|3286|CREG1|protein_coding	CREG1
ENSG00000120526.12|10506|NUDCD1|protein_coding	NUDCD1
ENSG00000215126.11|10393|CBWD6|protein_coding	CBWD6
ENSG00000106153.13|1028|CHCHD2|protein_coding	CHCHD2
ENSG00000108344.15|4953|PSMD3|protein_coding	PSMD3
ENSG00000183291.17|2201|SELENOF|protein_coding	SELENOF
ENSG00000160654.11|3836|CD3G|protein_coding	CD3G
ENSG00000196814.15|7904|MVB12B|protein_coding	MVB12B
ENSG00000169087.11|5445|HSPBAP1|protein_coding	HSPBAP1
ENSG00000124333.16|2615|VAMP7|protein_coding	VAMP7
ENSG00000188522.15|7836|FAM83G|protein_coding	FAM83G
ENSG00000104219.13|6282|ZDHHC2|protein_coding	ZDHHC2
ENSG00000076351.13|7954|SLC46A1|protein_coding	SLC46A1
ENSG00000166326.7|13107|TRIM44|protein_coding	TRIM44
ENSG00000188554.15|8405|NBR1|protein_coding	NBR1
ENSG00000090861.17|10248|AARS1|protein_coding	AARS1
ENSG00000096746.18|5375|HNRNPH3|protein_coding	HNRNPH3
ENSG00000140488.16|3616|CELF6|protein_coding	CELF6
ENSG00000105258.9|1137|POLR2I|protein_coding	POLR2I
ENSG00000156925.12|4668|ZIC3|protein_coding	ZIC3
ENSG00000137075.18|6138|RNF38|protein_coding	RNF38
ENSG00000162722.9|5170|TRIM58|protein_coding	TRIM58
ENSG00000109390.13|2994|NDUFC1|protein_coding	NDUFC1
ENSG00000125952.20|6257|MAX|protein_coding	MAX
ENSG00000142875.19|6730|PRKACB|protein_coding	PRKACB
ENSG00000185559.16|5247|DLK1|protein_coding	DLK1
ENSG00000104998.4|2950|IL27RA|protein_coding	IL27RA
ENSG00000164850.15|3123|GPER1|protein_coding	GPER1
ENSG00000004660.15|7433|CAMKK1|protein_coding	CAMKK1
ENSG00000075426.12|7162|FOSL2|protein_coding	FOSL2
ENSG00000144843.11|4615|ADPRH|protein_coding	ADPRH
ENSG00000154957.14|2977|ZNF18|protein_coding	ZNF18
ENSG00000089159.17|7460|PXN|protein_coding	PXN
ENSG00000103642.12|3939|LACTB|protein_coding	LACTB
ENSG00000127125.9|3412|PPCS|protein_coding	PPCS
ENSG00000176476.9|2124|SGF29|protein_coding	SGF29
ENSG00000110395.7|11718|CBL|protein_coding	CBL
ENSG00000271741.1|3099|RP11-244H3.4|protein_coding	RP11-244H3.4
ENSG00000128791.12|4435|TWSG1|protein_coding	TWSG1
ENSG00000101181.18|5450|MTG2|protein_coding	MTG2
ENSG00000108107.15|6346|RPL28|protein_coding	RPL28
ENSG00000092929.12|7485|UNC13D|protein_coding	UNC13D
ENSG00000104415.14|5190|CCN4|protein_coding	CCN4
ENSG00000185246.18|4924|PRPF39|protein_coding	PRPF39
ENSG00000143933.19|7114|CALM2|protein_coding	CALM2
ENSG00000100034.14|10089|PPM1F|protein_coding	PPM1F
ENSG00000102313.9|5493|ITIH6|protein_coding	ITIH6
ENSG00000162927.14|7651|PUS10|protein_coding	PUS10
ENSG00000160584.17|10920|SIK3|protein_coding	SIK3
ENSG00000133027.18|1720|PEMT|protein_coding	PEMT
ENSG00000166136.16|1999|NDUFB8|protein_coding	NDUFB8
ENSG00000168610.16|11208|STAT3|protein_coding	STAT3
ENSG00000114166.8|5211|KAT2B|protein_coding	KAT2B
ENSG00000104823.9|2303|ECH1|protein_coding	ECH1
ENSG00000169252.6|2013|ADRB2|protein_coding	ADRB2
ENSG00000103534.17|6206|TMC5|protein_coding	TMC5
ENSG00000241258.7|3540|CRCP|protein_coding	CRCP
ENSG00000109906.15|16557|ZBTB16|protein_coding	ZBTB16
ENSG00000188037.13|3321|CLCN1|protein_coding	CLCN1
ENSG00000223573.7|4429|TINCR|protein_coding	TINCR
ENSG00000133020.4|6041|MYH8|protein_coding	MYH8
ENSG00000145649.8|896|GZMA|protein_coding	GZMA
ENSG00000161849.3|2092|KRT84|protein_coding	KRT84
ENSG00000145912.9|1434|NHP2|protein_coding	NHP2
ENSG00000163872.16|10232|YEATS2|protein_coding	YEATS2
ENSG00000101605.13|6434|MYOM1|protein_coding	MYOM1
ENSG00000030419.17|12243|IKZF2|protein_coding	IKZF2
ENSG00000213471.10|3902|TTLL13P|protein_coding	TTLL13P
ENSG00000170222.12|1945|ADPRM|protein_coding	ADPRM
ENSG00000111837.12|4394|MAK|protein_coding	MAK
ENSG00000160214.13|4251|RRP1|protein_coding	RRP1
ENSG00000089177.19|7735|KIF16B|protein_coding	KIF16B
ENSG00000183066.14|6180|WBP2NL|protein_coding	WBP2NL
ENSG00000133872.14|2999|SARAF|protein_coding	SARAF
ENSG00000205038.12|20621|PKHD1L1|protein_coding	PKHD1L1
ENSG00000244187.8|1514|TMEM141|protein_coding	TMEM141
ENSG00000141294.10|2819|LRRC46|protein_coding	LRRC46
ENSG00000178440.8|4505|TIMM23B-AGAP6|protein_coding	TIMM23B-AGAP6
ENSG00000026036.22|9093|RTEL1-TNFRSF6B|protein_coding	RTEL1-TNFRSF6B
ENSG00000182492.16|2404|BGN|protein_coding	BGN
ENSG00000011405.13|9204|PIK3C2A|protein_coding	PIK3C2A
ENSG00000189077.11|2000|TMEM120A|protein_coding	TMEM120A
ENSG00000143669.14|19614|LYST|protein_coding	LYST
ENSG00000080839.12|5956|RBL1|protein_coding	RBL1
ENSG00000247746.5|4643|USP51|protein_coding	USP51
ENSG00000115392.12|2412|FANCL|protein_coding	FANCL
ENSG00000120334.16|5165|CENPL|protein_coding	CENPL
ENSG00000187535.14|8130|IFT140|protein_coding	IFT140
ENSG00000156639.12|3808|ZFAND3|protein_coding	ZFAND3
ENSG00000143368.10|1704|SF3B4|protein_coding	SF3B4
ENSG00000126003.7|5656|PLAGL2|protein_coding	PLAGL2
ENSG00000060688.13|3887|SNRNP40|protein_coding	SNRNP40
ENSG00000071537.14|9553|SEL1L|protein_coding	SEL1L
ENSG00000173166.18|11622|RAPH1|protein_coding	RAPH1
ENSG00000284292.1|2705|RP5-900K19.2|protein_coding	RP5-900K19.2
ENSG00000101335.10|2808|MYL9|protein_coding	MYL9
ENSG00000128342.5|3871|LIF|protein_coding	LIF
ENSG00000015133.19|12426|CCDC88C|protein_coding	CCDC88C
ENSG00000171262.11|6851|FAM98B|protein_coding	FAM98B
ENSG00000169032.10|2971|MAP2K1|protein_coding	MAP2K1
ENSG00000112137.18|11621|PHACTR1|protein_coding	PHACTR1
ENSG00000134049.6|4233|IER3IP1|protein_coding	IER3IP1
ENSG00000113578.18|4980|FGF1|protein_coding	FGF1
ENSG00000125534.10|1053|PPDPF|protein_coding	PPDPF
ENSG00000138750.15|3991|NUP54|protein_coding	NUP54
ENSG00000130414.13|19359|NDUFA10|protein_coding	NDUFA10
ENSG00000151693.11|7257|ASAP2|protein_coding	ASAP2
ENSG00000159263.16|7670|SIM2|protein_coding	SIM2
ENSG00000166821.9|3171|PEX11A|protein_coding	PEX11A
ENSG00000143110.12|2768|C1orf162|protein_coding	C1orf162
ENSG00000169507.9|5552|SLC38A11|protein_coding	SLC38A11
ENSG00000165548.11|6363|TMEM63C|protein_coding	TMEM63C
ENSG00000170955.10|1557|CAVIN3|protein_coding	CAVIN3
ENSG00000167632.18|9655|TRAPPC9|protein_coding	TRAPPC9
ENSG00000167779.9|1346|IGFBP6|protein_coding	IGFBP6
ENSG00000188229.6|2037|TUBB4B|protein_coding	TUBB4B
ENSG00000168404.13|5692|MLKL|protein_coding	MLKL
ENSG00000078070.13|4311|MCCC1|protein_coding	MCCC1
ENSG00000144837.9|2169|PLA1A|protein_coding	PLA1A
ENSG00000099840.14|2770|IZUMO4|protein_coding	IZUMO4
ENSG00000099977.15|1410|DDT|protein_coding	DDT
ENSG00000156113.24|39437|KCNMA1|protein_coding	KCNMA1
ENSG00000182324.7|4275|KCNJ14|protein_coding	KCNJ14
ENSG00000115286.20|7456|NDUFS7|protein_coding	NDUFS7
ENSG00000136108.15|4547|CKAP2|protein_coding	CKAP2
ENSG00000140299.13|7969|BNIP2|protein_coding	BNIP2
ENSG00000165609.13|4964|NUDT5|protein_coding	NUDT5
ENSG00000279686.1|1002|AC142391.3|protein_coding	AC142391.3
ENSG00000122085.17|9938|MTERF4|protein_coding	MTERF4
ENSG00000136842.14|3676|TMOD1|protein_coding	TMOD1
ENSG00000205659.11|3692|LIN52|protein_coding	LIN52
ENSG00000134375.11|3504|TIMM17A|protein_coding	TIMM17A
ENSG00000122223.13|2889|CD244|protein_coding	CD244
ENSG00000152969.20|3812|JAKMIP1|protein_coding	JAKMIP1
ENSG00000023608.5|2593|SNAPC1|protein_coding	SNAPC1
ENSG00000262919.8|1677|CCNQ|protein_coding	CCNQ
ENSG00000185201.17|1507|IFITM2|protein_coding	IFITM2
ENSG00000101198.15|2591|NKAIN4|protein_coding	NKAIN4
ENSG00000017260.20|8510|ATP2C1|protein_coding	ATP2C1
ENSG00000114956.20|1455|DGUOK|protein_coding	DGUOK
ENSG00000176248.9|5458|ANAPC2|protein_coding	ANAPC2
ENSG00000180479.14|6208|ZNF571|protein_coding	ZNF571
ENSG00000034510.6|461|TMSB10|protein_coding	TMSB10
ENSG00000175183.10|5842|CSRP2|protein_coding	CSRP2
ENSG00000171611.10|1171|PTCRA|protein_coding	PTCRA
ENSG00000148400.13|12531|NOTCH1|protein_coding	NOTCH1
ENSG00000239887.6|4313|C1orf226|protein_coding	C1orf226
ENSG00000184831.14|2357|APOO|protein_coding	APOO
ENSG00000163344.6|1002|PMVK|protein_coding	PMVK
ENSG00000139625.13|7971|MAP3K12|protein_coding	MAP3K12
ENSG00000068885.15|7080|IFT80|protein_coding	IFT80
ENSG00000115677.18|12160|HDLBP|protein_coding	HDLBP
ENSG00000101191.17|13283|DIDO1|protein_coding	DIDO1
ENSG00000087253.13|7361|LPCAT2|protein_coding	LPCAT2
ENSG00000198934.5|3633|MAGEE1|protein_coding	MAGEE1
ENSG00000273734.1|1268|LLfos-48D6.2|protein_coding	LLfos-48D6.2
ENSG00000182197.13|10736|EXT1|protein_coding	EXT1
ENSG00000133710.16|4474|SPINK5|protein_coding	SPINK5
ENSG00000153303.17|8801|FRMD1|protein_coding	FRMD1
ENSG00000275023.5|13576|MLLT6|protein_coding	MLLT6
ENSG00000057593.14|3799|F7|protein_coding	F7
ENSG00000059573.9|3759|ALDH18A1|protein_coding	ALDH18A1
ENSG00000108424.11|10305|KPNB1|protein_coding	KPNB1
ENSG00000011485.15|7089|PPP5C|protein_coding	PPP5C
ENSG00000116288.13|2397|PARK7|protein_coding	PARK7
ENSG00000054983.17|6736|GALC|protein_coding	GALC
ENSG00000261210.8|3411|CLEC19A|protein_coding	CLEC19A
ENSG00000173145.11|4464|NOC3L|protein_coding	NOC3L
ENSG00000204843.13|10439|DCTN1|protein_coding	DCTN1
ENSG00000172795.17|11371|DCP2|protein_coding	DCP2
ENSG00000182208.14|4545|MOB2|protein_coding	MOB2
ENSG00000100796.18|6015|PPP4R3A|protein_coding	PPP4R3A
ENSG00000106733.21|3865|NMRK1|protein_coding	NMRK1
ENSG00000115998.8|3573|C2orf42|protein_coding	C2orf42
ENSG00000281938.2|3259|CTB-127M13.1|protein_coding	CTB-127M13.1
ENSG00000141367.12|11836|CLTC|protein_coding	CLTC
ENSG00000177674.16|2435|AGTRAP|protein_coding	AGTRAP
ENSG00000197406.7|2102|DIO3|protein_coding	DIO3
ENSG00000128294.16|6913|TPST2|protein_coding	TPST2
ENSG00000111450.14|3723|STX2|protein_coding	STX2
ENSG00000129354.12|2214|AP1M2|protein_coding	AP1M2
ENSG00000127191.18|3665|TRAF2|protein_coding	TRAF2
ENSG00000163956.13|11816|LRPAP1|protein_coding	LRPAP1
ENSG00000172123.13|3674|SLFN12|protein_coding	SLFN12
ENSG00000100410.8|1202|PHF5A|protein_coding	PHF5A
ENSG00000265354.4|1190|TIMM23|protein_coding	TIMM23
ENSG00000110934.13|3986|BIN2|protein_coding	BIN2
ENSG00000106683.15|7038|LIMK1|protein_coding	LIMK1
ENSG00000008710.20|18534|PKD1|protein_coding	PKD1
ENSG00000175489.10|2427|LRRC25|protein_coding	LRRC25
ENSG00000159871.15|5329|LYPD5|protein_coding	LYPD5
ENSG00000114554.12|11235|PLXNA1|protein_coding	PLXNA1
ENSG00000144218.21|15701|AFF3|protein_coding	AFF3
ENSG00000119705.10|2631|SLIRP|protein_coding	SLIRP
ENSG00000124205.18|3292|EDN3|protein_coding	EDN3
ENSG00000143149.12|3308|ALDH9A1|protein_coding	ALDH9A1
ENSG00000101474.12|2226|APMAP|protein_coding	APMAP
ENSG00000130584.12|7086|ZBTB46|protein_coding	ZBTB46
ENSG00000162601.11|13115|MYSM1|protein_coding	MYSM1
ENSG00000220205.9|3241|VAMP2|protein_coding	VAMP2
ENSG00000215375.6|4305|MYL5|protein_coding	MYL5
ENSG00000227051.7|7819|C14orf132|protein_coding	C14orf132
ENSG00000127837.10|3055|AAMP|protein_coding	AAMP
ENSG00000116459.11|3138|ATP5PB|protein_coding	ATP5PB
ENSG00000120471.16|3445|TP53AIP1|protein_coding	TP53AIP1
ENSG00000176454.14|4702|LPCAT4|protein_coding	LPCAT4
ENSG00000150787.8|3128|PTS|protein_coding	PTS
ENSG00000285953.1|2642|CTB-161K23.3|protein_coding	CTB-161K23.3
ENSG00000148426.13|3663|PROSER2|protein_coding	PROSER2
ENSG00000079246.16|5463|XRCC5|protein_coding	XRCC5
ENSG00000084090.14|4416|STARD7|protein_coding	STARD7
ENSG00000075673.12|4424|ATP12A|protein_coding	ATP12A
ENSG00000152240.13|2119|HAUS1|protein_coding	HAUS1
ENSG00000163431.13|3967|LMOD1|protein_coding	LMOD1
ENSG00000128000.17|9239|ZNF780B|protein_coding	ZNF780B
ENSG00000128951.14|3674|DUT|protein_coding	DUT
ENSG00000116824.5|1635|CD2|protein_coding	CD2
ENSG00000166848.7|4422|TERF2IP|protein_coding	TERF2IP
ENSG00000093072.18|8704|ADA2|protein_coding	ADA2
ENSG00000144407.10|4429|PTH2R|protein_coding	PTH2R
ENSG00000136352.19|3165|NKX2-1|protein_coding	NKX2-1
ENSG00000146830.11|7058|GIGYF1|protein_coding	GIGYF1
ENSG00000169410.10|8658|PTPN9|protein_coding	PTPN9
ENSG00000154240.17|7899|CEP112|protein_coding	CEP112
ENSG00000107371.14|7660|EXOSC3|protein_coding	EXOSC3
ENSG00000174327.7|2143|SLC16A13|protein_coding	SLC16A13
ENSG00000158292.7|4198|GPR153|protein_coding	GPR153
ENSG00000186998.16|4854|EMID1|protein_coding	EMID1
ENSG00000143512.13|3290|HHIPL2|protein_coding	HHIPL2
ENSG00000147144.13|5318|CCDC120|protein_coding	CCDC120
ENSG00000137877.10|12312|SPTBN5|protein_coding	SPTBN5
ENSG00000108370.17|7051|RGS9|protein_coding	RGS9
ENSG00000172239.14|3391|PAIP1|protein_coding	PAIP1
ENSG00000173214.7|18075|MFSD4B|protein_coding	MFSD4B
ENSG00000136141.15|8610|LRCH1|protein_coding	LRCH1
ENSG00000148843.15|7672|PDCD11|protein_coding	PDCD11
ENSG00000283663.1|1748|CTB-60B18.23|protein_coding	CTB-60B18.23
ENSG00000169313.10|2337|P2RY12|protein_coding	P2RY12
ENSG00000165675.18|5240|ENOX2|protein_coding	ENOX2
ENSG00000086062.13|4896|B4GALT1|protein_coding	B4GALT1
ENSG00000126267.11|1369|COX6B1|protein_coding	COX6B1
ENSG00000180537.13|4098|RNF182|protein_coding	RNF182
ENSG00000124191.18|3235|TOX2|protein_coding	TOX2
ENSG00000130254.12|6018|SAFB2|protein_coding	SAFB2
ENSG00000129353.15|4952|SLC44A2|protein_coding	SLC44A2
ENSG00000003400.15|7581|CASP10|protein_coding	CASP10
ENSG00000111490.15|9877|TBC1D30|protein_coding	TBC1D30
ENSG00000184216.14|3917|IRAK1|protein_coding	IRAK1
ENSG00000196418.13|5433|ZNF124|protein_coding	ZNF124
ENSG00000151572.18|4997|ANO4|protein_coding	ANO4
ENSG00000162576.17|3622|MXRA8|protein_coding	MXRA8
ENSG00000287725.1|4622|RP11-554A11.11|protein_coding	RP11-554A11.11
ENSG00000143622.11|4038|RIT1|protein_coding	RIT1
ENSG00000271723.5|7090|MROH7-TTC4|protein_coding	MROH7-TTC4
ENSG00000125772.14|7472|GPCPD1|protein_coding	GPCPD1
ENSG00000108946.15|6821|PRKAR1A|protein_coding	PRKAR1A
ENSG00000151348.16|20632|EXT2|protein_coding	EXT2
ENSG00000118096.10|3773|IFT46|protein_coding	IFT46
ENSG00000132952.12|5125|USPL1|protein_coding	USPL1
ENSG00000138136.7|1770|LBX1|protein_coding	LBX1
ENSG00000146426.19|11571|TIAM2|protein_coding	TIAM2
ENSG00000111249.14|7507|CUX2|protein_coding	CUX2
ENSG00000129990.15|5198|SYT5|protein_coding	SYT5
ENSG00000168264.11|5377|IRF2BP2|protein_coding	IRF2BP2
ENSG00000124570.21|13201|SERPINB6|protein_coding	SERPINB6
ENSG00000139178.12|4979|C1RL|protein_coding	C1RL
ENSG00000050405.13|6317|LIMA1|protein_coding	LIMA1
ENSG00000131059.12|2529|BPIFA3|protein_coding	BPIFA3
ENSG00000169758.13|5144|TMEM266|protein_coding	TMEM266
ENSG00000185129.8|12519|PURA|protein_coding	PURA
ENSG00000233954.6|2180|UQCRHL|protein_coding	UQCRHL
ENSG00000132275.11|6921|RRP8|protein_coding	RRP8
ENSG00000148356.15|9862|LRSAM1|protein_coding	LRSAM1
ENSG00000269590.1|585|CTD-2192J16.24|protein_coding	CTD-2192J16.24
ENSG00000075624.17|4405|ACTB|protein_coding	ACTB
ENSG00000214013.9|10954|GANC|protein_coding	GANC
ENSG00000258315.5|2628|C17orf49|protein_coding	C17orf49
ENSG00000130640.15|14147|TUBGCP2|protein_coding	TUBGCP2
ENSG00000113580.15|9161|NR3C1|protein_coding	NR3C1
ENSG00000255639.3|3961|RP11-234B24.6|protein_coding	RP11-234B24.6
ENSG00000177238.14|8430|TRIM72|protein_coding	TRIM72
ENSG00000000938.13|3382|FGR|protein_coding	FGR
ENSG00000005812.11|7076|FBXL3|protein_coding	FBXL3
ENSG00000062282.15|7904|DGAT2|protein_coding	DGAT2
ENSG00000198846.6|4076|TOX|protein_coding	TOX
ENSG00000146966.13|5175|DENND2A|protein_coding	DENND2A
ENSG00000119760.16|5312|SUPT7L|protein_coding	SUPT7L
ENSG00000186470.14|7042|BTN3A2|protein_coding	BTN3A2
ENSG00000182183.15|2684|SHISAL2A|protein_coding	SHISAL2A
ENSG00000198168.9|5201|SVIP|protein_coding	SVIP
ENSG00000124659.7|1606|TBCC|protein_coding	TBCC
ENSG00000168137.19|14606|SETD5|protein_coding	SETD5
ENSG00000099904.16|5545|ZDHHC8|protein_coding	ZDHHC8
ENSG00000167280.17|6288|ENGASE|protein_coding	ENGASE
ENSG00000106144.20|8020|CASP2|protein_coding	CASP2
ENSG00000168778.13|5105|TCTN2|protein_coding	TCTN2
ENSG00000109920.13|7619|FNBP4|protein_coding	FNBP4
ENSG00000165449.12|4197|SLC16A9|protein_coding	SLC16A9
ENSG00000100823.12|1886|APEX1|protein_coding	APEX1
ENSG00000102996.5|4231|MMP15|protein_coding	MMP15
ENSG00000123144.11|1311|TRIR|protein_coding	TRIR
ENSG00000103994.18|12226|ZNF106|protein_coding	ZNF106
ENSG00000164808.17|7174|SPIDR|protein_coding	SPIDR
ENSG00000121406.9|9279|ZNF549|protein_coding	ZNF549
ENSG00000106624.11|4971|AEBP1|protein_coding	AEBP1
ENSG00000196126.11|1229|HLA-DRB1|protein_coding	HLA-DRB1
ENSG00000254979.5|2242|RP11-872D17.8|protein_coding	RP11-872D17.8
ENSG00000099256.19|2324|PRTFDC1|protein_coding	PRTFDC1
ENSG00000165006.14|2772|UBAP1|protein_coding	UBAP1
ENSG00000176273.15|6829|SLC35G1|protein_coding	SLC35G1
ENSG00000198369.10|5505|SPRED2|protein_coding	SPRED2
ENSG00000174791.11|5377|RIN1|protein_coding	RIN1
ENSG00000185753.13|6050|CXorf38|protein_coding	CXorf38
ENSG00000181378.14|10519|CFAP65|protein_coding	CFAP65
ENSG00000127884.5|1277|ECHS1|protein_coding	ECHS1
ENSG00000100523.16|18377|DDHD1|protein_coding	DDHD1
ENSG00000136891.14|7264|TEX10|protein_coding	TEX10
ENSG00000139687.16|6434|RB1|protein_coding	RB1
ENSG00000179532.13|19629|DNHD1|protein_coding	DNHD1
ENSG00000133316.16|4247|WDR74|protein_coding	WDR74
ENSG00000142192.21|6316|APP|protein_coding	APP
ENSG00000114857.18|17309|NKTR|protein_coding	NKTR
ENSG00000101222.12|1925|SPEF1|protein_coding	SPEF1
ENSG00000106089.12|3693|STX1A|protein_coding	STX1A
ENSG00000149187.18|10452|CELF1|protein_coding	CELF1
ENSG00000075407.18|13190|ZNF37A|protein_coding	ZNF37A
ENSG00000125319.15|3005|HROB|protein_coding	HROB
ENSG00000102879.16|4779|CORO1A|protein_coding	CORO1A
ENSG00000158604.15|3769|TMED4|protein_coding	TMED4
ENSG00000139624.14|6766|CERS5|protein_coding	CERS5
ENSG00000277494.2|2257|GPIHBP1|protein_coding	GPIHBP1
ENSG00000130827.6|11710|PLXNA3|protein_coding	PLXNA3
ENSG00000125975.14|1450|C20orf173|protein_coding	C20orf173
ENSG00000171148.14|4127|TADA3|protein_coding	TADA3
ENSG00000134602.16|3317|STK26|protein_coding	STK26
ENSG00000141084.11|6456|RANBP10|protein_coding	RANBP10
ENSG00000111229.16|3027|ARPC3|protein_coding	ARPC3
ENSG00000149658.18|3206|YTHDF1|protein_coding	YTHDF1
ENSG00000168291.13|4717|PDHB|protein_coding	PDHB
ENSG00000113300.13|6572|CNOT6|protein_coding	CNOT6
ENSG00000184675.11|8407|AMER1|protein_coding	AMER1
ENSG00000182179.13|4550|UBA7|protein_coding	UBA7
ENSG00000118194.20|7342|TNNT2|protein_coding	TNNT2
ENSG00000133773.12|3518|CCDC59|protein_coding	CCDC59
ENSG00000166783.22|10906|MARF1|protein_coding	MARF1
ENSG00000114378.17|3085|HYAL1|protein_coding	HYAL1
ENSG00000138375.13|5092|SMARCAL1|protein_coding	SMARCAL1
ENSG00000166272.18|7833|WBP1L|protein_coding	WBP1L
ENSG00000255073.8|2417|ZFP91-CNTF|protein_coding	ZFP91-CNTF
ENSG00000141574.8|2909|SECTM1|protein_coding	SECTM1
ENSG00000126247.11|3100|CAPNS1|protein_coding	CAPNS1
ENSG00000178764.8|4453|ZHX2|protein_coding	ZHX2
ENSG00000153046.18|4562|CDYL|protein_coding	CDYL
ENSG00000134684.12|9124|YARS1|protein_coding	YARS1
ENSG00000112852.7|4098|PCDHB2|protein_coding	PCDHB2
ENSG00000091844.8|7932|RGS17|protein_coding	RGS17
ENSG00000138078.16|8156|PREPL|protein_coding	PREPL
ENSG00000149948.14|15070|HMGA2|protein_coding	HMGA2
ENSG00000125821.13|6416|DTD1|protein_coding	DTD1
ENSG00000183684.8|1583|ALYREF|protein_coding	ALYREF
ENSG00000038274.17|5135|MAT2B|protein_coding	MAT2B
ENSG00000198695.2|525|MT-ND6|protein_coding	MT-ND6
ENSG00000140259.7|2261|MFAP1|protein_coding	MFAP1
ENSG00000110651.12|7356|CD81|protein_coding	CD81
ENSG00000160326.14|3531|SLC2A6|protein_coding	SLC2A6
ENSG00000101439.9|3615|CST3|protein_coding	CST3
ENSG00000240445.6|6240|FOXO3B|protein_coding	FOXO3B
ENSG00000126264.10|564|HCST|protein_coding	HCST
ENSG00000184056.15|3755|VPS33B|protein_coding	VPS33B
ENSG00000107862.6|22901|GBF1|protein_coding	GBF1
ENSG00000150990.9|6908|DHX37|protein_coding	DHX37
ENSG00000007062.12|7457|PROM1|protein_coding	PROM1
ENSG00000111786.9|3695|SRSF9|protein_coding	SRSF9
ENSG00000117450.15|1682|PRDX1|protein_coding	PRDX1
ENSG00000004455.17|9625|AK2|protein_coding	AK2
ENSG00000249115.9|5090|HAUS5|protein_coding	HAUS5
ENSG00000110104.13|3342|CCDC86|protein_coding	CCDC86
ENSG00000186074.19|2161|CD300LF|protein_coding	CD300LF
ENSG00000174963.18|8517|ZIC4|protein_coding	ZIC4
ENSG00000112118.20|3645|MCM3|protein_coding	MCM3
ENSG00000070371.16|10052|CLTCL1|protein_coding	CLTCL1
ENSG00000183508.5|5654|TENT5C|protein_coding	TENT5C
ENSG00000163512.14|6272|AZI2|protein_coding	AZI2
ENSG00000158528.12|11194|PPP1R9A|protein_coding	PPP1R9A
ENSG00000003436.16|11714|TFPI|protein_coding	TFPI
ENSG00000132671.6|3926|SSTR4|protein_coding	SSTR4
ENSG00000198176.13|3744|TFDP1|protein_coding	TFDP1
ENSG00000131389.18|8254|SLC6A6|protein_coding	SLC6A6
ENSG00000117322.18|4885|CR2|protein_coding	CR2
ENSG00000189060.6|2204|H1-0|protein_coding	H1-0
ENSG00000175224.17|7001|ATG13|protein_coding	ATG13
ENSG00000122741.16|8291|DCAF10|protein_coding	DCAF10
ENSG00000124228.15|5405|DDX27|protein_coding	DDX27
ENSG00000178597.7|4646|PSAPL1|protein_coding	PSAPL1
ENSG00000099341.12|3091|PSMD8|protein_coding	PSMD8
ENSG00000115297.11|2810|TLX2|protein_coding	TLX2
ENSG00000173486.14|1390|FKBP2|protein_coding	FKBP2
ENSG00000127022.16|13764|CANX|protein_coding	CANX
ENSG00000122203.15|3811|KIAA1191|protein_coding	KIAA1191
ENSG00000161055.4|803|SCGB3A1|protein_coding	SCGB3A1
ENSG00000139636.16|5462|LMBR1L|protein_coding	LMBR1L
ENSG00000171552.14|4197|BCL2L1|protein_coding	BCL2L1
ENSG00000183785.16|5424|TUBA8|protein_coding	TUBA8
ENSG00000103257.9|4764|SLC7A5|protein_coding	SLC7A5
ENSG00000185220.12|3651|PGBD2|protein_coding	PGBD2
ENSG00000023330.15|2536|ALAS1|protein_coding	ALAS1
ENSG00000125868.16|3639|DSTN|protein_coding	DSTN
ENSG00000118496.5|9051|FBXO30|protein_coding	FBXO30
ENSG00000044115.21|8830|CTNNA1|protein_coding	CTNNA1
ENSG00000122545.20|17138|SEPTIN7|protein_coding	SEPTIN7
ENSG00000179820.16|4298|MYADM|protein_coding	MYADM
ENSG00000162407.9|5272|PLPP3|protein_coding	PLPP3
ENSG00000138658.16|9103|ZGRF1|protein_coding	ZGRF1
ENSG00000256977.12|2773|LIMS3|protein_coding	LIMS3
ENSG00000187372.11|5061|PCDHB13|protein_coding	PCDHB13
ENSG00000159648.13|3103|TEPP|protein_coding	TEPP
ENSG00000139668.9|16199|WDFY2|protein_coding	WDFY2
ENSG00000108784.10|2935|NAGLU|protein_coding	NAGLU
ENSG00000143409.16|3823|MINDY1|protein_coding	MINDY1
ENSG00000178252.18|5304|WDR6|protein_coding	WDR6
ENSG00000177324.14|4640|BEND2|protein_coding	BEND2
ENSG00000159167.12|4134|STC1|protein_coding	STC1
ENSG00000152056.17|5947|AP1S3|protein_coding	AP1S3
ENSG00000107187.17|3840|LHX3|protein_coding	LHX3
ENSG00000011052.21|1241|NME1-NME2|protein_coding	NME1-NME2
ENSG00000125538.12|3009|IL1B|protein_coding	IL1B
ENSG00000074696.13|7094|HACD3|protein_coding	HACD3
ENSG00000180376.17|9286|CCDC66|protein_coding	CCDC66
ENSG00000163781.14|7337|TOPBP1|protein_coding	TOPBP1
ENSG00000102054.18|7340|RBBP7|protein_coding	RBBP7
ENSG00000165983.15|4003|PTER|protein_coding	PTER
ENSG00000171150.9|7490|SOCS5|protein_coding	SOCS5
ENSG00000181625.17|2462|SLX1B|protein_coding	SLX1B
ENSG00000163558.13|5778|PRKCI|protein_coding	PRKCI
ENSG00000094880.11|4616|CDC23|protein_coding	CDC23
ENSG00000102967.12|6921|DHODH|protein_coding	DHODH
ENSG00000140632.17|5416|GLYR1|protein_coding	GLYR1
ENSG00000084774.14|8443|CAD|protein_coding	CAD
ENSG00000066230.12|5754|SLC9A3|protein_coding	SLC9A3
ENSG00000123552.18|8105|USP45|protein_coding	USP45
ENSG00000143674.11|7960|MAP3K21|protein_coding	MAP3K21
ENSG00000264058.2|5393|RP5-1028K7.3|protein_coding	RP5-1028K7.3
ENSG00000131788.16|4806|PIAS3|protein_coding	PIAS3
ENSG00000253719.4|7596|ATXN7L3B|protein_coding	ATXN7L3B
ENSG00000122687.19|2886|MRM2|protein_coding	MRM2
ENSG00000103888.17|7621|CEMIP|protein_coding	CEMIP
ENSG00000066322.15|2506|ELOVL1|protein_coding	ELOVL1
ENSG00000164405.11|2218|UQCRQ|protein_coding	UQCRQ
ENSG00000140995.17|5793|DEF8|protein_coding	DEF8
ENSG00000167986.15|15516|DDB1|protein_coding	DDB1
ENSG00000197959.14|11329|DNM3|protein_coding	DNM3
ENSG00000109814.12|4025|UGDH|protein_coding	UGDH
ENSG00000129351.17|11022|ILF3|protein_coding	ILF3
ENSG00000151023.17|4076|ENKUR|protein_coding	ENKUR
ENSG00000042493.16|2419|CAPG|protein_coding	CAPG
ENSG00000179051.14|4079|RCC2|protein_coding	RCC2
ENSG00000221926.13|5640|TRIM16|protein_coding	TRIM16
ENSG00000171853.16|9193|TRAPPC12|protein_coding	TRAPPC12
ENSG00000103254.10|1912|ANTKMT|protein_coding	ANTKMT
ENSG00000125813.14|5850|PAX1|protein_coding	PAX1
ENSG00000127184.13|1969|COX7C|protein_coding	COX7C
ENSG00000163001.12|2705|CFAP36|protein_coding	CFAP36
ENSG00000144580.14|5289|CNOT9|protein_coding	CNOT9
ENSG00000116670.15|3324|MAD2L2|protein_coding	MAD2L2
ENSG00000182087.14|4031|TMEM259|protein_coding	TMEM259
ENSG00000267060.7|2856|PTGES3L|protein_coding	PTGES3L
ENSG00000169251.13|4869|NMD3|protein_coding	NMD3
ENSG00000284283.1|597|TAF11L4|protein_coding	TAF11L4
ENSG00000106546.14|8051|AHR|protein_coding	AHR
ENSG00000139637.14|2500|MYG1|protein_coding	MYG1
ENSG00000164253.14|7141|WDR41|protein_coding	WDR41
ENSG00000164548.11|3516|TRA2A|protein_coding	TRA2A
ENSG00000133895.18|5102|MEN1|protein_coding	MEN1
ENSG00000100014.20|7461|SPECC1L|protein_coding	SPECC1L
ENSG00000198821.11|4034|CD247|protein_coding	CD247
ENSG00000111145.8|4644|ELK3|protein_coding	ELK3
ENSG00000150753.12|5638|CCT5|protein_coding	CCT5
ENSG00000234828.9|2886|IQCM|protein_coding	IQCM
ENSG00000127947.16|5525|PTPN12|protein_coding	PTPN12
ENSG00000122958.15|5116|VPS26A|protein_coding	VPS26A
ENSG00000197837.3|2578|H4-16|protein_coding	H4-16
ENSG00000068383.19|3739|INPP5A|protein_coding	INPP5A
ENSG00000106803.10|1209|SEC61B|protein_coding	SEC61B
ENSG00000100577.19|8365|GSTZ1|protein_coding	GSTZ1
ENSG00000143442.22|10301|POGZ|protein_coding	POGZ
ENSG00000179403.12|5065|VWA1|protein_coding	VWA1
ENSG00000165732.13|4973|DDX21|protein_coding	DDX21
ENSG00000144597.14|4909|EAF1|protein_coding	EAF1
ENSG00000149927.18|6368|DOC2A|protein_coding	DOC2A
ENSG00000159131.17|7751|GART|protein_coding	GART
ENSG00000072736.19|8806|NFATC3|protein_coding	NFATC3
ENSG00000108389.10|7489|MTMR4|protein_coding	MTMR4
ENSG00000071282.12|9025|LMCD1|protein_coding	LMCD1
ENSG00000163349.22|9148|HIPK1|protein_coding	HIPK1
ENSG00000128886.12|2500|ELL3|protein_coding	ELL3
ENSG00000205339.10|7216|IPO7|protein_coding	IPO7
ENSG00000112763.17|3787|BTN2A1|protein_coding	BTN2A1
ENSG00000156804.7|7395|FBXO32|protein_coding	FBXO32
ENSG00000137513.10|3146|NARS2|protein_coding	NARS2
ENSG00000181090.21|22188|EHMT1|protein_coding	EHMT1
ENSG00000013297.12|4321|CLDN11|protein_coding	CLDN11
ENSG00000164611.13|1975|PTTG1|protein_coding	PTTG1
ENSG00000187550.9|2258|SBK2|protein_coding	SBK2
ENSG00000198959.12|7948|TGM2|protein_coding	TGM2
ENSG00000213625.9|5237|LEPROT|protein_coding	LEPROT
ENSG00000126106.14|3561|TMEM53|protein_coding	TMEM53
ENSG00000111275.13|9723|ALDH2|protein_coding	ALDH2
ENSG00000126934.14|5229|MAP2K2|protein_coding	MAP2K2
ENSG00000160505.16|3942|NLRP4|protein_coding	NLRP4
ENSG00000049769.14|4378|PPP1R3F|protein_coding	PPP1R3F
ENSG00000178789.9|2721|CD300LB|protein_coding	CD300LB
ENSG00000001497.18|12555|LAS1L|protein_coding	LAS1L
ENSG00000075089.10|3813|ACTR6|protein_coding	ACTR6
ENSG00000115561.16|7019|CHMP3|protein_coding	CHMP3
ENSG00000137714.3|3144|FDX1|protein_coding	FDX1
ENSG00000075151.23|11125|EIF4G3|protein_coding	EIF4G3
ENSG00000125875.15|9775|TBC1D20|protein_coding	TBC1D20
ENSG00000136381.13|10803|IREB2|protein_coding	IREB2
ENSG00000111640.15|2396|GAPDH|protein_coding	GAPDH
ENSG00000062524.16|3491|LTK|protein_coding	LTK
ENSG00000157734.14|5767|SNX22|protein_coding	SNX22
ENSG00000111783.13|6686|RFX4|protein_coding	RFX4
ENSG00000168000.16|7855|BSCL2|protein_coding	BSCL2
ENSG00000116095.11|14205|PLEKHA3|protein_coding	PLEKHA3
ENSG00000172794.20|5072|RAB37|protein_coding	RAB37
ENSG00000204941.14|4678|PSG5|protein_coding	PSG5
ENSG00000141668.10|5483|CBLN2|protein_coding	CBLN2
ENSG00000049768.17|3086|FOXP3|protein_coding	FOXP3
ENSG00000136718.10|3366|IMP4|protein_coding	IMP4
ENSG00000185798.8|1797|WDR53|protein_coding	WDR53
ENSG00000175216.15|8538|CKAP5|protein_coding	CKAP5
ENSG00000274274.1|530|GAGE13|protein_coding	GAGE13
ENSG00000166197.17|3970|NOLC1|protein_coding	NOLC1
ENSG00000149923.14|2733|PPP4C|protein_coding	PPP4C
ENSG00000078053.17|5489|AMPH|protein_coding	AMPH
ENSG00000128050.9|7516|PAICS|protein_coding	PAICS
ENSG00000113649.13|8714|TCERG1|protein_coding	TCERG1
ENSG00000159363.19|5253|ATP13A2|protein_coding	ATP13A2
ENSG00000164105.4|1309|SAP30|protein_coding	SAP30
ENSG00000147454.14|7996|SLC25A37|protein_coding	SLC25A37
ENSG00000197822.12|11259|OCLN|protein_coding	OCLN
ENSG00000077097.16|6341|TOP2B|protein_coding	TOP2B
ENSG00000215113.7|1831|CXorf49B|protein_coding	CXorf49B
ENSG00000088543.15|3244|C3orf18|protein_coding	C3orf18
ENSG00000137070.18|4281|IL11RA|protein_coding	IL11RA
ENSG00000144852.20|5383|NR1I2|protein_coding	NR1I2
ENSG00000006459.11|9378|KDM7A|protein_coding	KDM7A
ENSG00000159495.8|2334|TGM7|protein_coding	TGM7
ENSG00000215695.1|1854|RSC1A1|protein_coding	RSC1A1
ENSG00000144115.18|7353|THNSL2|protein_coding	THNSL2
ENSG00000163995.21|6166|ABLIM2|protein_coding	ABLIM2
ENSG00000113318.11|5329|MSH3|protein_coding	MSH3
ENSG00000163728.11|7900|TTC14|protein_coding	TTC14
ENSG00000132676.16|4588|DAP3|protein_coding	DAP3
ENSG00000179632.10|2415|MAF1|protein_coding	MAF1
ENSG00000163795.14|2370|ZNF513|protein_coding	ZNF513
ENSG00000078618.22|6773|NRDC|protein_coding	NRDC
ENSG00000067900.8|11075|ROCK1|protein_coding	ROCK1
ENSG00000254959.6|2880|INMT-MINDY4|protein_coding	INMT-MINDY4
ENSG00000120860.11|2654|WASHC3|protein_coding	WASHC3
ENSG00000185340.15|4481|GAS2L1|protein_coding	GAS2L1
ENSG00000065609.14|6651|SNAP91|protein_coding	SNAP91
ENSG00000131941.8|4805|RHPN2|protein_coding	RHPN2
ENSG00000174099.12|7405|MSRB3|protein_coding	MSRB3
ENSG00000224877.4|1339|NDUFAF8|protein_coding	NDUFAF8
ENSG00000122512.16|6231|PMS2|protein_coding	PMS2
ENSG00000228144.2|984|RP11-745O10.4|protein_coding	RP11-745O10.4
ENSG00000107021.16|3931|TBC1D13|protein_coding	TBC1D13
ENSG00000198815.9|6896|FOXJ3|protein_coding	FOXJ3
ENSG00000006007.12|4390|GDE1|protein_coding	GDE1
ENSG00000076944.16|6036|STXBP2|protein_coding	STXBP2
ENSG00000169554.22|26111|ZEB2|protein_coding	ZEB2
ENSG00000253729.8|15409|PRKDC|protein_coding	PRKDC
ENSG00000197355.11|5267|UAP1L1|protein_coding	UAP1L1
ENSG00000062598.18|6597|ELMO2|protein_coding	ELMO2
ENSG00000167461.12|4931|RAB8A|protein_coding	RAB8A
ENSG00000136238.18|3100|RAC1|protein_coding	RAC1
ENSG00000165527.7|3875|ARF6|protein_coding	ARF6
ENSG00000130309.11|4845|COLGALT1|protein_coding	COLGALT1
ENSG00000133193.12|3162|FAM104A|protein_coding	FAM104A
ENSG00000170260.9|3179|ZNF212|protein_coding	ZNF212
ENSG00000122862.5|1217|SRGN|protein_coding	SRGN
ENSG00000169230.10|1840|PRELID1|protein_coding	PRELID1
ENSG00000171469.11|6304|ZNF561|protein_coding	ZNF561
ENSG00000105808.18|8076|RASA4|protein_coding	RASA4
ENSG00000213999.17|2087|MEF2B|protein_coding	MEF2B
ENSG00000130707.18|3018|ASS1|protein_coding	ASS1
ENSG00000148572.16|1901|NRBF2|protein_coding	NRBF2
ENSG00000196954.14|6665|CASP4|protein_coding	CASP4
ENSG00000288623.1|261|RP11-18C24.9|protein_coding	RP11-18C24.9
ENSG00000109466.14|3929|KLHL2|protein_coding	KLHL2
ENSG00000166002.7|1106|SMCO4|protein_coding	SMCO4
ENSG00000154451.14|8143|GBP5|protein_coding	GBP5
ENSG00000112977.16|3323|DAP|protein_coding	DAP
ENSG00000100221.11|4327|JOSD1|protein_coding	JOSD1
ENSG00000111639.8|1388|MRPL51|protein_coding	MRPL51
ENSG00000188536.13|827|HBA2|protein_coding	HBA2
ENSG00000107938.18|7741|EDRF1|protein_coding	EDRF1
ENSG00000163932.15|3619|PRKCD|protein_coding	PRKCD
ENSG00000165312.7|3303|OTUD1|protein_coding	OTUD1
ENSG00000178605.13_PAR_Y|2964|GTPBP6|protein_coding	GTPBP6
ENSG00000115353.11|5128|TACR1|protein_coding	TACR1
ENSG00000265107.3|3288|GJA5|protein_coding	GJA5
ENSG00000147082.18|5412|CCNB3|protein_coding	CCNB3
ENSG00000146242.9|3481|TPBG|protein_coding	TPBG
ENSG00000174574.16|2688|AKIRIN1|protein_coding	AKIRIN1
ENSG00000171540.8|3476|OTP|protein_coding	OTP
ENSG00000189362.12|6525|NEMP2|protein_coding	NEMP2
ENSG00000173621.9|3087|LRFN4|protein_coding	LRFN4
ENSG00000167182.15|3642|SP2|protein_coding	SP2
ENSG00000121417.14|4562|ZNF211|protein_coding	ZNF211
ENSG00000105248.16|1668|YJU2|protein_coding	YJU2
ENSG00000165113.13|3402|GKAP1|protein_coding	GKAP1
ENSG00000167723.15|9597|TRPV3|protein_coding	TRPV3
ENSG00000184916.9|6396|JAG2|protein_coding	JAG2
ENSG00000133477.17|16389|FAM83F|protein_coding	FAM83F
ENSG00000154429.11|6257|CCSAP|protein_coding	CCSAP
ENSG00000153930.13|13047|ANKFN1|protein_coding	ANKFN1
ENSG00000137501.17|11258|SYTL2|protein_coding	SYTL2
ENSG00000155876.6|1599|RRAGA|protein_coding	RRAGA
ENSG00000133250.14|2761|ZNF414|protein_coding	ZNF414
ENSG00000039650.12|4545|PNKP|protein_coding	PNKP
ENSG00000172345.14|6339|STARD5|protein_coding	STARD5
ENSG00000108561.8|2335|C1QBP|protein_coding	C1QBP
ENSG00000177873.14|5331|ZNF619|protein_coding	ZNF619
ENSG00000147548.17|15245|NSD3|protein_coding	NSD3
ENSG00000105676.14|4052|ARMC6|protein_coding	ARMC6
ENSG00000060237.19|17280|WNK1|protein_coding	WNK1
ENSG00000105221.18|15902|AKT2|protein_coding	AKT2
ENSG00000059728.11|6351|MXD1|protein_coding	MXD1
ENSG00000074621.14|9084|SLC24A1|protein_coding	SLC24A1
ENSG00000242028.8|7777|HYPK|protein_coding	HYPK
ENSG00000101246.20|7627|ARFRP1|protein_coding	ARFRP1
ENSG00000080573.7|6783|COL5A3|protein_coding	COL5A3
ENSG00000140455.17|7764|USP3|protein_coding	USP3
ENSG00000156017.13|4840|CARNMT1|protein_coding	CARNMT1
ENSG00000253831.3|2100|ETV3L|protein_coding	ETV3L
ENSG00000164733.22|10541|CTSB|protein_coding	CTSB
ENSG00000166664.14|4037|CHRFAM7A|protein_coding	CHRFAM7A
ENSG00000185800.12|5701|DMWD|protein_coding	DMWD
ENSG00000121879.6|17189|PIK3CA|protein_coding	PIK3CA
ENSG00000069667.16|17023|RORA|protein_coding	RORA
ENSG00000255245.4|782|FXYD6-FXYD2|protein_coding	FXYD6-FXYD2
ENSG00000169902.15|2805|TPST1|protein_coding	TPST1
ENSG00000112640.16|3787|PPP2R5D|protein_coding	PPP2R5D
ENSG00000075275.18|16045|CELSR1|protein_coding	CELSR1
ENSG00000269711.1|777|CTD-3214H19.16|protein_coding	CTD-3214H19.16
ENSG00000084676.16|8982|NCOA1|protein_coding	NCOA1
ENSG00000100351.17|6188|GRAP2|protein_coding	GRAP2
ENSG00000171791.14|12612|BCL2|protein_coding	BCL2
ENSG00000092978.11|8841|GPATCH2|protein_coding	GPATCH2
ENSG00000166819.12|3795|PLIN1|protein_coding	PLIN1
ENSG00000189241.8|9089|TSPYL1|protein_coding	TSPYL1
ENSG00000108599.15|4839|AKAP10|protein_coding	AKAP10
ENSG00000168300.14|7323|PCMTD1|protein_coding	PCMTD1
ENSG00000125485.17|5546|DDX31|protein_coding	DDX31
ENSG00000278318.5|5500|ZNF229|protein_coding	ZNF229
ENSG00000079337.16|12106|RAPGEF3|protein_coding	RAPGEF3
ENSG00000106868.17|4074|SUSD1|protein_coding	SUSD1
ENSG00000172216.6|1839|CEBPB|protein_coding	CEBPB
ENSG00000198830.11|3189|HMGN2|protein_coding	HMGN2
ENSG00000116171.19|8253|SCP2|protein_coding	SCP2
ENSG00000100450.13|951|GZMH|protein_coding	GZMH
ENSG00000115414.21|17216|FN1|protein_coding	FN1
ENSG00000225110.3|3294|PNMA6F|protein_coding	PNMA6F
ENSG00000198521.12|8631|ZNF43|protein_coding	ZNF43
ENSG00000114270.18|11133|COL7A1|protein_coding	COL7A1
ENSG00000134970.14|4055|TMED7|protein_coding	TMED7
ENSG00000142686.8|3049|C1orf216|protein_coding	C1orf216
ENSG00000183579.16|6989|ZNRF3|protein_coding	ZNRF3
ENSG00000100647.8|5832|SUSD6|protein_coding	SUSD6
ENSG00000111011.18|8745|RSRC2|protein_coding	RSRC2
ENSG00000198324.14|3361|PHETA1|protein_coding	PHETA1
ENSG00000134470.21|3633|IL15RA|protein_coding	IL15RA
ENSG00000258588.3|3391|TRIM6-TRIM34|protein_coding	TRIM6-TRIM34
ENSG00000127533.4|3334|F2RL3|protein_coding	F2RL3
ENSG00000088766.12|5367|CRLS1|protein_coding	CRLS1
ENSG00000111653.20|2709|ING4|protein_coding	ING4
ENSG00000100234.12|4597|TIMP3|protein_coding	TIMP3
ENSG00000138823.14|5123|MTTP|protein_coding	MTTP
ENSG00000120265.19|2832|PCMT1|protein_coding	PCMT1
ENSG00000269502.6|1876|DMRTC1|protein_coding	DMRTC1
ENSG00000181038.14|1914|METTL23|protein_coding	METTL23
ENSG00000123416.15|3574|TUBA1B|protein_coding	TUBA1B
ENSG00000203326.12|7193|ZNF525|protein_coding	ZNF525
ENSG00000124787.14|1977|RPP40|protein_coding	RPP40
ENSG00000140471.17|7724|LINS1|protein_coding	LINS1
ENSG00000258724.1|1753|PINX1|protein_coding	PINX1
ENSG00000160949.17|7107|TONSL|protein_coding	TONSL
ENSG00000172890.13|16263|NADSYN1|protein_coding	NADSYN1
ENSG00000165282.14|7219|PIGO|protein_coding	PIGO
ENSG00000041988.15|4072|THAP3|protein_coding	THAP3
ENSG00000172500.13|3346|FIBP|protein_coding	FIBP
ENSG00000196110.8|6758|ZNF699|protein_coding	ZNF699
ENSG00000284337.1|4426|AC013271.7|protein_coding	AC013271.7
ENSG00000163737.4|773|PF4|protein_coding	PF4
ENSG00000174500.13|3750|GCSAM|protein_coding	GCSAM
ENSG00000198824.7|5615|CHAMP1|protein_coding	CHAMP1
ENSG00000041353.10|7154|RAB27B|protein_coding	RAB27B
ENSG00000116985.12|4826|BMP8B|protein_coding	BMP8B
ENSG00000101109.12|9132|STK4|protein_coding	STK4
ENSG00000204010.3|1972|IFIT1B|protein_coding	IFIT1B
ENSG00000185630.19|21370|PBX1|protein_coding	PBX1
ENSG00000128218.8|567|VPREB3|protein_coding	VPREB3
ENSG00000137038.8|2728|DMAC1|protein_coding	DMAC1
ENSG00000180817.12|5166|PPA1|protein_coding	PPA1
ENSG00000062822.15|4934|POLD1|protein_coding	POLD1
ENSG00000184012.14|6589|TMPRSS2|protein_coding	TMPRSS2
ENSG00000052344.16|2975|PRSS8|protein_coding	PRSS8
ENSG00000167671.12|5247|UBXN6|protein_coding	UBXN6
ENSG00000160714.10|4190|UBE2Q1|protein_coding	UBE2Q1
ENSG00000137648.19|9948|TMPRSS4|protein_coding	TMPRSS4
ENSG00000166401.15|5764|SERPINB8|protein_coding	SERPINB8
ENSG00000166148.4|6222|AVPR1A|protein_coding	AVPR1A
ENSG00000127774.7|772|EMC6|protein_coding	EMC6
ENSG00000270765.7|3375|GAS2L2|protein_coding	GAS2L2
ENSG00000108518.8|1599|PFN1|protein_coding	PFN1
ENSG00000117592.9|2311|PRDX6|protein_coding	PRDX6
ENSG00000136319.12|9672|TTC5|protein_coding	TTC5
ENSG00000162302.13|3807|RPS6KA4|protein_coding	RPS6KA4
ENSG00000163714.18|11297|U2SURP|protein_coding	U2SURP
ENSG00000095303.17|5784|PTGS1|protein_coding	PTGS1
ENSG00000158856.18|4473|DMTN|protein_coding	DMTN
ENSG00000173457.11|1658|PPP1R14B|protein_coding	PPP1R14B
ENSG00000139597.18|6053|N4BP2L1|protein_coding	N4BP2L1
ENSG00000161036.13|5899|LRWD1|protein_coding	LRWD1
ENSG00000243978.8|5529|RTL9|protein_coding	RTL9
ENSG00000136504.13|11689|KAT7|protein_coding	KAT7
ENSG00000070761.8|2302|CFAP20|protein_coding	CFAP20
ENSG00000070785.17|3411|EIF2B3|protein_coding	EIF2B3
ENSG00000144566.11|3767|RAB5A|protein_coding	RAB5A
ENSG00000169299.14|3677|PGM2|protein_coding	PGM2
ENSG00000196262.15|6780|PPIA|protein_coding	PPIA
ENSG00000171033.13|4015|PKIA|protein_coding	PKIA
ENSG00000158113.13|2769|LRRC43|protein_coding	LRRC43
ENSG00000187091.14|4194|PLCD1|protein_coding	PLCD1
ENSG00000160285.15|7238|LSS|protein_coding	LSS
ENSG00000165209.19|8121|STRBP|protein_coding	STRBP
ENSG00000172493.23|10953|AFF1|protein_coding	AFF1
ENSG00000198900.7|10127|TOP1|protein_coding	TOP1
ENSG00000162341.18|7253|TPCN2|protein_coding	TPCN2
ENSG00000266173.7|10860|STRADA|protein_coding	STRADA
ENSG00000136240.10|3930|KDELR2|protein_coding	KDELR2
ENSG00000100519.12|7479|PSMC6|protein_coding	PSMC6
ENSG00000167881.15|7505|SRP68|protein_coding	SRP68
ENSG00000161544.10|2753|CYGB|protein_coding	CYGB
ENSG00000075292.19|12474|ZNF638|protein_coding	ZNF638
ENSG00000120539.15|4660|MASTL|protein_coding	MASTL
ENSG00000130429.15|3988|ARPC1B|protein_coding	ARPC1B
ENSG00000011304.22|7521|PTBP1|protein_coding	PTBP1
ENSG00000107537.14|3377|PHYH|protein_coding	PHYH
ENSG00000255526.6|1051|NEDD8-MDP1|protein_coding	NEDD8-MDP1
ENSG00000186118.9|1464|TEX38|protein_coding	TEX38
ENSG00000167483.19|6915|NIBAN3|protein_coding	NIBAN3
ENSG00000196465.10|3259|MYL6B|protein_coding	MYL6B
ENSG00000124831.19|13218|LRRFIP1|protein_coding	LRRFIP1
ENSG00000147130.14|6916|ZMYM3|protein_coding	ZMYM3
ENSG00000138594.14|10632|TMOD3|protein_coding	TMOD3
ENSG00000181826.10|4214|RELL1|protein_coding	RELL1
ENSG00000176407.18|7968|KCMF1|protein_coding	KCMF1
ENSG00000213689.14|1448|TREX1|protein_coding	TREX1
ENSG00000156475.19|13610|PPP2R2B|protein_coding	PPP2R2B
ENSG00000166428.14|3020|PLD4|protein_coding	PLD4
ENSG00000056277.16|4638|ZNF280C|protein_coding	ZNF280C
ENSG00000168286.3|1876|THAP11|protein_coding	THAP11
ENSG00000164182.12|6912|NDUFAF2|protein_coding	NDUFAF2
ENSG00000112234.9|8118|FBXL4|protein_coding	FBXL4
ENSG00000159899.15|4428|NPR2|protein_coding	NPR2
ENSG00000169991.11|6179|IFFO2|protein_coding	IFFO2
ENSG00000174840.9|8953|PDE12|protein_coding	PDE12
ENSG00000198252.12|4983|STYX|protein_coding	STYX
ENSG00000267001.1|543|AC006538.4|protein_coding	AC006538.4
ENSG00000284713.1|2900|SMIM38|protein_coding	SMIM38
ENSG00000107937.19|6121|GTPBP4|protein_coding	GTPBP4
ENSG00000136100.14|7299|VPS36|protein_coding	VPS36
ENSG00000127526.15|7290|SLC35E1|protein_coding	SLC35E1
ENSG00000288683.1|2885|AC008079.12|protein_coding	AC008079.12
ENSG00000163875.16|6061|MEAF6|protein_coding	MEAF6
ENSG00000146416.19|8431|AIG1|protein_coding	AIG1
ENSG00000197714.9|4005|ZNF460|protein_coding	ZNF460
ENSG00000185122.11|5305|HSF1|protein_coding	HSF1
ENSG00000167105.8|3062|TMEM92|protein_coding	TMEM92
ENSG00000134996.12|1348|OSTF1|protein_coding	OSTF1
ENSG00000182512.5|2388|GLRX5|protein_coding	GLRX5
ENSG00000111348.9|2042|ARHGDIB|protein_coding	ARHGDIB
ENSG00000147400.10|1887|CETN2|protein_coding	CETN2
ENSG00000213977.8|1381|TAX1BP3|protein_coding	TAX1BP3
ENSG00000159216.19|15574|RUNX1|protein_coding	RUNX1
ENSG00000138381.10|2485|ASNSD1|protein_coding	ASNSD1
ENSG00000140262.18|9446|TCF12|protein_coding	TCF12
ENSG00000165516.11|6319|KLHDC2|protein_coding	KLHDC2
ENSG00000168876.9|3171|ANKRD49|protein_coding	ANKRD49
ENSG00000105404.11|1930|RABAC1|protein_coding	RABAC1
ENSG00000148516.23|8650|ZEB1|protein_coding	ZEB1
ENSG00000288699.1|654|RP11-182N22.10|protein_coding	RP11-182N22.10
ENSG00000073792.16|5330|IGF2BP2|protein_coding	IGF2BP2
ENSG00000140350.15|7544|ANP32A|protein_coding	ANP32A
ENSG00000075914.13|4429|EXOSC7|protein_coding	EXOSC7
ENSG00000282608.2|2560|ADORA3|protein_coding	ADORA3
ENSG00000142235.13|6125|LMTK3|protein_coding	LMTK3
ENSG00000008952.17|7928|SEC62|protein_coding	SEC62
ENSG00000185324.22|6779|CDK10|protein_coding	CDK10
ENSG00000162735.19|4466|PEX19|protein_coding	PEX19
ENSG00000197302.10|9816|ZNF720|protein_coding	ZNF720
ENSG00000149357.10|2688|LAMTOR1|protein_coding	LAMTOR1
ENSG00000110917.8|6438|MLEC|protein_coding	MLEC
ENSG00000110514.19|8366|MADD|protein_coding	MADD
ENSG00000141295.14|2999|SCRN2|protein_coding	SCRN2
ENSG00000110367.13|11462|DDX6|protein_coding	DDX6
ENSG00000101974.15|7407|ATP11C|protein_coding	ATP11C
ENSG00000101265.16|5722|RASSF2|protein_coding	RASSF2
ENSG00000035141.8|3086|FAM136A|protein_coding	FAM136A
ENSG00000163138.19|8232|PACRGL|protein_coding	PACRGL
ENSG00000164818.16|7139|DNAAF5|protein_coding	DNAAF5
ENSG00000288709.1|1707|F8A2|protein_coding	F8A2
ENSG00000047644.19|7418|WWC3|protein_coding	WWC3
ENSG00000108588.14|4354|CCDC47|protein_coding	CCDC47
ENSG00000163902.12|3965|RPN1|protein_coding	RPN1
ENSG00000116525.14|3976|TRIM62|protein_coding	TRIM62
ENSG00000065548.18|3026|ZC3H15|protein_coding	ZC3H15
ENSG00000204278.12|2602|TMEM235|protein_coding	TMEM235
ENSG00000151366.13|2302|NDUFC2|protein_coding	NDUFC2
ENSG00000205352.11|2824|PRR13|protein_coding	PRR13
ENSG00000165071.15|3336|TMEM71|protein_coding	TMEM71
ENSG00000113282.14|6338|CLINT1|protein_coding	CLINT1
ENSG00000188820.13|1186|CALHM6|protein_coding	CALHM6
ENSG00000147206.17|3544|NXF3|protein_coding	NXF3
ENSG00000095564.14|7581|BTAF1|protein_coding	BTAF1
ENSG00000136824.19|6470|SMC2|protein_coding	SMC2
ENSG00000108854.16|7213|SMURF2|protein_coding	SMURF2
ENSG00000171161.13|3741|ZNF672|protein_coding	ZNF672
ENSG00000204149.14|5616|AGAP6|protein_coding	AGAP6
ENSG00000122678.17|4662|POLM|protein_coding	POLM
ENSG00000198805.12|4134|PNP|protein_coding	PNP
ENSG00000163814.8|6508|CDCP1|protein_coding	CDCP1
ENSG00000116350.17|8806|SRSF4|protein_coding	SRSF4
ENSG00000055917.16|6969|PUM2|protein_coding	PUM2
ENSG00000255339.6|2139|RP11-411B6.6|protein_coding	RP11-411B6.6
ENSG00000006715.16|7752|VPS41|protein_coding	VPS41
ENSG00000014919.13|5215|COX15|protein_coding	COX15
ENSG00000011105.14|6905|TSPAN9|protein_coding	TSPAN9
ENSG00000068697.7|1546|LAPTM4A|protein_coding	LAPTM4A
ENSG00000175471.19|12089|MCTP1|protein_coding	MCTP1
ENSG00000072858.11|7798|SIDT1|protein_coding	SIDT1
ENSG00000154133.15|6620|ROBO4|protein_coding	ROBO4
ENSG00000164190.19|12519|NIPBL|protein_coding	NIPBL
ENSG00000173113.7|1100|TRMT112|protein_coding	TRMT112
ENSG00000139116.19|10117|KIF21A|protein_coding	KIF21A
ENSG00000158473.8|4359|CD1D|protein_coding	CD1D
ENSG00000012174.12|8945|MBTPS2|protein_coding	MBTPS2
ENSG00000104221.13|2717|BRF2|protein_coding	BRF2
ENSG00000184009.13|4052|ACTG1|protein_coding	ACTG1
ENSG00000124313.18|14927|IQSEC2|protein_coding	IQSEC2
ENSG00000151687.15|5758|ANKAR|protein_coding	ANKAR
ENSG00000090554.13|2846|FLT3LG|protein_coding	FLT3LG
ENSG00000198873.12|7021|GRK5|protein_coding	GRK5
ENSG00000161654.10|3116|LSM12|protein_coding	LSM12
ENSG00000151461.20|5881|UPF2|protein_coding	UPF2
ENSG00000149932.17|2377|TMEM219|protein_coding	TMEM219
ENSG00000169413.3|844|RNASE6|protein_coding	RNASE6
ENSG00000110218.9|2852|PANX1|protein_coding	PANX1
ENSG00000171388.12|3224|APLN|protein_coding	APLN
ENSG00000140506.17|4107|LMAN1L|protein_coding	LMAN1L
ENSG00000041880.15|3198|PARP3|protein_coding	PARP3
ENSG00000072518.22|12010|MARK2|protein_coding	MARK2
ENSG00000170085.18|5536|SIMC1|protein_coding	SIMC1
ENSG00000124151.19|8417|NCOA3|protein_coding	NCOA3
ENSG00000166169.17|5420|POLL|protein_coding	POLL
ENSG00000055163.20|10498|CYFIP2|protein_coding	CYFIP2
ENSG00000153827.14|12730|TRIP12|protein_coding	TRIP12
ENSG00000118655.7|3868|DCLRE1B|protein_coding	DCLRE1B
ENSG00000064115.11|5504|TM7SF3|protein_coding	TM7SF3
ENSG00000142252.11|1909|GEMIN7|protein_coding	GEMIN7
ENSG00000111432.5|3282|FZD10|protein_coding	FZD10
ENSG00000116213.16|7634|WRAP73|protein_coding	WRAP73
ENSG00000130653.16|9845|PNPLA7|protein_coding	PNPLA7
ENSG00000145391.14|13909|SETD7|protein_coding	SETD7
ENSG00000186517.14|5064|ARHGAP30|protein_coding	ARHGAP30
ENSG00000165661.17|4501|QSOX2|protein_coding	QSOX2
ENSG00000152291.14|6952|TGOLN2|protein_coding	TGOLN2
ENSG00000164211.13|5684|STARD4|protein_coding	STARD4
ENSG00000100031.19|4375|GGT1|protein_coding	GGT1
ENSG00000205560.13|4102|CPT1B|protein_coding	CPT1B
ENSG00000108963.19|6198|DPH1|protein_coding	DPH1
ENSG00000104904.12|3436|OAZ1|protein_coding	OAZ1
ENSG00000163357.11|3193|DCST1|protein_coding	DCST1
ENSG00000124467.19|4089|PSG8|protein_coding	PSG8
ENSG00000140319.11|2047|SRP14|protein_coding	SRP14
ENSG00000198910.14|7269|L1CAM|protein_coding	L1CAM
ENSG00000285188.1|5979|LLNLR-225F10.1|protein_coding	LLNLR-225F10.1
ENSG00000150459.12|3396|SAP18|protein_coding	SAP18
ENSG00000178074.6|4259|C2orf69|protein_coding	C2orf69
ENSG00000107077.19|10323|KDM4C|protein_coding	KDM4C
ENSG00000065717.15|4150|TLE2|protein_coding	TLE2
ENSG00000109220.11|1233|CHIC2|protein_coding	CHIC2
ENSG00000108239.9|7286|TBC1D12|protein_coding	TBC1D12
ENSG00000115524.17|10421|SF3B1|protein_coding	SF3B1
ENSG00000188818.12|6953|ZDHHC11|protein_coding	ZDHHC11
ENSG00000081692.13|4315|JMJD4|protein_coding	JMJD4
ENSG00000156515.24|6293|HK1|protein_coding	HK1
ENSG00000243207.6|2661|PPAN-P2RY11|protein_coding	PPAN-P2RY11
ENSG00000120327.7|4417|PCDHB14|protein_coding	PCDHB14
ENSG00000147905.18|3957|ZCCHC7|protein_coding	ZCCHC7
ENSG00000126882.13|5462|FAM78A|protein_coding	FAM78A
ENSG00000204422.7|2332|XXbac-BPG32J3.20|protein_coding	XXbac-BPG32J3.20
ENSG00000184640.20|13772|SEPTIN9|protein_coding	SEPTIN9
ENSG00000136942.15|1535|RPL35|protein_coding	RPL35
ENSG00000143772.10|7036|ITPKB|protein_coding	ITPKB
ENSG00000213186.8|7822|TRIM59|protein_coding	TRIM59
ENSG00000244687.12|4818|UBE2V1|protein_coding	UBE2V1
ENSG00000114902.14|5121|SPCS1|protein_coding	SPCS1
ENSG00000184402.15|5150|SS18L1|protein_coding	SS18L1
ENSG00000165689.17|3138|ENTR1|protein_coding	ENTR1
ENSG00000188921.14|9162|HACD4|protein_coding	HACD4
ENSG00000173890.17|4381|GPR160|protein_coding	GPR160
ENSG00000152463.15|2334|OLAH|protein_coding	OLAH
ENSG00000173599.15|7302|PC|protein_coding	PC
ENSG00000141458.13|9705|NPC1|protein_coding	NPC1
ENSG00000008056.14|3733|SYN1|protein_coding	SYN1
ENSG00000105953.15|5210|OGDH|protein_coding	OGDH
ENSG00000064961.19|3857|HMG20B|protein_coding	HMG20B
ENSG00000005483.21|9949|KMT2E|protein_coding	KMT2E
ENSG00000170190.16|3089|SLC16A5|protein_coding	SLC16A5
ENSG00000130811.12|3489|EIF3G|protein_coding	EIF3G
ENSG00000198160.15|8273|MIER1|protein_coding	MIER1
ENSG00000108840.16|7618|HDAC5|protein_coding	HDAC5
ENSG00000117013.17|4408|KCNQ4|protein_coding	KCNQ4
ENSG00000114978.18|6440|MOB1A|protein_coding	MOB1A
ENSG00000157823.17|9237|AP3S2|protein_coding	AP3S2
ENSG00000007520.4|1210|TSR3|protein_coding	TSR3
ENSG00000182674.6|3748|KCNB2|protein_coding	KCNB2
ENSG00000169714.17|3584|CNBP|protein_coding	CNBP
ENSG00000136997.21|4584|MYC|protein_coding	MYC
ENSG00000173548.9|8002|SNX33|protein_coding	SNX33
ENSG00000100285.10|3795|NEFH|protein_coding	NEFH
ENSG00000197747.9|1012|S100A10|protein_coding	S100A10
ENSG00000133985.3|5094|TTC9|protein_coding	TTC9
ENSG00000168434.13|4352|COG7|protein_coding	COG7
ENSG00000169193.12|3547|CCDC126|protein_coding	CCDC126
ENSG00000196914.9|24906|ARHGEF12|protein_coding	ARHGEF12
ENSG00000141741.12|2037|MIEN1|protein_coding	MIEN1
ENSG00000040341.18|8964|STAU2|protein_coding	STAU2
ENSG00000046604.14|9492|DSG2|protein_coding	DSG2
ENSG00000090863.12|14111|GLG1|protein_coding	GLG1
ENSG00000130055.14|2638|GDPD2|protein_coding	GDPD2
ENSG00000186335.9|4269|SLC36A2|protein_coding	SLC36A2
ENSG00000275591.5|4911|XKR5|protein_coding	XKR5
ENSG00000222036.8|6971|POTEM|protein_coding	POTEM
ENSG00000215045.8|4134|GRID2IP|protein_coding	GRID2IP
ENSG00000162878.13|3913|PKDCC|protein_coding	PKDCC
ENSG00000128311.14|1877|TST|protein_coding	TST
ENSG00000131558.15|9468|EXOC4|protein_coding	EXOC4
ENSG00000158195.11|5681|WASF2|protein_coding	WASF2
ENSG00000162366.8|1430|PDZK1IP1|protein_coding	PDZK1IP1
ENSG00000173660.12|1341|UQCRH|protein_coding	UQCRH
ENSG00000166226.13|4230|CCT2|protein_coding	CCT2
ENSG00000188869.13|4977|TMC3|protein_coding	TMC3
ENSG00000133884.10|8630|DPF2|protein_coding	DPF2
ENSG00000103707.10|3432|MTFMT|protein_coding	MTFMT
ENSG00000158470.5|4722|B4GALT5|protein_coding	B4GALT5
ENSG00000105971.15|6578|CAV2|protein_coding	CAV2
ENSG00000204427.12|4059|ABHD16A|protein_coding	ABHD16A
ENSG00000101445.10|6408|PPP1R16B|protein_coding	PPP1R16B
ENSG00000258677.2|776|RP11-463D19.2|protein_coding	RP11-463D19.2
ENSG00000065054.14|3516|SLC9A3R2|protein_coding	SLC9A3R2
ENSG00000154723.13|2009|ATP5PF|protein_coding	ATP5PF
ENSG00000141646.14|13123|SMAD4|protein_coding	SMAD4
ENSG00000215305.10|3364|VPS16|protein_coding	VPS16
ENSG00000136710.10|4440|CCDC115|protein_coding	CCDC115
ENSG00000073756.13|5484|PTGS2|protein_coding	PTGS2
ENSG00000109586.12|6807|GALNT7|protein_coding	GALNT7
ENSG00000139651.11|9060|ZNF740|protein_coding	ZNF740
ENSG00000179195.16|6340|ZNF664|protein_coding	ZNF664
ENSG00000151353.15|8469|TMEM18|protein_coding	TMEM18
ENSG00000152137.8|3581|HSPB8|protein_coding	HSPB8
ENSG00000163221.9|485|S100A12|protein_coding	S100A12
ENSG00000130638.17|5127|ATXN10|protein_coding	ATXN10
ENSG00000169359.16|10040|SLC33A1|protein_coding	SLC33A1
ENSG00000109171.15|6306|SLAIN2|protein_coding	SLAIN2
ENSG00000139496.16|10395|NUP58|protein_coding	NUP58
ENSG00000147676.14|3438|MAL2|protein_coding	MAL2
ENSG00000106459.15|4119|NRF1|protein_coding	NRF1
ENSG00000070159.14|9995|PTPN3|protein_coding	PTPN3
ENSG00000186081.12|4133|KRT5|protein_coding	KRT5
ENSG00000115657.14|5205|ABCB6|protein_coding	ABCB6
ENSG00000177646.20|11841|ACAD9|protein_coding	ACAD9
ENSG00000008018.9|2219|PSMB1|protein_coding	PSMB1
ENSG00000113141.18|4037|IK|protein_coding	IK
ENSG00000001617.12|4826|SEMA3F|protein_coding	SEMA3F
ENSG00000117586.11|3963|TNFSF4|protein_coding	TNFSF4
ENSG00000006576.16|8646|PHTF2|protein_coding	PHTF2
ENSG00000169020.10|932|ATP5ME|protein_coding	ATP5ME
ENSG00000146530.14|6712|VWDE|protein_coding	VWDE
ENSG00000070501.12|4106|POLB|protein_coding	POLB
ENSG00000168081.9|1990|PNOC|protein_coding	PNOC
ENSG00000179241.13|4575|LDLRAD3|protein_coding	LDLRAD3
ENSG00000148730.7|7491|EIF4EBP2|protein_coding	EIF4EBP2
ENSG00000136770.11|2490|DNAJC1|protein_coding	DNAJC1
ENSG00000131652.14|1860|THOC6|protein_coding	THOC6
ENSG00000143079.15|7371|CTTNBP2NL|protein_coding	CTTNBP2NL
ENSG00000101310.17|4347|SEC23B|protein_coding	SEC23B
ENSG00000105402.8|5690|NAPA|protein_coding	NAPA
ENSG00000136527.18|13084|TRA2B|protein_coding	TRA2B
ENSG00000147394.18|4812|ZNF185|protein_coding	ZNF185
ENSG00000239732.4|3352|TLR9|protein_coding	TLR9
ENSG00000284952.1|3746|RP11-674E16.5|protein_coding	RP11-674E16.5
ENSG00000168497.5|3054|CAVIN2|protein_coding	CAVIN2
ENSG00000274618.2|401|H4C6|protein_coding	H4C6
ENSG00000048392.12|5391|RRM2B|protein_coding	RRM2B
ENSG00000072657.10|12264|TRHDE|protein_coding	TRHDE
ENSG00000139112.11|4053|GABARAPL1|protein_coding	GABARAPL1
ENSG00000178860.9|2046|MSC|protein_coding	MSC
ENSG00000173626.10|2831|TRAPPC3L|protein_coding	TRAPPC3L
ENSG00000117983.17|18598|MUC5B|protein_coding	MUC5B
ENSG00000080608.10|2573|PUM3|protein_coding	PUM3
ENSG00000127824.15|3698|TUBA4A|protein_coding	TUBA4A
ENSG00000087008.16|3846|ACOX3|protein_coding	ACOX3
ENSG00000162616.9|3702|DNAJB4|protein_coding	DNAJB4
ENSG00000112039.5|2709|FANCE|protein_coding	FANCE
ENSG00000105643.11|4637|ARRDC2|protein_coding	ARRDC2
ENSG00000117500.13|9211|TMED5|protein_coding	TMED5
ENSG00000138767.13|9367|CNOT6L|protein_coding	CNOT6L
ENSG00000177144.8|3642|NUDT4B|protein_coding	NUDT4B
ENSG00000127329.16|14538|PTPRB|protein_coding	PTPRB
ENSG00000119414.12|4443|PPP6C|protein_coding	PPP6C
ENSG00000100100.13|3804|PIK3IP1|protein_coding	PIK3IP1
ENSG00000168060.16|4048|NAALADL1|protein_coding	NAALADL1
ENSG00000107175.12|1635|CREB3|protein_coding	CREB3
ENSG00000218891.5|3320|ZNF579|protein_coding	ZNF579
ENSG00000130203.10|2154|APOE|protein_coding	APOE
ENSG00000125695.12|2128|RP11-51F16.8|protein_coding	RP11-51F16.8
ENSG00000117597.18|10411|UTP25|protein_coding	UTP25
ENSG00000110048.12|5122|OSBP|protein_coding	OSBP
ENSG00000205133.12|6721|TRIQK|protein_coding	TRIQK
ENSG00000248592.7|6271|STIMATE-MUSTN1|protein_coding	STIMATE-MUSTN1
ENSG00000171307.19|3039|ZDHHC16|protein_coding	ZDHHC16
ENSG00000005882.12|5471|PDK2|protein_coding	PDK2
ENSG00000088812.18|8771|ATRN|protein_coding	ATRN
ENSG00000133393.13|2392|CEP20|protein_coding	CEP20
ENSG00000025293.17|8372|PHF20|protein_coding	PHF20
ENSG00000148943.12|4842|LIN7C|protein_coding	LIN7C
ENSG00000168297.16|5355|PXK|protein_coding	PXK
ENSG00000103150.7|16792|MLYCD|protein_coding	MLYCD
ENSG00000088986.11|2931|DYNLL1|protein_coding	DYNLL1
ENSG00000183172.9|1731|SMDT1|protein_coding	SMDT1
ENSG00000118432.13|6345|CNR1|protein_coding	CNR1
ENSG00000181409.14|13177|AATK|protein_coding	AATK
ENSG00000198420.10|6310|TCAF1|protein_coding	TCAF1
ENSG00000149557.14|9324|FEZ1|protein_coding	FEZ1
ENSG00000166681.14|1112|BEX3|protein_coding	BEX3
ENSG00000126561.18|6385|STAT5A|protein_coding	STAT5A
ENSG00000139278.10|6210|GLIPR1|protein_coding	GLIPR1
ENSG00000124243.19|2084|BCAS4|protein_coding	BCAS4
ENSG00000125968.9|1233|ID1|protein_coding	ID1
ENSG00000125355.16|3858|TMEM255A|protein_coding	TMEM255A
ENSG00000159202.18|5715|UBE2Z|protein_coding	UBE2Z
ENSG00000225828.1|2845|FAM229A|protein_coding	FAM229A
ENSG00000130202.10|3742|NECTIN2|protein_coding	NECTIN2
ENSG00000111912.20|7647|NCOA7|protein_coding	NCOA7
ENSG00000077044.11|9784|DGKD|protein_coding	DGKD
ENSG00000100003.18|5887|SEC14L2|protein_coding	SEC14L2
ENSG00000178607.17|19153|ERN1|protein_coding	ERN1
ENSG00000166313.19|5244|APBB1|protein_coding	APBB1
ENSG00000106780.9|6300|MEGF9|protein_coding	MEGF9
ENSG00000126500.4|4178|FLRT1|protein_coding	FLRT1
ENSG00000172046.19|5723|USP19|protein_coding	USP19
ENSG00000274070.2|8206|CASTOR2|protein_coding	CASTOR2
ENSG00000135930.14|6555|EIF4E2|protein_coding	EIF4E2
ENSG00000119321.9|11017|FKBP15|protein_coding	FKBP15
ENSG00000038532.16|12523|CLEC16A|protein_coding	CLEC16A
ENSG00000184281.15|2659|TSSC4|protein_coding	TSSC4
ENSG00000057704.13|6512|TMCC3|protein_coding	TMCC3
ENSG00000186501.15|4476|TMEM222|protein_coding	TMEM222
ENSG00000137441.8|1187|FGFBP2|protein_coding	FGFBP2
ENSG00000166971.17|5195|AKTIP|protein_coding	AKTIP
ENSG00000131773.14|8646|KHDRBS3|protein_coding	KHDRBS3
ENSG00000132613.15|4986|MTSS2|protein_coding	MTSS2
ENSG00000132704.16|5058|FCRL2|protein_coding	FCRL2
ENSG00000248871.1|1816|TNFSF12-TNFSF13|protein_coding	TNFSF12-TNFSF13
ENSG00000135164.19|9369|DMTF1|protein_coding	DMTF1
ENSG00000103319.12|8030|EEF2K|protein_coding	EEF2K
ENSG00000278615.5|879|C11orf98|protein_coding	C11orf98
ENSG00000138071.14|4312|ACTR2|protein_coding	ACTR2
ENSG00000080824.19|5097|HSP90AA1|protein_coding	HSP90AA1
ENSG00000173210.20|7225|ABLIM3|protein_coding	ABLIM3
ENSG00000106638.17|6396|TBL2|protein_coding	TBL2
ENSG00000125691.14|5905|RPL23|protein_coding	RPL23
ENSG00000015532.10|5472|XYLT2|protein_coding	XYLT2
ENSG00000112624.12|6843|BICRAL|protein_coding	BICRAL
ENSG00000198300.14|9769|PEG3|protein_coding	PEG3
ENSG00000111231.9|2593|GPN3|protein_coding	GPN3
ENSG00000257950.3|5905|P2RX5-TAX1BP3|protein_coding	P2RX5-TAX1BP3
ENSG00000148204.12|6349|CRB2|protein_coding	CRB2
ENSG00000196123.13|4783|KIAA0895L|protein_coding	KIAA0895L
ENSG00000136888.8|3455|ATP6V1G1|protein_coding	ATP6V1G1
ENSG00000078589.13|3576|P2RY10|protein_coding	P2RY10
ENSG00000005007.13|8573|UPF1|protein_coding	UPF1
ENSG00000102699.6|6043|PARP4|protein_coding	PARP4
ENSG00000112486.17|4346|CCR6|protein_coding	CCR6
ENSG00000108788.12|4255|MLX|protein_coding	MLX
ENSG00000137752.24|3698|CASP1|protein_coding	CASP1
ENSG00000127334.11|9470|DYRK2|protein_coding	DYRK2
ENSG00000158825.6|820|CDA|protein_coding	CDA
ENSG00000255529.9|6508|POLR2M|protein_coding	POLR2M
ENSG00000170584.11|8809|NUDCD2|protein_coding	NUDCD2
ENSG00000147234.11|9615|FRMPD3|protein_coding	FRMPD3
ENSG00000170689.10|2586|HOXB9|protein_coding	HOXB9
ENSG00000110925.7|5230|CSRNP2|protein_coding	CSRNP2
ENSG00000156261.13|3341|CCT8|protein_coding	CCT8
ENSG00000047188.16|10805|YTHDC2|protein_coding	YTHDC2
ENSG00000070366.14|10568|SMG6|protein_coding	SMG6
ENSG00000140006.12|3218|WDR89|protein_coding	WDR89
ENSG00000138459.9|4828|SLC35A5|protein_coding	SLC35A5
ENSG00000117461.15|7397|PIK3R3|protein_coding	PIK3R3
ENSG00000174038.13|3825|C9orf131|protein_coding	C9orf131
ENSG00000171130.19|6749|ATP6V0E2|protein_coding	ATP6V0E2
ENSG00000139436.21|13532|GIT2|protein_coding	GIT2
ENSG00000130803.15|5048|ZNF317|protein_coding	ZNF317
ENSG00000285437.1|7195|POLR2J3|protein_coding	POLR2J3
ENSG00000105483.18|13219|CARD8|protein_coding	CARD8
ENSG00000065427.15|4051|KARS1|protein_coding	KARS1
ENSG00000148834.13|1691|GSTO1|protein_coding	GSTO1
ENSG00000078902.16|5983|TOLLIP|protein_coding	TOLLIP
ENSG00000266338.6|5306|NBPF15|protein_coding	NBPF15
ENSG00000109610.6|2018|SOD3|protein_coding	SOD3
ENSG00000179914.5|1492|ITLN1|protein_coding	ITLN1
ENSG00000109929.10|10054|SC5D|protein_coding	SC5D
ENSG00000170271.11|6928|FAXDC2|protein_coding	FAXDC2
ENSG00000039537.14|4857|C6|protein_coding	C6
ENSG00000135341.18|7254|MAP3K7|protein_coding	MAP3K7
ENSG00000186522.15|4251|SEPTIN10|protein_coding	SEPTIN10
ENSG00000105974.13|3868|CAV1|protein_coding	CAV1
ENSG00000198822.11|4474|GRM3|protein_coding	GRM3
ENSG00000197937.13|9133|ZNF347|protein_coding	ZNF347
ENSG00000168118.12|3310|RAB4A|protein_coding	RAB4A
ENSG00000069974.16|5603|RAB27A|protein_coding	RAB27A
ENSG00000159069.14|3294|FBXW5|protein_coding	FBXW5
ENSG00000146540.15|4961|C7orf50|protein_coding	C7orf50
ENSG00000159314.11|10426|ARHGAP27|protein_coding	ARHGAP27
ENSG00000059145.19|7494|UNKL|protein_coding	UNKL
ENSG00000157851.17|7048|DPYSL5|protein_coding	DPYSL5
ENSG00000110203.9|1396|FOLR3|protein_coding	FOLR3
ENSG00000128563.13|3696|PRKRIP1|protein_coding	PRKRIP1
ENSG00000175203.17|9995|DCTN2|protein_coding	DCTN2
ENSG00000095015.6|7741|MAP3K1|protein_coding	MAP3K1
ENSG00000146276.12|3775|GABRR1|protein_coding	GABRR1
ENSG00000081923.15|7028|ATP8B1|protein_coding	ATP8B1
ENSG00000143870.13|4096|PDIA6|protein_coding	PDIA6
ENSG00000010704.19|5675|HFE|protein_coding	HFE
ENSG00000163382.13|10113|NAXE|protein_coding	NAXE
ENSG00000101152.11|5343|DNAJC5|protein_coding	DNAJC5
ENSG00000272391.6|8796|POM121C|protein_coding	POM121C
ENSG00000119596.18|14935|YLPM1|protein_coding	YLPM1
ENSG00000173141.5|2233|MRPL57|protein_coding	MRPL57
ENSG00000164902.14|3662|PHAX|protein_coding	PHAX
ENSG00000133318.14|5792|RTN3|protein_coding	RTN3
ENSG00000239305.7|7594|RNF103|protein_coding	RNF103
ENSG00000236699.9|7580|ARHGEF38|protein_coding	ARHGEF38
ENSG00000116649.10|1894|SRM|protein_coding	SRM
ENSG00000181444.13|2843|ZNF467|protein_coding	ZNF467
ENSG00000153815.17|13077|CMIP|protein_coding	CMIP
ENSG00000100714.17|12208|MTHFD1|protein_coding	MTHFD1
ENSG00000101331.17|2599|CCM2L|protein_coding	CCM2L
ENSG00000175166.17|4960|PSMD2|protein_coding	PSMD2
ENSG00000139517.9|4815|LNX2|protein_coding	LNX2
ENSG00000162600.12|3718|OMA1|protein_coding	OMA1
ENSG00000189221.10|5528|MAOA|protein_coding	MAOA
ENSG00000123159.16|4440|GIPC1|protein_coding	GIPC1
ENSG00000287542.1|4967|RP11-2I7.1|protein_coding	RP11-2I7.1
ENSG00000135097.7|3074|MSI1|protein_coding	MSI1
ENSG00000105492.16|4279|SIGLEC6|protein_coding	SIGLEC6
ENSG00000008083.14|6244|JARID2|protein_coding	JARID2
ENSG00000162882.15|2726|HAAO|protein_coding	HAAO
ENSG00000121671.12|6200|CRY2|protein_coding	CRY2
ENSG00000099940.12|4925|SNAP29|protein_coding	SNAP29
ENSG00000161010.15|8469|MRNIP|protein_coding	MRNIP
ENSG00000076984.18|5145|MAP2K7|protein_coding	MAP2K7
ENSG00000253276.4|6799|CCDC71L|protein_coding	CCDC71L
ENSG00000124508.17|6398|BTN2A2|protein_coding	BTN2A2
ENSG00000164338.10|6324|UTP15|protein_coding	UTP15
ENSG00000250361.9|1907|GYPB|protein_coding	GYPB
ENSG00000105058.12|1921|FAM32A|protein_coding	FAM32A
ENSG00000198356.12|1451|GET3|protein_coding	GET3
ENSG00000076641.4|11023|PAG1|protein_coding	PAG1
ENSG00000127084.19|5818|FGD3|protein_coding	FGD3
ENSG00000100201.23|9997|DDX17|protein_coding	DDX17
ENSG00000134817.11|3659|APLNR|protein_coding	APLNR
ENSG00000164112.14|3061|SMIM43|protein_coding	SMIM43
ENSG00000137841.12|7349|PLCB2|protein_coding	PLCB2
ENSG00000035720.8|1951|STAP1|protein_coding	STAP1
ENSG00000143363.17|3156|PRUNE1|protein_coding	PRUNE1
ENSG00000196655.12|4809|TRAPPC4|protein_coding	TRAPPC4
ENSG00000179933.6|2930|C14orf119|protein_coding	C14orf119
ENSG00000154144.13|7155|TBRG1|protein_coding	TBRG1
ENSG00000131467.11|5154|PSME3|protein_coding	PSME3
ENSG00000162385.11|1363|MAGOH|protein_coding	MAGOH
ENSG00000113597.18|6761|TRAPPC13|protein_coding	TRAPPC13
ENSG00000145743.17|8125|FBXL17|protein_coding	FBXL17
ENSG00000113558.19|12697|SKP1|protein_coding	SKP1
ENSG00000159339.13|2971|PADI4|protein_coding	PADI4
ENSG00000137693.14|6311|YAP1|protein_coding	YAP1
ENSG00000126945.9|2296|HNRNPH2|protein_coding	HNRNPH2
ENSG00000048828.17|7246|FAM120A|protein_coding	FAM120A
ENSG00000104921.15|2451|FCER2|protein_coding	FCER2
ENSG00000138772.13|4895|ANXA3|protein_coding	ANXA3
ENSG00000107372.13|7065|ZFAND5|protein_coding	ZFAND5
ENSG00000168734.14|2466|PKIG|protein_coding	PKIG
ENSG00000164047.6|745|CAMP|protein_coding	CAMP
ENSG00000284776.1|695|RP11-555E18.2|protein_coding	RP11-555E18.2
ENSG00000106852.15|5748|LHX6|protein_coding	LHX6
ENSG00000109536.12|1623|FRG1|protein_coding	FRG1
ENSG00000272772.1|483|CTD-2410N18.5|protein_coding	CTD-2410N18.5
ENSG00000134744.14|16199|TUT4|protein_coding	TUT4
ENSG00000071127.17|7827|WDR1|protein_coding	WDR1
ENSG00000203791.15|5819|EEF1AKMT2|protein_coding	EEF1AKMT2
ENSG00000149782.13|4957|PLCB3|protein_coding	PLCB3
ENSG00000204370.13|2790|SDHD|protein_coding	SDHD
ENSG00000198736.12|2105|MSRB1|protein_coding	MSRB1
ENSG00000111481.10|3898|COPZ1|protein_coding	COPZ1
ENSG00000105568.18|7413|PPP2R1A|protein_coding	PPP2R1A
ENSG00000120658.13|3101|ENOX1|protein_coding	ENOX1
ENSG00000147459.18|15989|DOCK5|protein_coding	DOCK5
ENSG00000158352.17|10338|SHROOM4|protein_coding	SHROOM4
ENSG00000132405.19|6260|TBC1D14|protein_coding	TBC1D14
ENSG00000184517.12|3759|ZFP1|protein_coding	ZFP1
ENSG00000136573.14|4904|BLK|protein_coding	BLK
ENSG00000149016.16|3542|TUT1|protein_coding	TUT1
ENSG00000155096.15|6130|AZIN1|protein_coding	AZIN1
ENSG00000175003.15|2286|SLC22A1|protein_coding	SLC22A1
ENSG00000131043.13|7291|AAR2|protein_coding	AAR2
ENSG00000205744.10|4647|DENND1C|protein_coding	DENND1C
ENSG00000184611.12|5011|KCNH7|protein_coding	KCNH7
ENSG00000143761.16|3281|ARF1|protein_coding	ARF1
ENSG00000157014.11|5572|TATDN2|protein_coding	TATDN2
ENSG00000197111.16|7926|PCBP2|protein_coding	PCBP2
ENSG00000013810.21|8825|TACC3|protein_coding	TACC3
ENSG00000025772.8|1973|TOMM34|protein_coding	TOMM34
ENSG00000110583.13|5312|NAA40|protein_coding	NAA40
ENSG00000073849.16|11142|ST6GAL1|protein_coding	ST6GAL1
ENSG00000213347.10|5154|MXD3|protein_coding	MXD3
ENSG00000144381.18|7629|HSPD1|protein_coding	HSPD1
ENSG00000197915.7|9629|HRNR|protein_coding	HRNR
ENSG00000283787.2|3818|PRR33|protein_coding	PRR33
ENSG00000145284.12|4231|SCD5|protein_coding	SCD5
ENSG00000129559.13|3787|NEDD8|protein_coding	NEDD8
ENSG00000266028.8|15609|SRGAP2|protein_coding	SRGAP2
ENSG00000103187.8|6761|COTL1|protein_coding	COTL1
ENSG00000169756.16|7771|LIMS1|protein_coding	LIMS1
ENSG00000114841.18|13873|DNAH1|protein_coding	DNAH1
ENSG00000185633.10|2806|NDUFA4L2|protein_coding	NDUFA4L2
ENSG00000138449.11|4218|SLC40A1|protein_coding	SLC40A1
ENSG00000141968.8|4311|VAV1|protein_coding	VAV1
ENSG00000089737.17|8607|DDX24|protein_coding	DDX24
ENSG00000138074.15|5588|SLC5A6|protein_coding	SLC5A6
ENSG00000117155.17|8563|SSX2IP|protein_coding	SSX2IP
ENSG00000168925.12|2196|CTRB1|protein_coding	CTRB1
ENSG00000171903.17|3725|CYP4F11|protein_coding	CYP4F11
ENSG00000284626.1|4014|RP11-697E2.13|protein_coding	RP11-697E2.13
ENSG00000160293.17|5682|VAV2|protein_coding	VAV2
ENSG00000149577.16|9058|SIDT2|protein_coding	SIDT2
ENSG00000160999.10|2384|SH2B2|protein_coding	SH2B2
ENSG00000138614.15|4210|INTS14|protein_coding	INTS14
ENSG00000167614.14|7072|TTYH1|protein_coding	TTYH1
ENSG00000147113.17|6721|DIPK2B|protein_coding	DIPK2B
ENSG00000157259.8|6337|GATAD1|protein_coding	GATAD1
ENSG00000023191.17|7374|RNH1|protein_coding	RNH1
ENSG00000135480.16|3999|KRT7|protein_coding	KRT7
ENSG00000115274.15|1442|INO80B|protein_coding	INO80B
ENSG00000139631.19|4406|CSAD|protein_coding	CSAD
ENSG00000068724.17|7180|TTC7A|protein_coding	TTC7A
ENSG00000101413.12|5330|RPRD1B|protein_coding	RPRD1B
ENSG00000144224.17|4998|UBXN4|protein_coding	UBXN4
ENSG00000163946.14|9853|TASOR|protein_coding	TASOR
ENSG00000072134.15|8517|EPN2|protein_coding	EPN2
ENSG00000198363.18|20047|ASPH|protein_coding	ASPH
ENSG00000273025.1|1902|RP11-106M3.5|protein_coding	RP11-106M3.5
ENSG00000074416.15|11849|MGLL|protein_coding	MGLL
ENSG00000288591.1|6883|RP11-766N7.5|protein_coding	RP11-766N7.5
ENSG00000181315.11|5059|ZNF322|protein_coding	ZNF322
ENSG00000101336.18|3083|HCK|protein_coding	HCK
ENSG00000029993.15|3914|HMGB3|protein_coding	HMGB3
ENSG00000131871.15|3758|SELENOS|protein_coding	SELENOS
ENSG00000037241.7|1164|RPL26L1|protein_coding	RPL26L1
ENSG00000069493.15|6955|CLEC2D|protein_coding	CLEC2D
ENSG00000177427.13|3906|MIEF2|protein_coding	MIEF2
ENSG00000068796.19|13050|KIF2A|protein_coding	KIF2A
ENSG00000104804.8|2249|TULP2|protein_coding	TULP2
ENSG00000205250.9|3596|E2F4|protein_coding	E2F4
ENSG00000131188.12|1753|PRR7|protein_coding	PRR7
ENSG00000137460.10|6597|FHDC1|protein_coding	FHDC1
ENSG00000284461.2|4139|RP11-792A8.5|protein_coding	RP11-792A8.5
ENSG00000167261.14|3498|DPEP2|protein_coding	DPEP2
ENSG00000105298.14|5948|CACTIN|protein_coding	CACTIN
ENSG00000213672.8|3431|NCKIPSD|protein_coding	NCKIPSD
ENSG00000104863.12|1753|LIN7B|protein_coding	LIN7B
ENSG00000197457.10|3029|STMN3|protein_coding	STMN3
ENSG00000142694.7|1242|EVA1B|protein_coding	EVA1B
ENSG00000162623.16|4616|TYW3|protein_coding	TYW3
ENSG00000138798.13|7628|EGF|protein_coding	EGF
ENSG00000160695.15|5775|VPS11|protein_coding	VPS11
ENSG00000105376.5|3935|ICAM5|protein_coding	ICAM5
ENSG00000254585.5|4319|MAGEL2|protein_coding	MAGEL2
ENSG00000188739.15|2939|RBM34|protein_coding	RBM34
ENSG00000164270.18|7045|HTR4|protein_coding	HTR4
ENSG00000063244.13|4116|U2AF2|protein_coding	U2AF2
ENSG00000100897.18|6350|DCAF11|protein_coding	DCAF11
ENSG00000137936.18|6919|BCAR3|protein_coding	BCAR3
ENSG00000152078.10|7385|TLCD4|protein_coding	TLCD4
ENSG00000275464.5|7589|CH507-9B2.5|protein_coding	CH507-9B2.5
ENSG00000104892.17|3654|KLC3|protein_coding	KLC3
ENSG00000177842.12|3783|ZNF620|protein_coding	ZNF620
ENSG00000151718.16|10002|WWC2|protein_coding	WWC2
ENSG00000127445.14|4577|PIN1|protein_coding	PIN1
ENSG00000205581.11|5042|HMGN1|protein_coding	HMGN1
ENSG00000162813.18|3113|BPNT1|protein_coding	BPNT1
ENSG00000152256.14|14845|PDK1|protein_coding	PDK1
ENSG00000285932.1|1971|RP11-483F11.9|protein_coding	RP11-483F11.9
ENSG00000162066.16|4366|AMDHD2|protein_coding	AMDHD2
ENSG00000169245.6|1175|CXCL10|protein_coding	CXCL10
ENSG00000173226.17|3051|IQCB1|protein_coding	IQCB1
ENSG00000068976.14|4658|PYGM|protein_coding	PYGM
ENSG00000271503.6|1499|CCL5|protein_coding	CCL5
ENSG00000101126.18|8482|ADNP|protein_coding	ADNP
ENSG00000119977.22|9465|TCTN3|protein_coding	TCTN3
ENSG00000108679.13|3422|LGALS3BP|protein_coding	LGALS3BP
ENSG00000166797.11|2260|CIAO2A|protein_coding	CIAO2A
ENSG00000146904.9|4697|EPHA1|protein_coding	EPHA1
ENSG00000184939.16|7015|ZFP90|protein_coding	ZFP90
ENSG00000183569.18|2821|SERHL2|protein_coding	SERHL2
ENSG00000175115.13|9587|PACS1|protein_coding	PACS1
ENSG00000129235.11|3557|TXNDC17|protein_coding	TXNDC17
ENSG00000123384.14|20859|LRP1|protein_coding	LRP1
ENSG00000110074.11|5657|FOXRED1|protein_coding	FOXRED1
ENSG00000143751.10|3987|SDE2|protein_coding	SDE2
ENSG00000136270.14|5803|TBRG4|protein_coding	TBRG4
ENSG00000104450.13|5056|SPAG1|protein_coding	SPAG1
ENSG00000133606.11|5843|MKRN1|protein_coding	MKRN1
ENSG00000081386.13|7233|ZNF510|protein_coding	ZNF510
ENSG00000067064.12|4294|IDI1|protein_coding	IDI1
ENSG00000010292.13|6470|NCAPD2|protein_coding	NCAPD2
ENSG00000111077.18|7964|TNS2|protein_coding	TNS2
ENSG00000163513.19|6850|TGFBR2|protein_coding	TGFBR2
ENSG00000184005.11|7212|ST6GALNAC3|protein_coding	ST6GALNAC3
ENSG00000163866.9|10337|SMIM12|protein_coding	SMIM12
ENSG00000178971.16|8533|CTC1|protein_coding	CTC1
ENSG00000286237.1|5582|ARMCX5-GPRASP2|protein_coding	ARMCX5-GPRASP2
ENSG00000187017.17|6952|ESPN|protein_coding	ESPN
ENSG00000274349.5|4834|ZNF658|protein_coding	ZNF658
ENSG00000057608.17|3918|GDI2|protein_coding	GDI2
ENSG00000151474.23|14686|FRMD4A|protein_coding	FRMD4A
ENSG00000166886.13|2861|NAB2|protein_coding	NAB2
ENSG00000166984.12|4306|TCP10L2|protein_coding	TCP10L2
ENSG00000160813.7|1119|PPP1R35|protein_coding	PPP1R35
ENSG00000131482.10|4365|G6PC1|protein_coding	G6PC1
ENSG00000167642.13|5085|SPINT2|protein_coding	SPINT2
ENSG00000135083.16|9232|CCNJL|protein_coding	CCNJL
ENSG00000170776.22|20280|AKAP13|protein_coding	AKAP13
ENSG00000186575.19|7392|NF2|protein_coding	NF2
ENSG00000122882.11|3675|ECD|protein_coding	ECD
ENSG00000166275.16|2672|BORCS7|protein_coding	BORCS7
ENSG00000125945.15|4786|ZNF436|protein_coding	ZNF436
ENSG00000157107.14|6067|FCHO2|protein_coding	FCHO2
ENSG00000096080.12|1385|MRPS18A|protein_coding	MRPS18A
ENSG00000077232.19|25053|DNAJC10|protein_coding	DNAJC10
ENSG00000183049.13|8697|CAMK1D|protein_coding	CAMK1D
ENSG00000081148.12|8352|IMPG2|protein_coding	IMPG2
ENSG00000116819.9|4308|TFAP2E|protein_coding	TFAP2E
ENSG00000114127.11|11982|XRN1|protein_coding	XRN1
ENSG00000196338.14|4006|NLGN3|protein_coding	NLGN3
ENSG00000249860.4|1687|MTRNR2L5|protein_coding	MTRNR2L5
ENSG00000163564.15|3484|PYHIN1|protein_coding	PYHIN1
ENSG00000112851.15|10132|ERBIN|protein_coding	ERBIN
ENSG00000088930.8|3408|XRN2|protein_coding	XRN2
ENSG00000164163.11|6254|ABCE1|protein_coding	ABCE1
ENSG00000129009.13|2632|ISLR|protein_coding	ISLR
ENSG00000175105.8|6800|ZNF654|protein_coding	ZNF654
ENSG00000186111.11|7106|PIP5K1C|protein_coding	PIP5K1C
ENSG00000173267.14|1264|SNCG|protein_coding	SNCG
ENSG00000101049.17|5140|SGK2|protein_coding	SGK2
ENSG00000115091.12|11946|ACTR3|protein_coding	ACTR3
ENSG00000174744.14|2514|BRMS1|protein_coding	BRMS1
ENSG00000033050.9|5158|ABCF2|protein_coding	ABCF2
ENSG00000249209.2|1078|AP000304.12|protein_coding	AP000304.12
ENSG00000157764.14|23433|BRAF|protein_coding	BRAF
ENSG00000116809.12|4240|ZBTB17|protein_coding	ZBTB17
ENSG00000163154.6|1158|TNFAIP8L2|protein_coding	TNFAIP8L2
ENSG00000140931.20|3123|CMTM3|protein_coding	CMTM3
ENSG00000168288.13|2150|MMADHC|protein_coding	MMADHC
ENSG00000114349.10|3936|GNAT1|protein_coding	GNAT1
ENSG00000140400.17|9124|MAN2C1|protein_coding	MAN2C1
ENSG00000096717.12|4564|SIRT1|protein_coding	SIRT1
ENSG00000101327.9|3524|PDYN|protein_coding	PDYN
ENSG00000067842.18|10071|ATP2B3|protein_coding	ATP2B3
ENSG00000117174.11|6203|ZNHIT6|protein_coding	ZNHIT6
ENSG00000164187.7|8352|LMBRD2|protein_coding	LMBRD2
ENSG00000177051.6|3527|FBXO46|protein_coding	FBXO46
ENSG00000205220.12|1626|PSMB10|protein_coding	PSMB10
ENSG00000160209.19|11912|PDXK|protein_coding	PDXK
ENSG00000178947.9|5230|SMIM10L2A|protein_coding	SMIM10L2A
ENSG00000169228.14|2065|RAB24|protein_coding	RAB24
ENSG00000214300.7|4131|SPDYE3|protein_coding	SPDYE3
ENSG00000186918.14|5808|ZNF395|protein_coding	ZNF395
ENSG00000177156.11|2907|TALDO1|protein_coding	TALDO1
ENSG00000109861.17|24849|CTSC|protein_coding	CTSC
ENSG00000170561.13|3399|IRX2|protein_coding	IRX2
ENSG00000249319.2|922|AC068533.7|protein_coding	AC068533.7
ENSG00000146872.19|14835|TLK2|protein_coding	TLK2
ENSG00000146576.13|2724|C7orf26|protein_coding	C7orf26
ENSG00000168875.3|2020|SOX14|protein_coding	SOX14
ENSG00000267261.5|1199|CTD-2132N18.3|protein_coding	CTD-2132N18.3
ENSG00000162728.5|4202|KCNJ9|protein_coding	KCNJ9
ENSG00000125850.11|2203|OVOL2|protein_coding	OVOL2
ENSG00000076928.18|8624|ARHGEF1|protein_coding	ARHGEF1
ENSG00000198723.11|2923|TEX45|protein_coding	TEX45
ENSG00000135624.16|3591|CCT7|protein_coding	CCT7
ENSG00000198853.12|5698|RUSC2|protein_coding	RUSC2
ENSG00000171522.6|3544|PTGER4|protein_coding	PTGER4
ENSG00000113083.15|5596|LOX|protein_coding	LOX
ENSG00000060656.20|6682|PTPRU|protein_coding	PTPRU
ENSG00000186815.13|8728|TPCN1|protein_coding	TPCN1
ENSG00000163798.13|5207|SLC4A1AP|protein_coding	SLC4A1AP
ENSG00000198466.12|7353|ZNF587|protein_coding	ZNF587
ENSG00000128641.19|9533|MYO1B|protein_coding	MYO1B
ENSG00000169239.13|8522|CA5B|protein_coding	CA5B
ENSG00000141446.11|5285|ESCO1|protein_coding	ESCO1
ENSG00000085999.13|4078|RAD54L|protein_coding	RAD54L
ENSG00000180739.14|2803|S1PR5|protein_coding	S1PR5
ENSG00000114573.10|5116|ATP6V1A|protein_coding	ATP6V1A
ENSG00000112782.19|10432|CLIC5|protein_coding	CLIC5
ENSG00000100979.15|2541|PLTP|protein_coding	PLTP
ENSG00000125944.21|8704|HNRNPR|protein_coding	HNRNPR
ENSG00000126698.11|2892|DNAJC8|protein_coding	DNAJC8
ENSG00000160796.18|12058|NBEAL2|protein_coding	NBEAL2
ENSG00000115234.11|3767|SNX17|protein_coding	SNX17
ENSG00000112701.18|11417|SENP6|protein_coding	SENP6
ENSG00000229809.9|2290|ZNF688|protein_coding	ZNF688
ENSG00000078725.13|3874|BRINP1|protein_coding	BRINP1
ENSG00000242247.11|3273|ARFGAP3|protein_coding	ARFGAP3
ENSG00000213145.10|2485|CRIP1|protein_coding	CRIP1
ENSG00000161714.12|6748|PLCD3|protein_coding	PLCD3
ENSG00000107738.20|5153|VSIR|protein_coding	VSIR
ENSG00000108465.15|6077|CDK5RAP3|protein_coding	CDK5RAP3
ENSG00000106100.11|6820|NOD1|protein_coding	NOD1
ENSG00000102743.15|4186|SLC25A15|protein_coding	SLC25A15
ENSG00000171105.14|10831|INSR|protein_coding	INSR
ENSG00000129315.11|7381|CCNT1|protein_coding	CCNT1
ENSG00000109099.16|10398|PMP22|protein_coding	PMP22
ENSG00000137193.14|3030|PIM1|protein_coding	PIM1
ENSG00000142677.4|2817|IL22RA1|protein_coding	IL22RA1
ENSG00000169598.17|3870|DFFB|protein_coding	DFFB
ENSG00000083937.10|8243|CHMP2B|protein_coding	CHMP2B
ENSG00000213585.11|3049|VDAC1|protein_coding	VDAC1
ENSG00000176903.5|2602|PNMA1|protein_coding	PNMA1
ENSG00000169427.8|6784|KCNK9|protein_coding	KCNK9
ENSG00000198961.10|5193|PJA2|protein_coding	PJA2
ENSG00000175582.20|4896|RAB6A|protein_coding	RAB6A
ENSG00000065615.14|9621|CYB5R4|protein_coding	CYB5R4
ENSG00000204482.11|2281|LST1|protein_coding	LST1
ENSG00000121297.8|8280|TSHZ3|protein_coding	TSHZ3
ENSG00000066933.16|20320|MYO9A|protein_coding	MYO9A
ENSG00000138138.14|5745|ATAD1|protein_coding	ATAD1
ENSG00000198951.12|3726|NAGA|protein_coding	NAGA
ENSG00000105419.18|5126|MEIS3|protein_coding	MEIS3
ENSG00000132424.17|11292|PNISR|protein_coding	PNISR
ENSG00000013503.10|4768|POLR3B|protein_coding	POLR3B
ENSG00000143819.13|2476|EPHX1|protein_coding	EPHX1
ENSG00000162065.14|12213|TBC1D24|protein_coding	TBC1D24
ENSG00000239382.10|4293|ALKBH6|protein_coding	ALKBH6
ENSG00000147642.17|7029|SYBU|protein_coding	SYBU
ENSG00000154174.8|5078|TOMM70|protein_coding	TOMM70
ENSG00000147140.17|11222|NONO|protein_coding	NONO
ENSG00000092140.16|9319|G2E3|protein_coding	G2E3
ENSG00000082074.19|8823|FYB1|protein_coding	FYB1
ENSG00000160803.8|3884|UBQLN4|protein_coding	UBQLN4
ENSG00000166548.17|10339|TK2|protein_coding	TK2
ENSG00000108510.10|12673|MED13|protein_coding	MED13
ENSG00000180992.7|957|MRPL14|protein_coding	MRPL14
ENSG00000139865.16|8361|TTC6|protein_coding	TTC6
ENSG00000099992.16|6948|TBC1D10A|protein_coding	TBC1D10A
ENSG00000064999.15|8498|ANKS1A|protein_coding	ANKS1A
ENSG00000160963.14|3101|COL26A1|protein_coding	COL26A1
ENSG00000169371.14|3516|SNUPN|protein_coding	SNUPN
ENSG00000162909.18|8585|CAPN2|protein_coding	CAPN2
ENSG00000264364.3|6807|DYNLL2|protein_coding	DYNLL2
ENSG00000162989.5|4907|KCNJ3|protein_coding	KCNJ3
ENSG00000185883.12|1416|ATP6V0C|protein_coding	ATP6V0C
ENSG00000100028.12|3914|SNRPD3|protein_coding	SNRPD3
ENSG00000196865.4|11223|NHLRC2|protein_coding	NHLRC2
ENSG00000119471.15|3307|HSDL2|protein_coding	HSDL2
ENSG00000163683.12|6527|SMIM14|protein_coding	SMIM14
ENSG00000159337.7|5146|PLA2G4D|protein_coding	PLA2G4D
ENSG00000102572.15|12077|STK24|protein_coding	STK24
ENSG00000113552.16|3959|GNPDA1|protein_coding	GNPDA1
ENSG00000150477.15|11137|KIAA1328|protein_coding	KIAA1328
ENSG00000110852.5|2503|CLEC2B|protein_coding	CLEC2B
ENSG00000184304.16|5221|PRKD1|protein_coding	PRKD1
ENSG00000265763.4|3516|ZNF488|protein_coding	ZNF488
ENSG00000090266.13|4447|NDUFB2|protein_coding	NDUFB2
ENSG00000007171.18|4399|NOS2|protein_coding	NOS2
ENSG00000198791.12|10941|CNOT7|protein_coding	CNOT7
ENSG00000197363.10|5389|ZNF517|protein_coding	ZNF517
ENSG00000147535.17|4102|PLPP5|protein_coding	PLPP5
ENSG00000112033.14|4457|PPARD|protein_coding	PPARD
ENSG00000107669.18|5385|ATE1|protein_coding	ATE1
ENSG00000119559.17|4774|C19orf25|protein_coding	C19orf25
ENSG00000069812.11|5407|HES2|protein_coding	HES2
ENSG00000105372.8|3461|RPS19|protein_coding	RPS19
ENSG00000167522.16|19527|ANKRD11|protein_coding	ANKRD11
ENSG00000145495.16|11344|MARCHF6|protein_coding	MARCHF6
ENSG00000144048.10|3544|DUSP11|protein_coding	DUSP11
ENSG00000172667.11|11298|ZMAT3|protein_coding	ZMAT3
ENSG00000164244.21|9029|PRRC1|protein_coding	PRRC1
ENSG00000058799.15|2036|YIPF1|protein_coding	YIPF1
ENSG00000185504.17|5353|FAAP100|protein_coding	FAAP100
ENSG00000158467.16|6858|AHCYL2|protein_coding	AHCYL2
ENSG00000239697.11|1911|TNFSF12|protein_coding	TNFSF12
ENSG00000101204.18|11897|CHRNA4|protein_coding	CHRNA4
ENSG00000130032.17|6524|PRRG3|protein_coding	PRRG3
ENSG00000269404.7|4282|SPIB|protein_coding	SPIB
ENSG00000065057.9|2430|NTHL1|protein_coding	NTHL1
ENSG00000124198.10|12446|ARFGEF2|protein_coding	ARFGEF2
ENSG00000213654.10|1833|GPSM3|protein_coding	GPSM3
ENSG00000215788.11|4263|TNFRSF25|protein_coding	TNFRSF25
ENSG00000177542.11|4595|SLC25A22|protein_coding	SLC25A22
ENSG00000147065.17|5987|MSN|protein_coding	MSN
ENSG00000204248.12|7364|COL11A2|protein_coding	COL11A2
ENSG00000164116.17|10461|GUCY1A1|protein_coding	GUCY1A1
ENSG00000158747.15|3448|NBL1|protein_coding	NBL1
ENSG00000095002.15|13674|MSH2|protein_coding	MSH2
ENSG00000179218.15|2802|CALR|protein_coding	CALR
ENSG00000131473.17|5208|ACLY|protein_coding	ACLY
ENSG00000089048.15|3249|ESF1|protein_coding	ESF1
ENSG00000008869.12|8238|HEATR5B|protein_coding	HEATR5B
ENSG00000136161.13|3541|RCBTB2|protein_coding	RCBTB2
ENSG00000258539.1|3422|RP11-12J10.3|protein_coding	RP11-12J10.3
ENSG00000176058.13|5281|TPRN|protein_coding	TPRN
ENSG00000153250.20|11778|RBMS1|protein_coding	RBMS1
ENSG00000249915.8|9294|PDCD6|protein_coding	PDCD6
ENSG00000133597.11|3110|ADCK2|protein_coding	ADCK2
ENSG00000174953.14|10552|DHX36|protein_coding	DHX36
ENSG00000116120.11|6761|FARSB|protein_coding	FARSB
ENSG00000099866.16|2453|MADCAM1|protein_coding	MADCAM1
ENSG00000115170.16|9842|ACVR1|protein_coding	ACVR1
ENSG00000182866.17|3339|LCK|protein_coding	LCK
ENSG00000137207.12|3043|YIPF3|protein_coding	YIPF3
ENSG00000130255.13|2271|RPL36|protein_coding	RPL36
ENSG00000162300.13|3120|ZFPL1|protein_coding	ZFPL1
ENSG00000070831.17|16278|CDC42|protein_coding	CDC42
ENSG00000185236.12|2309|RAB11B|protein_coding	RAB11B
ENSG00000163421.9|1613|PROK2|protein_coding	PROK2
ENSG00000219626.9|4927|FAM228B|protein_coding	FAM228B
ENSG00000177951.17|3868|BET1L|protein_coding	BET1L
ENSG00000111269.3|3922|CREBL2|protein_coding	CREBL2
ENSG00000198952.8|5304|SMG5|protein_coding	SMG5
ENSG00000173762.8|2741|CD7|protein_coding	CD7
ENSG00000157110.16|8894|RBPMS|protein_coding	RBPMS
ENSG00000134313.16|15361|KIDINS220|protein_coding	KIDINS220
ENSG00000019485.14|13976|PRDM11|protein_coding	PRDM11
ENSG00000180884.10|4414|ZNF792|protein_coding	ZNF792
ENSG00000156642.17|4032|NPTN|protein_coding	NPTN
ENSG00000198870.8|4409|STKLD1|protein_coding	STKLD1
ENSG00000213614.11|15893|HEXA|protein_coding	HEXA
ENSG00000167996.16|2004|FTH1|protein_coding	FTH1
ENSG00000182220.15|9541|ATP6AP2|protein_coding	ATP6AP2
ENSG00000173905.9|4584|GOLIM4|protein_coding	GOLIM4
ENSG00000131375.10|5596|CAPN7|protein_coding	CAPN7
ENSG00000184178.16|3176|SCFD2|protein_coding	SCFD2
ENSG00000123684.13|8790|LPGAT1|protein_coding	LPGAT1
ENSG00000189182.10|4013|KRT77|protein_coding	KRT77
ENSG00000149043.16|4704|SYT8|protein_coding	SYT8
ENSG00000113441.16|14966|LNPEP|protein_coding	LNPEP
ENSG00000013364.19|6141|MVP|protein_coding	MVP
ENSG00000088179.9|13276|PTPN4|protein_coding	PTPN4
ENSG00000168538.16|5841|TRAPPC11|protein_coding	TRAPPC11
ENSG00000164924.18|8557|YWHAZ|protein_coding	YWHAZ
ENSG00000138735.16|9586|PDE5A|protein_coding	PDE5A
ENSG00000187688.15|3381|TRPV2|protein_coding	TRPV2
ENSG00000183283.16|5299|DAZAP2|protein_coding	DAZAP2
ENSG00000129084.18|3050|PSMA1|protein_coding	PSMA1
ENSG00000198522.14|3749|GPN1|protein_coding	GPN1
ENSG00000159208.16|2849|CIART|protein_coding	CIART
ENSG00000157557.13|4977|ETS2|protein_coding	ETS2
ENSG00000173327.8|10563|MAP3K11|protein_coding	MAP3K11
ENSG00000155959.12|1948|VBP1|protein_coding	VBP1
ENSG00000158773.14|2336|USF1|protein_coding	USF1
ENSG00000198517.10|4470|MAFK|protein_coding	MAFK
ENSG00000189114.8|3376|BLOC1S3|protein_coding	BLOC1S3
ENSG00000148175.13|3199|STOM|protein_coding	STOM
ENSG00000143479.18|10297|DYRK3|protein_coding	DYRK3
ENSG00000197006.14|6953|METTL9|protein_coding	METTL9
ENSG00000168214.21|10796|RBPJ|protein_coding	RBPJ
ENSG00000126432.14|860|PRDX5|protein_coding	PRDX5
ENSG00000221994.12|4340|ZNF630|protein_coding	ZNF630
ENSG00000084463.8|5258|WBP11|protein_coding	WBP11
ENSG00000255835.1|1625|RP4-559A3.7|protein_coding	RP4-559A3.7
ENSG00000154237.13|17491|LRRK1|protein_coding	LRRK1
ENSG00000171604.12|3795|CXXC5|protein_coding	CXXC5
ENSG00000188428.20|3297|BLOC1S5|protein_coding	BLOC1S5
ENSG00000153064.12|6144|BANK1|protein_coding	BANK1
ENSG00000214212.9|1552|C19orf38|protein_coding	C19orf38
ENSG00000076513.17|7350|ANKRD13A|protein_coding	ANKRD13A
ENSG00000136111.14|8032|TBC1D4|protein_coding	TBC1D4
ENSG00000283239.1|7139|KBTBD11-OT1|protein_coding	KBTBD11-OT1
ENSG00000162910.19|1886|MRPL55|protein_coding	MRPL55
ENSG00000104946.13|4746|TBC1D17|protein_coding	TBC1D17
ENSG00000134259.6|4110|NGF|protein_coding	NGF
ENSG00000183020.14|9638|AP2A2|protein_coding	AP2A2
ENSG00000136158.12|3213|SPRY2|protein_coding	SPRY2
ENSG00000129055.13|2356|ANAPC13|protein_coding	ANAPC13
ENSG00000087365.16|9795|SF3B2|protein_coding	SF3B2
ENSG00000161203.13|4756|AP2M1|protein_coding	AP2M1
ENSG00000101940.18|7872|WDR13|protein_coding	WDR13
ENSG00000142784.16|5911|WDTC1|protein_coding	WDTC1
ENSG00000184785.6|1483|SMIM10|protein_coding	SMIM10
ENSG00000179456.10|3906|ZBTB18|protein_coding	ZBTB18
ENSG00000057657.17|6750|PRDM1|protein_coding	PRDM1
ENSG00000163879.11|4456|DNALI1|protein_coding	DNALI1
ENSG00000184545.11|4960|DUSP8|protein_coding	DUSP8
ENSG00000141552.18|4027|ANAPC11|protein_coding	ANAPC11
ENSG00000181847.12|6091|TIGIT|protein_coding	TIGIT
ENSG00000092531.10|5852|SNAP23|protein_coding	SNAP23
ENSG00000169288.18|1628|MRPL1|protein_coding	MRPL1
ENSG00000177830.18|5359|CHID1|protein_coding	CHID1
ENSG00000187800.14|5525|PEAR1|protein_coding	PEAR1
ENSG00000085662.14|3654|AKR1B1|protein_coding	AKR1B1
ENSG00000173212.5|6632|MAB21L3|protein_coding	MAB21L3
ENSG00000167005.14|5930|NUDT21|protein_coding	NUDT21
ENSG00000109790.18|9168|KLHL5|protein_coding	KLHL5
ENSG00000170745.12|3128|KCNS3|protein_coding	KCNS3
ENSG00000159753.14|7630|CARMIL2|protein_coding	CARMIL2
ENSG00000165948.11|2356|IFI27L1|protein_coding	IFI27L1
ENSG00000214929.4|5155|SPATA31D1|protein_coding	SPATA31D1
ENSG00000062582.14|2607|MRPS24|protein_coding	MRPS24
ENSG00000068394.11|1658|GPKOW|protein_coding	GPKOW
ENSG00000177807.10|6252|KCNJ10|protein_coding	KCNJ10
ENSG00000119862.13|3933|LGALSL|protein_coding	LGALSL
ENSG00000171867.18|2737|PRNP|protein_coding	PRNP
ENSG00000168385.18|7378|SEPTIN2|protein_coding	SEPTIN2
ENSG00000166166.13|3217|TRMT61A|protein_coding	TRMT61A
ENSG00000196155.13|7328|PLEKHG4|protein_coding	PLEKHG4
ENSG00000101639.18|9901|CEP192|protein_coding	CEP192
ENSG00000165309.14|6999|ARMC3|protein_coding	ARMC3
ENSG00000010671.16|4575|BTK|protein_coding	BTK
ENSG00000143578.16|2902|CREB3L4|protein_coding	CREB3L4
ENSG00000143753.13|2446|DEGS1|protein_coding	DEGS1
ENSG00000183638.6|8922|RP1L1|protein_coding	RP1L1
ENSG00000115919.15|17442|KYNU|protein_coding	KYNU
ENSG00000102218.6|3700|RP2|protein_coding	RP2
ENSG00000106128.19|3134|GHRHR|protein_coding	GHRHR
ENSG00000115484.15|2701|CCT4|protein_coding	CCT4
ENSG00000153786.13|3953|ZDHHC7|protein_coding	ZDHHC7
ENSG00000166828.3|3477|SCNN1G|protein_coding	SCNN1G
ENSG00000135597.19|9602|REPS1|protein_coding	REPS1
ENSG00000266714.9|13109|MYO15B|protein_coding	MYO15B
ENSG00000131791.8|5460|PRKAB2|protein_coding	PRKAB2
ENSG00000167157.11|1305|PRRX2|protein_coding	PRRX2
ENSG00000243943.10|4400|ZNF512|protein_coding	ZNF512
ENSG00000103152.12|1497|MPG|protein_coding	MPG
ENSG00000093183.14|8159|SEC22C|protein_coding	SEC22C
ENSG00000264813.6|4862|CTD-2501B8.1|protein_coding	CTD-2501B8.1
ENSG00000051108.15|5062|HERPUD1|protein_coding	HERPUD1
ENSG00000099364.18|4865|FBXL19|protein_coding	FBXL19
ENSG00000124444.16|3481|ZNF576|protein_coding	ZNF576
ENSG00000087460.29|22221|GNAS|protein_coding	GNAS
ENSG00000134982.17|12440|APC|protein_coding	APC
ENSG00000089472.17|9888|HEPH|protein_coding	HEPH
ENSG00000198931.11|1796|APRT|protein_coding	APRT
ENSG00000135077.9|3212|HAVCR2|protein_coding	HAVCR2
ENSG00000067560.14|4805|RHOA|protein_coding	RHOA
ENSG00000162521.19|9470|RBBP4|protein_coding	RBBP4
ENSG00000132475.10|6134|H3-3B|protein_coding	H3-3B
ENSG00000151465.14|2298|CDC123|protein_coding	CDC123
ENSG00000130935.10|4615|NOL11|protein_coding	NOL11
ENSG00000067704.10|4135|IARS2|protein_coding	IARS2
ENSG00000164659.15|8070|ELAPOR2|protein_coding	ELAPOR2
ENSG00000145911.6|5985|N4BP3|protein_coding	N4BP3
ENSG00000135596.18|6841|MICAL1|protein_coding	MICAL1
ENSG00000167264.18|4175|DUS2|protein_coding	DUS2
ENSG00000150977.11|1752|RILPL2|protein_coding	RILPL2
ENSG00000141127.15|4734|PRPSAP2|protein_coding	PRPSAP2
ENSG00000184787.19|7195|UBE2G2|protein_coding	UBE2G2
ENSG00000167447.13|3744|SMG8|protein_coding	SMG8
ENSG00000171132.14|9978|PRKCE|protein_coding	PRKCE
ENSG00000135766.9|5381|EGLN1|protein_coding	EGLN1
ENSG00000101654.18|6980|RNMT|protein_coding	RNMT
ENSG00000187243.16|4947|MAGED4B|protein_coding	MAGED4B
ENSG00000166913.13|7907|YWHAB|protein_coding	YWHAB
ENSG00000249751.4|1031|ECSCR|protein_coding	ECSCR
ENSG00000117523.17|14194|PRRC2C|protein_coding	PRRC2C
ENSG00000146376.11|4592|ARHGAP18|protein_coding	ARHGAP18
ENSG00000198133.9|6363|TMEM229B|protein_coding	TMEM229B
ENSG00000125686.12|8608|MED1|protein_coding	MED1
ENSG00000141738.14|3597|GRB7|protein_coding	GRB7
ENSG00000152763.17|6673|DNAI4|protein_coding	DNAI4
ENSG00000124143.10|3195|ARHGAP40|protein_coding	ARHGAP40
ENSG00000197245.6|2799|FAM110D|protein_coding	FAM110D
ENSG00000132313.15|3825|MRPL35|protein_coding	MRPL35
ENSG00000164100.9|6854|NDST3|protein_coding	NDST3
ENSG00000197428.3|3623|OR51D1|protein_coding	OR51D1
ENSG00000119782.14|1677|FKBP1B|protein_coding	FKBP1B
ENSG00000100341.12|2544|PNPLA5|protein_coding	PNPLA5
ENSG00000170631.15|5237|ZNF16|protein_coding	ZNF16
ENSG00000180008.9|7044|SOCS4|protein_coding	SOCS4
ENSG00000186854.11|8771|TRABD2A|protein_coding	TRABD2A
ENSG00000100084.14|4299|HIRA|protein_coding	HIRA
ENSG00000153885.15|6388|KCTD15|protein_coding	KCTD15
ENSG00000107968.10|3517|MAP3K8|protein_coding	MAP3K8
ENSG00000141569.12|3900|TRIM65|protein_coding	TRIM65
ENSG00000118046.16|8811|STK11|protein_coding	STK11
ENSG00000197102.14|38874|DYNC1H1|protein_coding	DYNC1H1
ENSG00000175591.12|8953|P2RY2|protein_coding	P2RY2
ENSG00000169375.16|12453|SIN3A|protein_coding	SIN3A
ENSG00000274750.3|2679|H3C6|protein_coding	H3C6
ENSG00000067082.15|6139|KLF6|protein_coding	KLF6
ENSG00000112062.11|6860|MAPK14|protein_coding	MAPK14
ENSG00000101986.12|4238|ABCD1|protein_coding	ABCD1
ENSG00000274286.2|3696|ADRA2B|protein_coding	ADRA2B
ENSG00000163501.7|2473|IHH|protein_coding	IHH
ENSG00000120709.11|7051|FAM53C|protein_coding	FAM53C
ENSG00000196387.10|4450|ZNF140|protein_coding	ZNF140
ENSG00000078114.19|17810|NEBL|protein_coding	NEBL
ENSG00000198858.10|2957|R3HDM4|protein_coding	R3HDM4
ENSG00000136371.11|3027|MTHFS|protein_coding	MTHFS
ENSG00000205726.15|21748|ITSN1|protein_coding	ITSN1
ENSG00000135912.11|7695|TTLL4|protein_coding	TTLL4
ENSG00000155508.14|3929|CNOT8|protein_coding	CNOT8
ENSG00000115963.14|3594|RND3|protein_coding	RND3
ENSG00000138617.16|3726|PARP16|protein_coding	PARP16
ENSG00000196187.12|10350|TMEM63A|protein_coding	TMEM63A
ENSG00000132326.12|6872|PER2|protein_coding	PER2
ENSG00000145555.15|13982|MYO10|protein_coding	MYO10
ENSG00000170144.21|6671|HNRNPA3|protein_coding	HNRNPA3
ENSG00000023902.14|6629|PLEKHO1|protein_coding	PLEKHO1
ENSG00000099849.15|2514|RASSF7|protein_coding	RASSF7
ENSG00000176485.13|3080|PLAAT3|protein_coding	PLAAT3
ENSG00000126460.11|1700|PRRG2|protein_coding	PRRG2
ENSG00000157191.20|5510|NECAP2|protein_coding	NECAP2
ENSG00000053900.11|7444|ANAPC4|protein_coding	ANAPC4
ENSG00000101911.13|2758|PRPS2|protein_coding	PRPS2
ENSG00000136247.15|3557|ZDHHC4|protein_coding	ZDHHC4
ENSG00000162231.14|6194|NXF1|protein_coding	NXF1
ENSG00000071051.14|2975|NCK2|protein_coding	NCK2
ENSG00000167083.7|1689|GNGT2|protein_coding	GNGT2
ENSG00000135312.7|2568|HTR1B|protein_coding	HTR1B
ENSG00000029725.17|7059|RABEP1|protein_coding	RABEP1
ENSG00000271092.5|1961|TLCD4-RWDD3|protein_coding	TLCD4-RWDD3
ENSG00000055147.19|6523|FAM114A2|protein_coding	FAM114A2
ENSG00000243279.4|1662|PRAF2|protein_coding	PRAF2
ENSG00000107223.13|1222|EDF1|protein_coding	EDF1
ENSG00000132437.18|3084|DDC|protein_coding	DDC
ENSG00000130703.17|13047|OSBPL2|protein_coding	OSBPL2
ENSG00000185619.18|7425|PCGF3|protein_coding	PCGF3
ENSG00000091972.18|2991|CD200|protein_coding	CD200
ENSG00000132768.14|2930|DPH2|protein_coding	DPH2
ENSG00000090989.18|5367|EXOC1|protein_coding	EXOC1
ENSG00000132185.18|3275|FCRLA|protein_coding	FCRLA
ENSG00000186510.12|3476|CLCNKA|protein_coding	CLCNKA
ENSG00000115129.14|2312|TP53I3|protein_coding	TP53I3
ENSG00000049323.16|7348|LTBP1|protein_coding	LTBP1
ENSG00000058091.17|7017|CDK14|protein_coding	CDK14
ENSG00000081087.15|5325|OSTM1|protein_coding	OSTM1
ENSG00000132879.14|3527|FBXO44|protein_coding	FBXO44
ENSG00000182870.13|7209|GALNT9|protein_coding	GALNT9
ENSG00000042753.12|1558|AP2S1|protein_coding	AP2S1
ENSG00000165698.16|2823|SPACA9|protein_coding	SPACA9
ENSG00000259522.3|4351|RP11-468E2.2|protein_coding	RP11-468E2.2
ENSG00000166262.16|6018|FAM227B|protein_coding	FAM227B
ENSG00000140416.23|13765|TPM1|protein_coding	TPM1
ENSG00000164048.14|5521|ZNF589|protein_coding	ZNF589
ENSG00000136819.15|5099|C9orf78|protein_coding	C9orf78
ENSG00000100614.18|11907|PPM1A|protein_coding	PPM1A
ENSG00000117602.13|7138|RCAN3|protein_coding	RCAN3
ENSG00000132383.12|5492|RPA1|protein_coding	RPA1
ENSG00000118579.13|10972|MED28|protein_coding	MED28
ENSG00000077549.19|19094|CAPZB|protein_coding	CAPZB
ENSG00000135913.11|9280|USP37|protein_coding	USP37
ENSG00000146729.10|5651|NIPSNAP2|protein_coding	NIPSNAP2
ENSG00000182809.11|4165|CRIP2|protein_coding	CRIP2
ENSG00000077235.18|11562|GTF3C1|protein_coding	GTF3C1
ENSG00000117153.16|3508|KLHL12|protein_coding	KLHL12
ENSG00000223496.3|5163|EXOSC6|protein_coding	EXOSC6
ENSG00000172575.12|6105|RASGRP1|protein_coding	RASGRP1
ENSG00000099338.23|9190|CATSPERG|protein_coding	CATSPERG
ENSG00000266472.6|1500|MRPS21|protein_coding	MRPS21
ENSG00000072135.13|5732|PTPN18|protein_coding	PTPN18
ENSG00000258289.10|5404|CHURC1|protein_coding	CHURC1
ENSG00000146278.11|2992|PNRC1|protein_coding	PNRC1
ENSG00000089558.9|3788|KCNH4|protein_coding	KCNH4
ENSG00000172061.9|5938|LRRC15|protein_coding	LRRC15
ENSG00000269693.1|5857|CTD-2192J16.20|protein_coding	CTD-2192J16.20
ENSG00000156467.10|12600|UQCRB|protein_coding	UQCRB
ENSG00000139323.14|8769|POC1B|protein_coding	POC1B
ENSG00000141469.18|7182|SLC14A1|protein_coding	SLC14A1
ENSG00000065978.19|3395|YBX1|protein_coding	YBX1
ENSG00000122692.9|7136|SMU1|protein_coding	SMU1
ENSG00000197045.13|7796|GMFB|protein_coding	GMFB
ENSG00000139083.11|7230|ETV6|protein_coding	ETV6
ENSG00000196782.12|7012|MAML3|protein_coding	MAML3
ENSG00000169618.7|4287|PROKR1|protein_coding	PROKR1
ENSG00000129003.19|19703|VPS13C|protein_coding	VPS13C
ENSG00000118922.18|11114|KLF12|protein_coding	KLF12
ENSG00000079459.13|5197|FDFT1|protein_coding	FDFT1
ENSG00000148343.19|6302|MIGA2|protein_coding	MIGA2
ENSG00000198793.13|12163|MTOR|protein_coding	MTOR
ENSG00000068120.15|4032|COASY|protein_coding	COASY
ENSG00000150455.14|3591|TIRAP|protein_coding	TIRAP
ENSG00000107929.15|11610|LARP4B|protein_coding	LARP4B
ENSG00000160799.12|4754|CCDC12|protein_coding	CCDC12
ENSG00000149262.17|6067|INTS4|protein_coding	INTS4
ENSG00000196182.11|5618|STK40|protein_coding	STK40
ENSG00000211450.10|2305|SELENOH|protein_coding	SELENOH
ENSG00000160201.12|11095|U2AF1|protein_coding	U2AF1
ENSG00000106263.18|9037|EIF3B|protein_coding	EIF3B
ENSG00000011243.19|8576|AKAP8L|protein_coding	AKAP8L
ENSG00000256060.3|1855|TRAPPC2B|protein_coding	TRAPPC2B
ENSG00000135318.12|4533|NT5E|protein_coding	NT5E
ENSG00000149257.16|6281|SERPINH1|protein_coding	SERPINH1
ENSG00000063169.11|7688|BICRA|protein_coding	BICRA
ENSG00000107863.19|11156|ARHGAP21|protein_coding	ARHGAP21
ENSG00000235162.9|2693|C12orf75|protein_coding	C12orf75
ENSG00000230989.7|9390|HSBP1|protein_coding	HSBP1
ENSG00000075618.18|3699|FSCN1|protein_coding	FSCN1
ENSG00000100307.13|7467|CBX7|protein_coding	CBX7
ENSG00000151883.19|10104|PARP8|protein_coding	PARP8
ENSG00000258465.8|3202|RP11-574F21.3|protein_coding	RP11-574F21.3
ENSG00000179950.14|4917|PUF60|protein_coding	PUF60
ENSG00000128567.17|6893|PODXL|protein_coding	PODXL
ENSG00000197982.14|2231|C1orf122|protein_coding	C1orf122
ENSG00000164305.19|2899|CASP3|protein_coding	CASP3
ENSG00000086589.12|3587|RBM22|protein_coding	RBM22
ENSG00000108823.17|3055|SGCA|protein_coding	SGCA
ENSG00000110958.16|3399|PTGES3|protein_coding	PTGES3
ENSG00000103811.18|13757|CTSH|protein_coding	CTSH
ENSG00000204923.4|5699|FBXO48|protein_coding	FBXO48
ENSG00000177971.9|2510|IMP3|protein_coding	IMP3
ENSG00000096996.16|4291|IL12RB1|protein_coding	IL12RB1
ENSG00000162368.14|3851|CMPK1|protein_coding	CMPK1
ENSG00000143702.16|10939|CEP170|protein_coding	CEP170
ENSG00000178761.15|5015|FAM219B|protein_coding	FAM219B
ENSG00000188647.13|12252|PTAR1|protein_coding	PTAR1
ENSG00000172270.22|4418|BSG|protein_coding	BSG
ENSG00000171490.13|6162|RSL1D1|protein_coding	RSL1D1
ENSG00000169718.18|5999|DUS1L|protein_coding	DUS1L
ENSG00000188959.10|2917|C9orf152|protein_coding	C9orf152
ENSG00000082397.18|12203|EPB41L3|protein_coding	EPB41L3
ENSG00000229833.10|2164|PET100|protein_coding	PET100
ENSG00000107897.20|11794|ACBD5|protein_coding	ACBD5
ENSG00000187109.15|17059|NAP1L1|protein_coding	NAP1L1
ENSG00000007237.19|10158|GAS7|protein_coding	GAS7
ENSG00000130522.6|1929|JUND|protein_coding	JUND
ENSG00000184164.15|5166|CRELD2|protein_coding	CRELD2
ENSG00000255439.6|2716|RP11-196G11.1|protein_coding	RP11-196G11.1
ENSG00000138279.16|2862|ANXA7|protein_coding	ANXA7
ENSG00000254732.2|2439|RP11-691N7.6|protein_coding	RP11-691N7.6
ENSG00000115266.12|12635|APC2|protein_coding	APC2
ENSG00000265690.7|2009|RP11-5A19.5|protein_coding	RP11-5A19.5
ENSG00000100485.12|6948|SOS2|protein_coding	SOS2
ENSG00000125458.7|1533|NT5C|protein_coding	NT5C
ENSG00000099817.12|4870|POLR2E|protein_coding	POLR2E
ENSG00000156026.14|4533|MCU|protein_coding	MCU
ENSG00000278139.1|1553|P3R3URF-PIK3R3|protein_coding	P3R3URF-PIK3R3
ENSG00000206549.13|2960|RP11-316F12.1|protein_coding	RP11-316F12.1
ENSG00000198399.15|11844|ITSN2|protein_coding	ITSN2
ENSG00000047315.17|5891|POLR2B|protein_coding	POLR2B
ENSG00000044090.12|7819|CUL7|protein_coding	CUL7
ENSG00000135638.14|5472|EMX1|protein_coding	EMX1
ENSG00000186897.5|2073|C1QL4|protein_coding	C1QL4
ENSG00000135048.14|9254|CEMIP2|protein_coding	CEMIP2
ENSG00000100097.12|1067|LGALS1|protein_coding	LGALS1
ENSG00000072163.20|8731|LIMS2|protein_coding	LIMS2
ENSG00000197415.12|6543|VEPH1|protein_coding	VEPH1
ENSG00000259494.2|6402|MRPL46|protein_coding	MRPL46
ENSG00000184840.12|3513|TMED9|protein_coding	TMED9
ENSG00000165097.16|5619|KDM1B|protein_coding	KDM1B
ENSG00000115137.12|5624|DNAJC27|protein_coding	DNAJC27
ENSG00000133114.18|10842|GPALPP1|protein_coding	GPALPP1
ENSG00000197070.14|3790|ARRDC1|protein_coding	ARRDC1
ENSG00000149532.16|6036|CPSF7|protein_coding	CPSF7
ENSG00000101236.17|7644|RNF24|protein_coding	RNF24
ENSG00000198728.11|3776|LDB1|protein_coding	LDB1
ENSG00000144591.20|6874|GMPPA|protein_coding	GMPPA
ENSG00000104964.15|5236|TLE5|protein_coding	TLE5
ENSG00000105523.4|4127|FAM83E|protein_coding	FAM83E
ENSG00000260272.1|1944|RP11-20I23.1|protein_coding	RP11-20I23.1
ENSG00000205710.4|3410|C17orf107|protein_coding	C17orf107
ENSG00000101365.21|2567|IDH3B|protein_coding	IDH3B
ENSG00000165650.12|9854|PDZD8|protein_coding	PDZD8
ENSG00000167397.15|2190|VKORC1|protein_coding	VKORC1
ENSG00000111670.16|9774|GNPTAB|protein_coding	GNPTAB
ENSG00000203661.4|2525|OR2T5|protein_coding	OR2T5
ENSG00000257341.5|1408|AL928654.7|protein_coding	AL928654.7
ENSG00000174197.17|19590|MGA|protein_coding	MGA
ENSG00000170871.12|8499|KIAA0232|protein_coding	KIAA0232
ENSG00000166747.13|10980|AP1G1|protein_coding	AP1G1
ENSG00000185862.7|2061|EVI2B|protein_coding	EVI2B
ENSG00000169567.13|7118|HINT1|protein_coding	HINT1
ENSG00000134508.13|6874|CABLES1|protein_coding	CABLES1
ENSG00000163584.18|2051|RPL22L1|protein_coding	RPL22L1
ENSG00000139218.18|14035|SCAF11|protein_coding	SCAF11
ENSG00000177666.17|3831|PNPLA2|protein_coding	PNPLA2
ENSG00000163157.15|1843|TMOD4|protein_coding	TMOD4
ENSG00000125089.18|10601|SH3TC1|protein_coding	SH3TC1
ENSG00000102144.15|5437|PGK1|protein_coding	PGK1
ENSG00000168906.13|4485|MAT2A|protein_coding	MAT2A
ENSG00000070182.21|14796|SPTB|protein_coding	SPTB
ENSG00000173065.14|5490|FAM222B|protein_coding	FAM222B
ENSG00000104960.15|5962|PTOV1|protein_coding	PTOV1
ENSG00000103740.10|8148|ACSBG1|protein_coding	ACSBG1
ENSG00000151748.15|5605|SAV1|protein_coding	SAV1
ENSG00000258102.5|1925|MAP1LC3B2|protein_coding	MAP1LC3B2
ENSG00000116747.13|9070|RO60|protein_coding	RO60
ENSG00000186767.7|4105|SPIN4|protein_coding	SPIN4
ENSG00000126602.11|5183|TRAP1|protein_coding	TRAP1
ENSG00000139505.12|5237|MTMR6|protein_coding	MTMR6
ENSG00000186591.13|6514|UBE2H|protein_coding	UBE2H
ENSG00000180921.7|6220|FAM83H|protein_coding	FAM83H
ENSG00000004766.17|9559|VPS50|protein_coding	VPS50
ENSG00000170889.14|4304|RPS9|protein_coding	RPS9
ENSG00000136122.18|3189|BORA|protein_coding	BORA
ENSG00000152944.9|3632|MED21|protein_coding	MED21
ENSG00000080166.16|7540|DCT|protein_coding	DCT
ENSG00000175745.14|4312|NR2F1|protein_coding	NR2F1
ENSG00000114491.14|7512|UMPS|protein_coding	UMPS
ENSG00000125378.16|3096|BMP4|protein_coding	BMP4
ENSG00000115159.16|7165|GPD2|protein_coding	GPD2
ENSG00000126016.17|8518|AMOT|protein_coding	AMOT
ENSG00000138660.12|6504|AP1AR|protein_coding	AP1AR
ENSG00000198286.10|4628|CARD11|protein_coding	CARD11
ENSG00000178449.9|970|COX14|protein_coding	COX14
ENSG00000164855.16|7612|TMEM184A|protein_coding	TMEM184A
ENSG00000179886.6|5394|TIGD5|protein_coding	TIGD5
ENSG00000083812.12|5664|ZNF324|protein_coding	ZNF324
ENSG00000138944.8|6853|SHISAL1|protein_coding	SHISAL1
ENSG00000198569.10|2304|SLC34A3|protein_coding	SLC34A3
ENSG00000059122.17|8425|FLYWCH1|protein_coding	FLYWCH1
ENSG00000134046.12|5686|MBD2|protein_coding	MBD2
ENSG00000110713.17|9904|NUP98|protein_coding	NUP98
ENSG00000084652.16|5114|TXLNA|protein_coding	TXLNA
ENSG00000138119.17|8490|MYOF|protein_coding	MYOF
ENSG00000106952.8|4605|TNFSF8|protein_coding	TNFSF8
ENSG00000078747.16|10639|ITCH|protein_coding	ITCH
ENSG00000181704.12|8608|YIPF6|protein_coding	YIPF6
ENSG00000181218.5|895|H2AW|protein_coding	H2AW
ENSG00000132004.13|2103|FBXW9|protein_coding	FBXW9
ENSG00000144354.14|3934|CDCA7|protein_coding	CDCA7
ENSG00000137478.15|5245|FCHSD2|protein_coding	FCHSD2
ENSG00000135763.10|5989|URB2|protein_coding	URB2
ENSG00000166750.10|10674|SLFN5|protein_coding	SLFN5
ENSG00000265118.5|1242|CTD-2370N5.3|protein_coding	CTD-2370N5.3
ENSG00000283706.2|1332|PRSS50|protein_coding	PRSS50
ENSG00000196581.11|12528|AJAP1|protein_coding	AJAP1
ENSG00000161381.14|9255|PLXDC1|protein_coding	PLXDC1
ENSG00000269891.2|4089|ARHGAP19-SLIT1|protein_coding	ARHGAP19-SLIT1
ENSG00000125970.12|7513|RALY|protein_coding	RALY
ENSG00000100364.19|8238|KIAA0930|protein_coding	KIAA0930
ENSG00000169499.15|6328|PLEKHA2|protein_coding	PLEKHA2
ENSG00000198646.14|11133|NCOA6|protein_coding	NCOA6
ENSG00000196159.14|21269|FAT4|protein_coding	FAT4
ENSG00000022267.19|5862|FHL1|protein_coding	FHL1
ENSG00000065413.20|12826|ANKRD44|protein_coding	ANKRD44
ENSG00000175548.9|11258|ALG10B|protein_coding	ALG10B
ENSG00000155158.20|12208|TTC39B|protein_coding	TTC39B
ENSG00000076356.7|13845|PLXNA2|protein_coding	PLXNA2
ENSG00000116030.17|2153|SUMO1|protein_coding	SUMO1
ENSG00000172867.4|2569|KRT2|protein_coding	KRT2
ENSG00000152061.24|16071|RABGAP1L|protein_coding	RABGAP1L
ENSG00000117215.15|2681|PLA2G2D|protein_coding	PLA2G2D
ENSG00000175826.12|2636|CTDNEP1|protein_coding	CTDNEP1
ENSG00000108592.17|5204|FTSJ3|protein_coding	FTSJ3
ENSG00000167785.9|8170|ZNF558|protein_coding	ZNF558
ENSG00000157600.12|6583|TMEM164|protein_coding	TMEM164
ENSG00000134809.9|776|TIMM10|protein_coding	TIMM10
ENSG00000156232.7|5123|WHAMM|protein_coding	WHAMM
ENSG00000165410.15|4942|CFL2|protein_coding	CFL2
ENSG00000117593.12|7353|DARS2|protein_coding	DARS2
ENSG00000118412.13|8147|CASP8AP2|protein_coding	CASP8AP2
ENSG00000173530.6|3535|TNFRSF10D|protein_coding	TNFRSF10D
ENSG00000214688.6|4891|C10orf105|protein_coding	C10orf105
ENSG00000159176.14|10318|CSRP1|protein_coding	CSRP1
ENSG00000128524.5|762|ATP6V1F|protein_coding	ATP6V1F
ENSG00000206113.11|5198|CFAP99|protein_coding	CFAP99
ENSG00000143418.20|4643|CERS2|protein_coding	CERS2
ENSG00000167889.13|6438|MGAT5B|protein_coding	MGAT5B
ENSG00000164167.12|3975|LSM6|protein_coding	LSM6
ENSG00000065000.19|8613|AP3D1|protein_coding	AP3D1
ENSG00000173402.12|6921|DAG1|protein_coding	DAG1
ENSG00000156564.9|3164|LRFN2|protein_coding	LRFN2
ENSG00000168067.12|7645|MAP4K2|protein_coding	MAP4K2
ENSG00000118596.12|13703|SLC16A7|protein_coding	SLC16A7
ENSG00000115875.19|4045|SRSF7|protein_coding	SRSF7
ENSG00000148719.16|5568|DNAJB12|protein_coding	DNAJB12
ENSG00000101224.18|3903|CDC25B|protein_coding	CDC25B
ENSG00000058272.19|11864|PPP1R12A|protein_coding	PPP1R12A
ENSG00000178467.18|7637|P4HTM|protein_coding	P4HTM
ENSG00000198917.13|4566|SPOUT1|protein_coding	SPOUT1
ENSG00000103111.15|6935|MON1B|protein_coding	MON1B
ENSG00000124098.10|3518|FAM210B|protein_coding	FAM210B
ENSG00000148429.14|14202|USP6NL|protein_coding	USP6NL
ENSG00000076770.15|12846|MBNL3|protein_coding	MBNL3
ENSG00000172057.10|3752|ORMDL3|protein_coding	ORMDL3
ENSG00000085511.20|7522|MAP3K4|protein_coding	MAP3K4
ENSG00000095752.7|2678|IL11|protein_coding	IL11
ENSG00000141759.15|5217|TXNL4A|protein_coding	TXNL4A
ENSG00000162639.16|2426|HENMT1|protein_coding	HENMT1
ENSG00000147123.11|952|NDUFB11|protein_coding	NDUFB11
ENSG00000197555.10|12412|SIPA1L1|protein_coding	SIPA1L1
ENSG00000082516.9|5644|GEMIN5|protein_coding	GEMIN5
ENSG00000167969.13|3204|ECI1|protein_coding	ECI1
ENSG00000183726.11|3010|TMEM50A|protein_coding	TMEM50A
ENSG00000145725.20|17270|PPIP5K2|protein_coding	PPIP5K2
ENSG00000162923.17|11146|WDR26|protein_coding	WDR26
ENSG00000186204.15|5090|CYP4F12|protein_coding	CYP4F12
ENSG00000147124.13|5613|ZNF41|protein_coding	ZNF41
ENSG00000182742.6|2002|HOXB4|protein_coding	HOXB4
ENSG00000254999.4|1150|BRK1|protein_coding	BRK1
ENSG00000169992.10|5717|NLGN2|protein_coding	NLGN2
ENSG00000139289.14|5913|PHLDA1|protein_coding	PHLDA1
ENSG00000177105.10|1758|RHOG|protein_coding	RHOG
ENSG00000131759.18|4743|RARA|protein_coding	RARA
ENSG00000103496.15|4055|STX4|protein_coding	STX4
ENSG00000285868.1|4266|CTB-109A12.2|protein_coding	CTB-109A12.2
ENSG00000140939.14|2992|NOL3|protein_coding	NOL3
ENSG00000019991.18|9753|HGF|protein_coding	HGF
ENSG00000166987.15|5566|MBD6|protein_coding	MBD6
ENSG00000010270.14|4324|STARD3NL|protein_coding	STARD3NL
ENSG00000205629.12|2604|LCMT1|protein_coding	LCMT1
ENSG00000048162.21|2814|NOP16|protein_coding	NOP16
ENSG00000126759.14|5617|CFP|protein_coding	CFP
ENSG00000140932.10|1151|CMTM2|protein_coding	CMTM2
ENSG00000153823.19|3367|PID1|protein_coding	PID1
ENSG00000124772.12|5772|CPNE5|protein_coding	CPNE5
ENSG00000159423.17|3632|ALDH4A1|protein_coding	ALDH4A1
ENSG00000119844.15|5767|AFTPH|protein_coding	AFTPH
ENSG00000144909.8|4598|OSBPL11|protein_coding	OSBPL11
ENSG00000137944.18|2196|KYAT3|protein_coding	KYAT3
ENSG00000111540.16|6525|RAB5B|protein_coding	RAB5B
ENSG00000149084.13|7716|HSD17B12|protein_coding	HSD17B12
ENSG00000251192.8|6205|ZNF674|protein_coding	ZNF674
ENSG00000177125.5|6606|ZBTB34|protein_coding	ZBTB34
ENSG00000177889.10|5954|UBE2N|protein_coding	UBE2N
ENSG00000172005.11|1453|MAL|protein_coding	MAL
ENSG00000137266.15|8926|SLC22A23|protein_coding	SLC22A23
ENSG00000266094.8|6975|RASSF5|protein_coding	RASSF5
ENSG00000152332.16|9248|UHMK1|protein_coding	UHMK1
ENSG00000012963.15|3509|UBR7|protein_coding	UBR7
ENSG00000129226.14|2163|CD68|protein_coding	CD68
ENSG00000182450.13|2632|KCNK4|protein_coding	KCNK4
ENSG00000240694.9|5564|PNMA2|protein_coding	PNMA2
ENSG00000175309.15|8439|PHYKPL|protein_coding	PHYKPL
ENSG00000180354.16|6356|MTURN|protein_coding	MTURN
ENSG00000185985.11|11884|SLITRK2|protein_coding	SLITRK2
ENSG00000165802.23|4915|NSMF|protein_coding	NSMF
ENSG00000158882.15|3291|TOMM40L|protein_coding	TOMM40L
ENSG00000198146.4|5439|ZNF770|protein_coding	ZNF770
ENSG00000080603.17|13644|SRCAP|protein_coding	SRCAP
ENSG00000165288.11|14234|BRWD3|protein_coding	BRWD3
ENSG00000136167.15|5076|LCP1|protein_coding	LCP1
ENSG00000126870.16|6687|DYNC2I1|protein_coding	DYNC2I1
ENSG00000134250.20|19930|NOTCH2|protein_coding	NOTCH2
ENSG00000115268.10|2138|RPS15|protein_coding	RPS15
ENSG00000080503.24|18595|SMARCA2|protein_coding	SMARCA2
ENSG00000105556.12|3810|MIER2|protein_coding	MIER2
ENSG00000145293.16|2083|ENOPH1|protein_coding	ENOPH1
ENSG00000130300.9|2295|PLVAP|protein_coding	PLVAP
ENSG00000159079.19|5403|CFAP298|protein_coding	CFAP298
ENSG00000056586.16|11563|RC3H2|protein_coding	RC3H2
ENSG00000027075.16|8971|PRKCH|protein_coding	PRKCH
ENSG00000174989.13|5209|FBXW8|protein_coding	FBXW8
ENSG00000275835.5|6376|TUBGCP5|protein_coding	TUBGCP5
ENSG00000061938.21|12245|TNK2|protein_coding	TNK2
ENSG00000117505.13|10925|DR1|protein_coding	DR1
ENSG00000103091.15|9402|WDR59|protein_coding	WDR59
ENSG00000170542.6|4143|SERPINB9|protein_coding	SERPINB9
ENSG00000147443.13|2041|DOK2|protein_coding	DOK2
ENSG00000286264.2|1655|RP11-783K16.16|protein_coding	RP11-783K16.16
ENSG00000171222.11|1996|SCAND1|protein_coding	SCAND1
ENSG00000141026.6|5985|MED9|protein_coding	MED9
ENSG00000204381.12|3144|LAYN|protein_coding	LAYN
ENSG00000167118.11|4368|URM1|protein_coding	URM1
ENSG00000145287.11|3787|PLAC8|protein_coding	PLAC8
ENSG00000171487.15|4077|NLRP5|protein_coding	NLRP5
ENSG00000155755.19|7647|TMEM237|protein_coding	TMEM237
ENSG00000186318.18|8689|BACE1|protein_coding	BACE1
ENSG00000136883.15|3037|KIF12|protein_coding	KIF12
ENSG00000137462.9|5775|TLR2|protein_coding	TLR2
ENSG00000058600.16|9486|POLR3E|protein_coding	POLR3E
ENSG00000110955.9|2238|ATP5F1B|protein_coding	ATP5F1B
ENSG00000104518.11|5085|GSDMD|protein_coding	GSDMD
ENSG00000182934.12|4148|SRPRA|protein_coding	SRPRA
ENSG00000043462.13|6823|LCP2|protein_coding	LCP2
ENSG00000058668.15|9495|ATP2B4|protein_coding	ATP2B4
ENSG00000148090.12|2263|AUH|protein_coding	AUH
ENSG00000119979.18|6291|DENND10|protein_coding	DENND10
ENSG00000171735.19|9903|CAMTA1|protein_coding	CAMTA1
ENSG00000173218.15|9045|VANGL1|protein_coding	VANGL1
ENSG00000184677.18|9169|ZBTB40|protein_coding	ZBTB40
ENSG00000129534.14|6250|MIS18BP1|protein_coding	MIS18BP1
ENSG00000197157.11|6486|SND1|protein_coding	SND1
ENSG00000267909.3|4182|CCDC177|protein_coding	CCDC177
ENSG00000164074.16|6733|ABHD18|protein_coding	ABHD18
ENSG00000106009.16|6673|BRAT1|protein_coding	BRAT1
ENSG00000162704.16|10650|ARPC5|protein_coding	ARPC5
ENSG00000160445.11|4370|ZER1|protein_coding	ZER1
ENSG00000115944.15|5605|COX7A2L|protein_coding	COX7A2L
ENSG00000100380.14|3764|ST13|protein_coding	ST13
ENSG00000147804.10|4982|SLC39A4|protein_coding	SLC39A4
ENSG00000164683.18|5487|HEY1|protein_coding	HEY1
ENSG00000126775.9|5025|ATG14|protein_coding	ATG14
ENSG00000102901.13|5660|CENPT|protein_coding	CENPT
ENSG00000150401.15|4345|DCUN1D2|protein_coding	DCUN1D2
ENSG00000175868.14|3938|CALCB|protein_coding	CALCB
ENSG00000055070.17|4742|SZRD1|protein_coding	SZRD1
ENSG00000196497.17|4912|IPO4|protein_coding	IPO4
ENSG00000079462.8|1419|PAFAH1B3|protein_coding	PAFAH1B3
ENSG00000213619.11|4507|NDUFS3|protein_coding	NDUFS3
ENSG00000150867.14|5106|PIP4K2A|protein_coding	PIP4K2A
ENSG00000147488.11|14396|ST18|protein_coding	ST18
ENSG00000196422.11|5307|PPP1R26|protein_coding	PPP1R26
ENSG00000158941.16|6534|CCAR2|protein_coding	CCAR2
ENSG00000272822.2|1336|RP11-302B13.5|protein_coding	RP11-302B13.5
ENSG00000182670.13|15883|TTC3|protein_coding	TTC3
ENSG00000095321.18|7565|CRAT|protein_coding	CRAT
ENSG00000168916.16|6934|ZNF608|protein_coding	ZNF608
ENSG00000077782.22|17201|FGFR1|protein_coding	FGFR1
ENSG00000107882.12|6880|SUFU|protein_coding	SUFU
ENSG00000106554.13|3428|CHCHD3|protein_coding	CHCHD3
ENSG00000163430.12|8467|FSTL1|protein_coding	FSTL1
ENSG00000099875.16|5221|MKNK2|protein_coding	MKNK2
ENSG00000128908.17|6940|INO80|protein_coding	INO80
ENSG00000163904.13|7102|SENP2|protein_coding	SENP2
ENSG00000175215.11|5432|CTDSP2|protein_coding	CTDSP2
ENSG00000174151.15|5690|CYB561D1|protein_coding	CYB561D1
ENSG00000067829.19|2717|IDH3G|protein_coding	IDH3G
ENSG00000035403.18|9992|VCL|protein_coding	VCL
ENSG00000107566.14|3491|ERLIN1|protein_coding	ERLIN1
ENSG00000102221.14|5149|JADE3|protein_coding	JADE3
ENSG00000078898.7|1788|BPIFB2|protein_coding	BPIFB2
ENSG00000284686.1|2655|RP1-158P9.3|protein_coding	RP1-158P9.3
ENSG00000107099.17|19768|DOCK8|protein_coding	DOCK8
ENSG00000140403.13|6591|DNAJA4|protein_coding	DNAJA4
ENSG00000155269.12|10635|GPR78|protein_coding	GPR78
ENSG00000100376.12|6425|FAM118A|protein_coding	FAM118A
ENSG00000159579.14|6058|RSPRY1|protein_coding	RSPRY1
ENSG00000139874.6|4390|SSTR1|protein_coding	SSTR1
ENSG00000167613.16|8071|LAIR1|protein_coding	LAIR1
ENSG00000188636.4|5419|RTL6|protein_coding	RTL6
ENSG00000149179.14|6693|C11orf49|protein_coding	C11orf49
ENSG00000109111.15|10508|SUPT6H|protein_coding	SUPT6H
ENSG00000112584.14|6029|FAM120B|protein_coding	FAM120B
ENSG00000253958.2|2160|CLDN23|protein_coding	CLDN23
ENSG00000163029.16|9824|SMC6|protein_coding	SMC6
ENSG00000121774.18|3544|KHDRBS1|protein_coding	KHDRBS1
ENSG00000214078.13|3608|CPNE1|protein_coding	CPNE1
ENSG00000132604.11|5634|TERF2|protein_coding	TERF2
ENSG00000215455.4|1215|KRTAP10-1|protein_coding	KRTAP10-1
ENSG00000081277.13|6211|PKP1|protein_coding	PKP1
ENSG00000213465.8|2037|ARL2|protein_coding	ARL2
ENSG00000001461.17|9396|NIPAL3|protein_coding	NIPAL3
ENSG00000185585.20|6771|OLFML2A|protein_coding	OLFML2A
ENSG00000198908.12|5518|BHLHB9|protein_coding	BHLHB9
ENSG00000268643.2|664|AC006486.9|protein_coding	AC006486.9
ENSG00000158815.11|3287|FGF17|protein_coding	FGF17
ENSG00000156504.17|4404|PABIR2|protein_coding	PABIR2
ENSG00000228049.7|2065|POLR2J2|protein_coding	POLR2J2
ENSG00000160255.18|6869|ITGB2|protein_coding	ITGB2
ENSG00000104325.7|5048|DECR1|protein_coding	DECR1
ENSG00000131165.16|7228|CHMP1A|protein_coding	CHMP1A
ENSG00000259529.2|5574|RP11-468E2.4|protein_coding	RP11-468E2.4
ENSG00000130487.9|5125|KLHDC7B|protein_coding	KLHDC7B
ENSG00000251369.9|5087|ZNF550|protein_coding	ZNF550
ENSG00000170852.11|4850|KBTBD2|protein_coding	KBTBD2
ENSG00000179361.18|6183|ARID3B|protein_coding	ARID3B
ENSG00000115325.14|2800|DOK1|protein_coding	DOK1
ENSG00000132207.18|2476|SLX1A|protein_coding	SLX1A
ENSG00000120885.22|6285|CLU|protein_coding	CLU
ENSG00000138172.11|3108|CALHM2|protein_coding	CALHM2
ENSG00000155465.20|5131|SLC7A7|protein_coding	SLC7A7
ENSG00000167130.18|2238|DOLPP1|protein_coding	DOLPP1
ENSG00000108591.10|7404|DRG2|protein_coding	DRG2
ENSG00000169905.13|18876|TOR1AIP2|protein_coding	TOR1AIP2
ENSG00000198888.2|956|MT-ND1|protein_coding	MT-ND1
ENSG00000182173.14|4505|TSEN54|protein_coding	TSEN54
ENSG00000117016.10|7259|RIMS3|protein_coding	RIMS3
ENSG00000159210.10|4995|SNF8|protein_coding	SNF8
ENSG00000100982.12|3164|PCIF1|protein_coding	PCIF1
ENSG00000244731.8|7158|C4A|protein_coding	C4A
ENSG00000005302.19|9780|MSL3|protein_coding	MSL3
ENSG00000099783.12|5614|HNRNPM|protein_coding	HNRNPM
ENSG00000102119.12|1995|EMD|protein_coding	EMD
ENSG00000137168.8|1589|PPIL1|protein_coding	PPIL1
ENSG00000130348.11|5453|QRSL1|protein_coding	QRSL1
ENSG00000130748.7|655|TMEM160|protein_coding	TMEM160
ENSG00000174851.16|2345|YIF1A|protein_coding	YIF1A
ENSG00000126883.17|13213|NUP214|protein_coding	NUP214
ENSG00000101577.10|6629|LPIN2|protein_coding	LPIN2
ENSG00000196335.13|6147|STK31|protein_coding	STK31
ENSG00000105607.13|4002|GCDH|protein_coding	GCDH
ENSG00000144711.16|10181|IQSEC1|protein_coding	IQSEC1
ENSG00000174669.12|2720|SLC29A2|protein_coding	SLC29A2
ENSG00000267740.5|2193|AC024592.12|protein_coding	AC024592.12
ENSG00000148154.10|4567|UGCG|protein_coding	UGCG
ENSG00000101945.17|3233|SUV39H1|protein_coding	SUV39H1
ENSG00000196872.12|4705|CRACDL|protein_coding	CRACDL
ENSG00000100030.15|6179|MAPK1|protein_coding	MAPK1
ENSG00000088992.18|1926|TESC|protein_coding	TESC
ENSG00000250510.8|3216|GPR162|protein_coding	GPR162
ENSG00000065485.20|4067|PDIA5|protein_coding	PDIA5
ENSG00000007350.17|3526|TKTL1|protein_coding	TKTL1
ENSG00000174718.12|6646|RESF1|protein_coding	RESF1
ENSG00000127955.17|24192|GNAI1|protein_coding	GNAI1
ENSG00000115461.5|6466|IGFBP5|protein_coding	IGFBP5
ENSG00000178127.13|2711|NDUFV2|protein_coding	NDUFV2
ENSG00000161547.17|2976|SRSF2|protein_coding	SRSF2
ENSG00000089847.12|4474|ANKRD24|protein_coding	ANKRD24
ENSG00000013275.8|2550|PSMC4|protein_coding	PSMC4
ENSG00000270149.5|2114|RP11-544M22.13|protein_coding	RP11-544M22.13
ENSG00000134516.18|13189|DOCK2|protein_coding	DOCK2
ENSG00000154319.16|5049|FAM167A|protein_coding	FAM167A
ENSG00000124535.16|3898|WRNIP1|protein_coding	WRNIP1
ENSG00000276087.2|2400|RP11-507M3.1|protein_coding	RP11-507M3.1
ENSG00000145390.11|11950|USP53|protein_coding	USP53
ENSG00000161920.11|1475|MED11|protein_coding	MED11
ENSG00000165140.12|1910|FBP1|protein_coding	FBP1
ENSG00000180694.14|5870|TMEM64|protein_coding	TMEM64
ENSG00000145703.16|7868|IQGAP2|protein_coding	IQGAP2
ENSG00000285245.1|3705|RP11-326L24.9|protein_coding	RP11-326L24.9
ENSG00000166295.9|4324|ANAPC16|protein_coding	ANAPC16
ENSG00000146476.11|2819|ARMT1|protein_coding	ARMT1
ENSG00000179178.11|2138|TMEM125|protein_coding	TMEM125
ENSG00000162928.9|5910|PEX13|protein_coding	PEX13
ENSG00000168438.15|5955|CDC40|protein_coding	CDC40
ENSG00000205937.12|8567|RNPS1|protein_coding	RNPS1
ENSG00000183354.12|8497|KIAA2026|protein_coding	KIAA2026
ENSG00000143867.7|5279|OSR1|protein_coding	OSR1
ENSG00000163931.16|9502|TKT|protein_coding	TKT
ENSG00000110031.13|2467|LPXN|protein_coding	LPXN
ENSG00000198492.16|3729|YTHDF2|protein_coding	YTHDF2
ENSG00000120949.15|3812|TNFRSF8|protein_coding	TNFRSF8
ENSG00000056998.20|3621|GYG2|protein_coding	GYG2
ENSG00000164619.10|7990|BMPER|protein_coding	BMPER
ENSG00000205542.11|1703|TMSB4X|protein_coding	TMSB4X
ENSG00000081377.17|10475|CDC14B|protein_coding	CDC14B
ENSG00000180964.17|1211|TCEAL8|protein_coding	TCEAL8
ENSG00000107959.17|12635|PITRM1|protein_coding	PITRM1
ENSG00000170044.9|5130|ZPLD1|protein_coding	ZPLD1
ENSG00000177169.10|7620|ULK1|protein_coding	ULK1
ENSG00000182103.5|3925|FAM181B|protein_coding	FAM181B
ENSG00000076554.16|8111|TPD52|protein_coding	TPD52
ENSG00000170265.12|3761|ZNF282|protein_coding	ZNF282
ENSG00000284922.2|3830|RP11-807H22.10|protein_coding	RP11-807H22.10
ENSG00000167978.17|12969|SRRM2|protein_coding	SRRM2
ENSG00000258555.6|6204|SPECC1L-ADORA2A|protein_coding	SPECC1L-ADORA2A
ENSG00000053501.13|2431|USE1|protein_coding	USE1
ENSG00000128872.10|11595|TMOD2|protein_coding	TMOD2
ENSG00000100558.9|1569|PLEK2|protein_coding	PLEK2
ENSG00000166037.11|7101|CEP57|protein_coding	CEP57
ENSG00000125046.15|6279|SSUH2|protein_coding	SSUH2
ENSG00000164144.16|4269|ARFIP1|protein_coding	ARFIP1
ENSG00000087152.16|5333|ATXN7L3|protein_coding	ATXN7L3
ENSG00000136938.9|1870|ANP32B|protein_coding	ANP32B
ENSG00000198932.13|6789|GPRASP1|protein_coding	GPRASP1
ENSG00000101888.12|3104|NXT2|protein_coding	NXT2
ENSG00000127616.20|15479|SMARCA4|protein_coding	SMARCA4
ENSG00000272886.6|6102|DCP1A|protein_coding	DCP1A
ENSG00000107554.17|8489|DNMBP|protein_coding	DNMBP
ENSG00000151690.15|6031|MFSD6|protein_coding	MFSD6
ENSG00000270249.2|911|RP11-514P8.7|protein_coding	RP11-514P8.7
ENSG00000161395.14|3619|PGAP3|protein_coding	PGAP3
ENSG00000198574.6|2795|SH2D1B|protein_coding	SH2D1B
ENSG00000102096.9|2761|PIM2|protein_coding	PIM2
ENSG00000119285.11|9061|HEATR1|protein_coding	HEATR1
ENSG00000167967.16|6388|E4F1|protein_coding	E4F1
ENSG00000225830.16|23104|ERCC6|protein_coding	ERCC6
ENSG00000064601.21|8633|CTSA|protein_coding	CTSA
ENSG00000133422.14|10817|MORC2|protein_coding	MORC2
ENSG00000161281.11|586|COX7A1|protein_coding	COX7A1
ENSG00000136830.12|4617|NIBAN2|protein_coding	NIBAN2
ENSG00000126858.19|6516|RHOT1|protein_coding	RHOT1
ENSG00000213463.5|7057|SYNJ2BP|protein_coding	SYNJ2BP
ENSG00000142230.13|3742|SAE1|protein_coding	SAE1
ENSG00000140545.15|6807|MFGE8|protein_coding	MFGE8
ENSG00000109265.15|8704|CRACD|protein_coding	CRACD
ENSG00000168795.5|4690|ZBTB5|protein_coding	ZBTB5
ENSG00000131446.17|11499|MGAT1|protein_coding	MGAT1
ENSG00000159592.11|7433|GPBP1L1|protein_coding	GPBP1L1
ENSG00000280433.1|5411|CH507-9B2.9|protein_coding	CH507-9B2.9
ENSG00000139970.17|6019|RTN1|protein_coding	RTN1
ENSG00000126005.17|5520|MMP24OS|protein_coding	MMP24OS
ENSG00000167110.18|6961|GOLGA2|protein_coding	GOLGA2
ENSG00000171159.5|1653|C9orf16|protein_coding	C9orf16
ENSG00000183844.17|3828|FAM3B|protein_coding	FAM3B
ENSG00000116691.11|2821|MIIP|protein_coding	MIIP
ENSG00000143319.17|5229|ISG20L2|protein_coding	ISG20L2
ENSG00000013583.10|3428|HEBP1|protein_coding	HEBP1
ENSG00000070915.10|6180|SLC12A3|protein_coding	SLC12A3
ENSG00000148411.8|7216|NACC2|protein_coding	NACC2
ENSG00000134333.14|6038|LDHA|protein_coding	LDHA
ENSG00000140391.15|8400|TSPAN3|protein_coding	TSPAN3
ENSG00000158555.15|9905|GDPD5|protein_coding	GDPD5
ENSG00000124222.22|5099|STX16|protein_coding	STX16
ENSG00000124733.5|3017|MEA1|protein_coding	MEA1
ENSG00000159200.18|6964|RCAN1|protein_coding	RCAN1
ENSG00000105176.18|5448|URI1|protein_coding	URI1
ENSG00000140992.19|10911|PDPK1|protein_coding	PDPK1
ENSG00000100632.11|1113|ERH|protein_coding	ERH
ENSG00000154059.11|4896|IMPACT|protein_coding	IMPACT
ENSG00000061918.14|3944|GUCY1B1|protein_coding	GUCY1B1
ENSG00000183741.12|7993|CBX6|protein_coding	CBX6
ENSG00000260170.1|1060|RP11-96O20.4|protein_coding	RP11-96O20.4
ENSG00000132773.12|2358|TOE1|protein_coding	TOE1
ENSG00000184451.5|2619|CCR10|protein_coding	CCR10
ENSG00000135404.12|2422|CD63|protein_coding	CD63
ENSG00000152795.18|5529|HNRNPDL|protein_coding	HNRNPDL
ENSG00000101542.10|4277|CDH20|protein_coding	CDH20
ENSG00000128917.8|4754|DLL4|protein_coding	DLL4
ENSG00000109272.4|743|PF4V1|protein_coding	PF4V1
ENSG00000168350.8|3948|DEGS2|protein_coding	DEGS2
ENSG00000108010.12|5189|GLRX3|protein_coding	GLRX3
ENSG00000159685.11|2757|CHCHD6|protein_coding	CHCHD6
ENSG00000204592.9|2922|HLA-E|protein_coding	HLA-E
ENSG00000276045.3|2262|ORAI1|protein_coding	ORAI1
ENSG00000143862.8|1975|ARL8A|protein_coding	ARL8A
ENSG00000173852.15|6238|DPY19L1|protein_coding	DPY19L1
ENSG00000084693.16|5283|AGBL5|protein_coding	AGBL5
ENSG00000184924.6|1932|PTRHD1|protein_coding	PTRHD1
ENSG00000088038.19|6821|CNOT3|protein_coding	CNOT3
ENSG00000108469.15|8766|RECQL5|protein_coding	RECQL5
ENSG00000174996.12|5479|KLC2|protein_coding	KLC2
ENSG00000158517.15|3523|NCF1|protein_coding	NCF1
ENSG00000115539.14|1532|PDCL3|protein_coding	PDCL3
ENSG00000125531.7|3612|FNDC11|protein_coding	FNDC11
ENSG00000198087.7|6751|CD2AP|protein_coding	CD2AP
ENSG00000189266.13|2763|PNRC2|protein_coding	PNRC2
ENSG00000258659.7|2672|TRIM34|protein_coding	TRIM34
ENSG00000115109.14|9209|EPB41L5|protein_coding	EPB41L5
ENSG00000008405.12|4782|CRY1|protein_coding	CRY1
ENSG00000165795.24|7550|NDRG2|protein_coding	NDRG2
ENSG00000128849.11|8653|CGNL1|protein_coding	CGNL1
ENSG00000145777.15|4263|TSLP|protein_coding	TSLP
ENSG00000012660.14|3813|ELOVL5|protein_coding	ELOVL5
ENSG00000130726.12|4306|TRIM28|protein_coding	TRIM28
ENSG00000270316.1|2670|BORCS7-ASMT|protein_coding	BORCS7-ASMT
ENSG00000196405.13|10482|EVL|protein_coding	EVL
ENSG00000145675.15|10731|PIK3R1|protein_coding	PIK3R1
ENSG00000177853.14|10891|ZNF518A|protein_coding	ZNF518A
ENSG00000126464.14|7554|PRR12|protein_coding	PRR12
ENSG00000003056.8|3585|M6PR|protein_coding	M6PR
ENSG00000163131.12|6888|CTSS|protein_coding	CTSS
ENSG00000140988.16|2388|RPS2|protein_coding	RPS2
ENSG00000112144.16|6302|CILK1|protein_coding	CILK1
ENSG00000169129.15|5789|AFAP1L2|protein_coding	AFAP1L2
ENSG00000174125.8|4537|TLR1|protein_coding	TLR1
ENSG00000121039.10|5331|RDH10|protein_coding	RDH10
ENSG00000130338.13|12285|TULP4|protein_coding	TULP4
ENSG00000118816.11|4048|CCNI|protein_coding	CCNI
ENSG00000090612.22|14096|ZNF268|protein_coding	ZNF268
ENSG00000188786.10|7989|MTF1|protein_coding	MTF1
ENSG00000081803.16|6365|CADPS2|protein_coding	CADPS2
ENSG00000273003.1|2392|ARL2-SNX15|protein_coding	ARL2-SNX15
ENSG00000111012.10|3284|CYP27B1|protein_coding	CYP27B1
ENSG00000275700.6|12155|AATF|protein_coding	AATF
ENSG00000089053.13|12259|ANAPC5|protein_coding	ANAPC5
ENSG00000197119.13|7446|SLC25A29|protein_coding	SLC25A29
ENSG00000131981.16|2199|LGALS3|protein_coding	LGALS3
ENSG00000119725.20|6496|ZNF410|protein_coding	ZNF410
ENSG00000180264.11|5555|ADGRD2|protein_coding	ADGRD2
ENSG00000127080.10|5033|IPPK|protein_coding	IPPK
ENSG00000143590.14|1944|EFNA3|protein_coding	EFNA3
ENSG00000115694.15|7588|STK25|protein_coding	STK25
ENSG00000175220.12|6142|ARHGAP1|protein_coding	ARHGAP1
ENSG00000064042.18|10862|LIMCH1|protein_coding	LIMCH1
ENSG00000064489.23|1929|BORCS8-MEF2B|protein_coding	BORCS8-MEF2B
ENSG00000181924.7|2159|COA4|protein_coding	COA4
ENSG00000121766.16|1921|ZCCHC17|protein_coding	ZCCHC17
ENSG00000270617.1|795|URGCP-MRPS24|protein_coding	URGCP-MRPS24
ENSG00000178537.10|1898|SLC25A20|protein_coding	SLC25A20
ENSG00000037280.16|8852|FLT4|protein_coding	FLT4
ENSG00000100246.13|2430|DNAL4|protein_coding	DNAL4
ENSG00000135482.7|8363|ZC3H10|protein_coding	ZC3H10
ENSG00000187531.14|6134|SIRT7|protein_coding	SIRT7
ENSG00000137770.14|9277|CTDSPL2|protein_coding	CTDSPL2
ENSG00000215251.4|2842|FASTKD5|protein_coding	FASTKD5
ENSG00000142182.9|1859|DNMT3L|protein_coding	DNMT3L
ENSG00000048991.17|7898|R3HDM1|protein_coding	R3HDM1
ENSG00000158106.14|4184|RHPN1|protein_coding	RHPN1
ENSG00000133706.19|20639|LARS1|protein_coding	LARS1
ENSG00000109180.15|4714|OCIAD1|protein_coding	OCIAD1
ENSG00000126803.10|5504|HSPA2|protein_coding	HSPA2
ENSG00000159720.12|8156|ATP6V0D1|protein_coding	ATP6V0D1
ENSG00000135905.20|11288|DOCK10|protein_coding	DOCK10
ENSG00000107341.5|4477|UBE2R2|protein_coding	UBE2R2
ENSG00000127511.10|8779|SIN3B|protein_coding	SIN3B
ENSG00000073464.13|7562|CLCN4|protein_coding	CLCN4
ENSG00000163818.19|7203|LZTFL1|protein_coding	LZTFL1
ENSG00000131116.12|1553|ZNF428|protein_coding	ZNF428
ENSG00000147138.3|5494|GPR174|protein_coding	GPR174
ENSG00000141522.12|2875|ARHGDIA|protein_coding	ARHGDIA
ENSG00000128335.14|3417|APOL2|protein_coding	APOL2
ENSG00000064607.17|8468|SUGP2|protein_coding	SUGP2
ENSG00000136213.10|16116|CHST12|protein_coding	CHST12
ENSG00000196470.12|6688|SIAH1|protein_coding	SIAH1
ENSG00000106991.14|3836|ENG|protein_coding	ENG
ENSG00000164241.14|4527|C5orf63|protein_coding	C5orf63
ENSG00000103260.9|3689|METRN|protein_coding	METRN
ENSG00000197961.12|7246|ZNF121|protein_coding	ZNF121
ENSG00000185453.13|3763|ZSWIM9|protein_coding	ZSWIM9
ENSG00000131979.20|2925|GCH1|protein_coding	GCH1
ENSG00000159921.20|5856|GNE|protein_coding	GNE
ENSG00000163312.11|3712|HELQ|protein_coding	HELQ
ENSG00000101384.12|9298|JAG1|protein_coding	JAG1
ENSG00000160959.8|6130|LRRC14|protein_coding	LRRC14
ENSG00000089101.19|7915|CFAP61|protein_coding	CFAP61
ENSG00000159289.6|3505|GOLGA6A|protein_coding	GOLGA6A
ENSG00000172428.11|2037|COPS9|protein_coding	COPS9
ENSG00000091640.8|2776|SPAG7|protein_coding	SPAG7
ENSG00000284820.1|5245|RP11-803J6.1|protein_coding	RP11-803J6.1
ENSG00000135821.19|12638|GLUL|protein_coding	GLUL
ENSG00000100403.12|10522|ZC3H7B|protein_coding	ZC3H7B
ENSG00000187554.14|7733|TLR5|protein_coding	TLR5
ENSG00000100314.4|3334|CABP7|protein_coding	CABP7
ENSG00000142208.18|10955|AKT1|protein_coding	AKT1
ENSG00000153574.9|1813|RPIA|protein_coding	RPIA
ENSG00000036549.13|9008|ZZZ3|protein_coding	ZZZ3
ENSG00000108479.13|2416|GALK1|protein_coding	GALK1
ENSG00000163719.20|6019|MTMR14|protein_coding	MTMR14
ENSG00000090020.11|6195|SLC9A1|protein_coding	SLC9A1
ENSG00000187764.12|14160|SEMA4D|protein_coding	SEMA4D
ENSG00000156928.5|3712|MALSU1|protein_coding	MALSU1
ENSG00000183186.8|3099|C2CD4C|protein_coding	C2CD4C
ENSG00000185917.14|7288|SETD4|protein_coding	SETD4
ENSG00000138768.15|4604|USO1|protein_coding	USO1
ENSG00000100029.18|4527|PES1|protein_coding	PES1
ENSG00000184117.12|2983|NIPSNAP1|protein_coding	NIPSNAP1
ENSG00000119333.12|2672|DYNC2I2|protein_coding	DYNC2I2
ENSG00000086758.16|17379|HUWE1|protein_coding	HUWE1
ENSG00000123146.20|5382|ADGRE5|protein_coding	ADGRE5
ENSG00000145687.16|11284|SSBP2|protein_coding	SSBP2
ENSG00000170549.4|2080|IRX1|protein_coding	IRX1
ENSG00000088888.18|11771|MAVS|protein_coding	MAVS
ENSG00000100528.12|5019|CNIH1|protein_coding	CNIH1
ENSG00000148337.21|8690|CIZ1|protein_coding	CIZ1
ENSG00000121316.11|2375|PLBD1|protein_coding	PLBD1
ENSG00000118855.21|5227|MFSD1|protein_coding	MFSD1
ENSG00000163939.18|9654|PBRM1|protein_coding	PBRM1
ENSG00000101546.13|7945|RBFA|protein_coding	RBFA
ENSG00000143742.14|2220|SRP9|protein_coding	SRP9
ENSG00000125445.11|3327|MRPS7|protein_coding	MRPS7
ENSG00000105325.15|6477|FZR1|protein_coding	FZR1
ENSG00000197283.18|8277|SYNGAP1|protein_coding	SYNGAP1
ENSG00000135972.9|1829|MRPS9|protein_coding	MRPS9
ENSG00000156959.9|5349|LHFPL4|protein_coding	LHFPL4
ENSG00000100600.15|3876|LGMN|protein_coding	LGMN
ENSG00000166780.11|3508|BMERB1|protein_coding	BMERB1
ENSG00000101220.18|1809|C20orf27|protein_coding	C20orf27
ENSG00000125877.13|1942|ITPA|protein_coding	ITPA
ENSG00000054179.12|2640|ENTPD2|protein_coding	ENTPD2
ENSG00000077420.16|3843|APBB1IP|protein_coding	APBB1IP
ENSG00000106328.10|3121|FSCN3|protein_coding	FSCN3
ENSG00000172081.14|4145|MOB3A|protein_coding	MOB3A
ENSG00000011451.21|10037|WIZ|protein_coding	WIZ
ENSG00000131323.16|8290|TRAF3|protein_coding	TRAF3
ENSG00000110075.15|8305|PPP6R3|protein_coding	PPP6R3
ENSG00000188021.9|4242|UBQLN2|protein_coding	UBQLN2
ENSG00000131171.13|2145|SH3BGRL|protein_coding	SH3BGRL
ENSG00000164458.10|2603|TBXT|protein_coding	TBXT
ENSG00000139737.22|4300|SLAIN1|protein_coding	SLAIN1
ENSG00000064490.14|2503|RFXANK|protein_coding	RFXANK
ENSG00000261408.7|3898|TEN1-CDK3|protein_coding	TEN1-CDK3
ENSG00000131037.15|5341|EPS8L1|protein_coding	EPS8L1
ENSG00000034713.8|3010|GABARAPL2|protein_coding	GABARAPL2
ENSG00000204301.6|9748|NOTCH4|protein_coding	NOTCH4
ENSG00000148362.11|1363|PAXX|protein_coding	PAXX
ENSG00000111252.11|5707|SH2B3|protein_coding	SH2B3
ENSG00000106723.17|4903|SPIN1|protein_coding	SPIN1
ENSG00000244734.4|1304|HBB|protein_coding	HBB
ENSG00000179091.5|1963|CYC1|protein_coding	CYC1
ENSG00000070814.22|11439|TCOF1|protein_coding	TCOF1
ENSG00000206053.13|4768|JPT2|protein_coding	JPT2
ENSG00000089220.5|1514|PEBP1|protein_coding	PEBP1
ENSG00000145901.16|5793|TNIP1|protein_coding	TNIP1
ENSG00000105127.10|6299|AKAP8|protein_coding	AKAP8
ENSG00000058262.10|4640|SEC61A1|protein_coding	SEC61A1
ENSG00000135631.17|7058|RAB11FIP5|protein_coding	RAB11FIP5
ENSG00000140521.17|7699|POLG|protein_coding	POLG
ENSG00000288534.1|6239|TMX2-CTNND1|protein_coding	TMX2-CTNND1
ENSG00000144895.12|5905|EIF2A|protein_coding	EIF2A
ENSG00000133104.14|6534|SPART|protein_coding	SPART
ENSG00000149100.13|7430|EIF3M|protein_coding	EIF3M
ENSG00000143387.14|8447|CTSK|protein_coding	CTSK
ENSG00000106511.6|2371|MEOX2|protein_coding	MEOX2
ENSG00000173744.18|9324|AGFG1|protein_coding	AGFG1
ENSG00000179862.7|1310|CITED4|protein_coding	CITED4
ENSG00000162613.17|7559|FUBP1|protein_coding	FUBP1
ENSG00000125962.15|4911|ARMCX5|protein_coding	ARMCX5
ENSG00000275740.1|3311|RP11-449H3.3|protein_coding	RP11-449H3.3
ENSG00000267206.6|1672|LCN6|protein_coding	LCN6
ENSG00000048707.15|20768|VPS13D|protein_coding	VPS13D
ENSG00000157404.16|5563|KIT|protein_coding	KIT
ENSG00000105856.14|6344|HBP1|protein_coding	HBP1
ENSG00000184575.12|7320|XPOT|protein_coding	XPOT
ENSG00000112697.17|5502|TMEM30A|protein_coding	TMEM30A
ENSG00000116489.13|3495|CAPZA1|protein_coding	CAPZA1
ENSG00000162444.12|862|RBP7|protein_coding	RBP7
ENSG00000071054.16|11961|MAP4K4|protein_coding	MAP4K4
ENSG00000166454.10|6259|ATMIN|protein_coding	ATMIN
ENSG00000168710.18|5035|AHCYL1|protein_coding	AHCYL1
ENSG00000102302.8|4343|FGD1|protein_coding	FGD1
ENSG00000103415.12|3377|HMOX2|protein_coding	HMOX2
ENSG00000113448.19|16236|PDE4D|protein_coding	PDE4D
ENSG00000153767.10|3370|GTF2E1|protein_coding	GTF2E1
ENSG00000197746.14|3189|PSAP|protein_coding	PSAP
ENSG00000025039.15|5095|RRAGD|protein_coding	RRAGD
ENSG00000128340.15|2523|RAC2|protein_coding	RAC2
ENSG00000104980.8|4635|TIMM44|protein_coding	TIMM44
ENSG00000167323.12|7168|STIM1|protein_coding	STIM1
ENSG00000196839.13|2809|ADA|protein_coding	ADA
ENSG00000155368.17|2496|DBI|protein_coding	DBI
ENSG00000143499.14|4889|SMYD2|protein_coding	SMYD2
ENSG00000007202.15|9232|KIAA0100|protein_coding	KIAA0100
ENSG00000255823.5|1293|MTRNR2L8|protein_coding	MTRNR2L8
ENSG00000170011.14|5868|MYRIP|protein_coding	MYRIP
ENSG00000168685.15|6020|IL7R|protein_coding	IL7R
ENSG00000187266.14|3077|EPOR|protein_coding	EPOR
ENSG00000152952.12|7663|PLOD2|protein_coding	PLOD2
ENSG00000125901.6|1016|MRPS26|protein_coding	MRPS26
ENSG00000187051.9|3669|RPS19BP1|protein_coding	RPS19BP1
ENSG00000100526.20|1836|CDKN3|protein_coding	CDKN3
ENSG00000095370.20|4628|SH2D3C|protein_coding	SH2D3C
ENSG00000101052.13|2539|IFT52|protein_coding	IFT52
ENSG00000178531.6|1237|CTXN1|protein_coding	CTXN1
ENSG00000250151.9|2765|ARPC4-TTLL3|protein_coding	ARPC4-TTLL3
ENSG00000198674.3|999|OR10G6|protein_coding	OR10G6
ENSG00000198833.7|4164|UBE2J1|protein_coding	UBE2J1
ENSG00000153162.9|3784|BMP6|protein_coding	BMP6
ENSG00000102001.13|6928|CACNA1F|protein_coding	CACNA1F
ENSG00000182534.14|9248|MXRA7|protein_coding	MXRA7
ENSG00000135838.14|4975|NPL|protein_coding	NPL
ENSG00000203618.6|959|GP1BB|protein_coding	GP1BB
ENSG00000123353.10|2688|ORMDL2|protein_coding	ORMDL2
ENSG00000134697.13|5747|GNL2|protein_coding	GNL2
ENSG00000109736.15|3134|MFSD10|protein_coding	MFSD10
ENSG00000182240.16|9631|BACE2|protein_coding	BACE2
ENSG00000165370.3|8032|GPR101|protein_coding	GPR101
ENSG00000072778.20|4820|ACADVL|protein_coding	ACADVL
ENSG00000078403.17|9130|MLLT10|protein_coding	MLLT10
ENSG00000136003.16|4423|ISCU|protein_coding	ISCU
ENSG00000177311.12|14243|ZBTB38|protein_coding	ZBTB38
ENSG00000177098.9|5649|SCN4B|protein_coding	SCN4B
ENSG00000117859.19|10273|OSBPL9|protein_coding	OSBPL9
ENSG00000104731.14|11177|KLHDC4|protein_coding	KLHDC4
ENSG00000171163.16|3929|ZNF692|protein_coding	ZNF692
ENSG00000213699.9|3902|SLC35F6|protein_coding	SLC35F6
ENSG00000099204.20|10231|ABLIM1|protein_coding	ABLIM1
ENSG00000183549.10|3963|ACSM5|protein_coding	ACSM5
ENSG00000170043.12|1171|TRAPPC1|protein_coding	TRAPPC1
ENSG00000266967.7|3704|AARSD1|protein_coding	AARSD1
ENSG00000160360.13|5138|GPSM1|protein_coding	GPSM1
ENSG00000112335.15|1828|SNX3|protein_coding	SNX3
ENSG00000072422.17|4779|RHOBTB1|protein_coding	RHOBTB1
ENSG00000101290.14|11800|CDS2|protein_coding	CDS2
ENSG00000125991.20|5995|ERGIC3|protein_coding	ERGIC3
ENSG00000105518.14|1606|TMEM205|protein_coding	TMEM205
ENSG00000166825.15|5046|ANPEP|protein_coding	ANPEP
ENSG00000002330.14|1708|BAD|protein_coding	BAD
ENSG00000109332.20|10044|UBE2D3|protein_coding	UBE2D3
ENSG00000157483.9|9077|MYO1E|protein_coding	MYO1E
ENSG00000047249.18|5104|ATP6V1H|protein_coding	ATP6V1H
ENSG00000104979.9|1197|C19orf53|protein_coding	C19orf53
ENSG00000214402.7|4052|LCNL1|protein_coding	LCNL1
ENSG00000164219.10|10069|PGGT1B|protein_coding	PGGT1B
ENSG00000156127.8|928|BATF|protein_coding	BATF
ENSG00000152942.19|4159|RAD17|protein_coding	RAD17
ENSG00000112667.13|1247|DNPH1|protein_coding	DNPH1
ENSG00000033030.15|9125|ZCCHC8|protein_coding	ZCCHC8
ENSG00000125352.6|1259|RNF113A|protein_coding	RNF113A
ENSG00000162402.14|12023|USP24|protein_coding	USP24
ENSG00000064102.15|3059|INTS13|protein_coding	INTS13
ENSG00000084112.15|14538|SSH1|protein_coding	SSH1
ENSG00000110768.12|6940|GTF2H1|protein_coding	GTF2H1
ENSG00000170027.7|3705|YWHAG|protein_coding	YWHAG
ENSG00000179364.14|12363|PACS2|protein_coding	PACS2
ENSG00000106268.16|2089|NUDT1|protein_coding	NUDT1
ENSG00000127663.15|14719|KDM4B|protein_coding	KDM4B
ENSG00000143369.15|3360|ECM1|protein_coding	ECM1
ENSG00000197622.13|4184|CDC42SE1|protein_coding	CDC42SE1
ENSG00000186376.15|6838|ZNF75D|protein_coding	ZNF75D
ENSG00000125818.18|10361|PSMF1|protein_coding	PSMF1
ENSG00000113140.11|4641|SPARC|protein_coding	SPARC
ENSG00000175040.6|4142|CHST2|protein_coding	CHST2
ENSG00000145982.13|4838|FARS2|protein_coding	FARS2
ENSG00000103342.13|8054|GSPT1|protein_coding	GSPT1
ENSG00000135363.12|2896|LMO2|protein_coding	LMO2
ENSG00000148399.13|4925|DPH7|protein_coding	DPH7
ENSG00000130021.15|3821|PUDP|protein_coding	PUDP
ENSG00000155366.17|4007|RHOC|protein_coding	RHOC
ENSG00000187118.14|10533|CMC1|protein_coding	CMC1
ENSG00000125827.9|6557|TMX4|protein_coding	TMX4
ENSG00000196976.7|949|LAGE3|protein_coding	LAGE3
ENSG00000185164.15|6801|NOMO2|protein_coding	NOMO2
ENSG00000064393.16|15622|HIPK2|protein_coding	HIPK2
ENSG00000146834.14|3212|MEPCE|protein_coding	MEPCE
ENSG00000137504.15|7580|CREBZF|protein_coding	CREBZF
ENSG00000167604.15|3198|NFKBID|protein_coding	NFKBID
ENSG00000137055.15|5315|PLAA|protein_coding	PLAA
ENSG00000117691.10|1264|NENF|protein_coding	NENF
ENSG00000102245.8|1852|CD40LG|protein_coding	CD40LG
ENSG00000196154.12|946|S100A4|protein_coding	S100A4
ENSG00000114023.15|3793|FAM162A|protein_coding	FAM162A
ENSG00000102287.19|9612|GABRE|protein_coding	GABRE
ENSG00000074800.16|5216|ENO1|protein_coding	ENO1
ENSG00000111554.15|6551|MDM1|protein_coding	MDM1
ENSG00000102100.16|3745|SLC35A2|protein_coding	SLC35A2
ENSG00000214562.15|6933|NUTM2D|protein_coding	NUTM2D
ENSG00000181195.11|3392|PENK|protein_coding	PENK
ENSG00000158711.14|12191|ELK4|protein_coding	ELK4
ENSG00000150991.15|3898|UBC|protein_coding	UBC
ENSG00000124784.9|2940|RIOK1|protein_coding	RIOK1
ENSG00000183837.10|3748|PNMA3|protein_coding	PNMA3
ENSG00000231925.12|5056|TAPBP|protein_coding	TAPBP
ENSG00000167393.18_PAR_Y|9045|PPP2R3B|protein_coding	PPP2R3B
ENSG00000204099.12|4449|NEU4|protein_coding	NEU4
ENSG00000168209.6|2118|DDIT4|protein_coding	DDIT4
ENSG00000137817.17|7646|PARP6|protein_coding	PARP6
ENSG00000068308.14|3596|OTUD5|protein_coding	OTUD5
ENSG00000143365.19|6517|RORC|protein_coding	RORC
ENSG00000142657.21|3333|PGD|protein_coding	PGD
ENSG00000173540.14|6675|GMPPB|protein_coding	GMPPB
ENSG00000177119.17|8816|ANO6|protein_coding	ANO6
ENSG00000067334.14|7518|DNTTIP2|protein_coding	DNTTIP2
ENSG00000123104.12|13909|ITPR2|protein_coding	ITPR2
ENSG00000084623.12|9756|EIF3I|protein_coding	EIF3I
ENSG00000108100.18|6108|CCNY|protein_coding	CCNY
ENSG00000143384.14|6222|MCL1|protein_coding	MCL1
ENSG00000117676.14|5884|RPS6KA1|protein_coding	RPS6KA1
ENSG00000076108.12|10936|BAZ2A|protein_coding	BAZ2A
ENSG00000134061.5|5668|CD180|protein_coding	CD180
ENSG00000285330.1|2385|AC004067.6|protein_coding	AC004067.6
ENSG00000074603.19|10211|DPP8|protein_coding	DPP8
ENSG00000112167.10|2923|SAYSD1|protein_coding	SAYSD1
ENSG00000148498.16|6513|PARD3|protein_coding	PARD3
ENSG00000158987.22|11231|RAPGEF6|protein_coding	RAPGEF6
ENSG00000139343.10|3043|SNRPF|protein_coding	SNRPF
ENSG00000127578.7|4879|WFIKKN1|protein_coding	WFIKKN1
ENSG00000177885.15|4716|GRB2|protein_coding	GRB2
ENSG00000182768.9|3116|NGRN|protein_coding	NGRN
ENSG00000260734.6|1790|TLE7|protein_coding	TLE7
ENSG00000138095.20|34689|LRPPRC|protein_coding	LRPPRC
ENSG00000160305.18|13758|DIP2A|protein_coding	DIP2A
ENSG00000159873.10|4326|CCDC117|protein_coding	CCDC117
ENSG00000141556.22|23081|TBCD|protein_coding	TBCD
ENSG00000165512.5|2103|ZNF22|protein_coding	ZNF22
ENSG00000132669.14|8271|RIN2|protein_coding	RIN2
ENSG00000205639.12|4522|MFSD2B|protein_coding	MFSD2B
ENSG00000132793.12|4667|LPIN3|protein_coding	LPIN3
ENSG00000100439.10|4070|ABHD4|protein_coding	ABHD4
ENSG00000112078.14|6239|KCTD20|protein_coding	KCTD20
ENSG00000169515.8|3236|CCDC8|protein_coding	CCDC8
ENSG00000100599.16|8676|RIN3|protein_coding	RIN3
ENSG00000102858.13|10185|MGRN1|protein_coding	MGRN1
ENSG00000268173.3|5142|AC007192.4|protein_coding	AC007192.4
ENSG00000005020.13|5361|SKAP2|protein_coding	SKAP2
ENSG00000138834.14|10343|MAPK8IP3|protein_coding	MAPK8IP3
ENSG00000140859.16|9600|KIFC3|protein_coding	KIFC3
ENSG00000099901.17|4620|RANBP1|protein_coding	RANBP1
ENSG00000166128.13|5103|RAB8B|protein_coding	RAB8B
ENSG00000147010.18|5777|SH3KBP1|protein_coding	SH3KBP1
ENSG00000169021.6|3086|UQCRFS1|protein_coding	UQCRFS1
ENSG00000161013.17|5495|MGAT4B|protein_coding	MGAT4B
ENSG00000166411.14|6823|IDH3A|protein_coding	IDH3A
ENSG00000169249.13|2077|ZRSR2|protein_coding	ZRSR2
ENSG00000028137.19|3778|TNFRSF1B|protein_coding	TNFRSF1B
ENSG00000116906.13|3261|GNPAT|protein_coding	GNPAT
ENSG00000134369.15|22453|NAV1|protein_coding	NAV1
ENSG00000168765.17|5727|GSTM4|protein_coding	GSTM4
ENSG00000197037.11|7095|ZSCAN25|protein_coding	ZSCAN25
ENSG00000010322.16|9062|NISCH|protein_coding	NISCH
ENSG00000108774.15|2759|RAB5C|protein_coding	RAB5C
ENSG00000135900.4|1689|MRPL44|protein_coding	MRPL44
ENSG00000267303.1|1850|CTD-2369P2.12|protein_coding	CTD-2369P2.12
ENSG00000110841.14|11690|PPFIBP1|protein_coding	PPFIBP1
ENSG00000160221.18|7947|GATD3A|protein_coding	GATD3A
ENSG00000158869.11|964|FCER1G|protein_coding	FCER1G
ENSG00000090971.5|1979|NAT14|protein_coding	NAT14
ENSG00000115685.15|3781|PPP1R7|protein_coding	PPP1R7
ENSG00000186432.10|13643|KPNA4|protein_coding	KPNA4
ENSG00000183963.19|10242|SMTN|protein_coding	SMTN
ENSG00000050165.19|11958|DKK3|protein_coding	DKK3
ENSG00000138442.10|9066|WDR12|protein_coding	WDR12
ENSG00000113319.13|11032|RASGRF2|protein_coding	RASGRF2
ENSG00000156256.15|5694|USP16|protein_coding	USP16
ENSG00000241399.7|4077|CD302|protein_coding	CD302
ENSG00000212907.2|297|MT-ND4L|protein_coding	MT-ND4L
ENSG00000117298.16|7308|ECE1|protein_coding	ECE1
ENSG00000183580.10|4870|FBXL7|protein_coding	FBXL7
ENSG00000269741.5|1933|CTC-518B2.8|protein_coding	CTC-518B2.8
ENSG00000244255.5|4069|XXbac-BPG116M5.17|protein_coding	XXbac-BPG116M5.17
ENSG00000139718.11|8557|SETD1B|protein_coding	SETD1B
ENSG00000214022.12|4649|REPIN1|protein_coding	REPIN1
ENSG00000196604.13|4704|POTEF|protein_coding	POTEF
ENSG00000152484.14|5096|USP12|protein_coding	USP12
ENSG00000125971.17|2455|DYNLRB1|protein_coding	DYNLRB1
ENSG00000260537.2|2587|RP11-529K1.3|protein_coding	RP11-529K1.3
ENSG00000124208.16|2757|PEDS1-UBE2V1|protein_coding	PEDS1-UBE2V1
ENSG00000140307.11|3204|GTF2A2|protein_coding	GTF2A2
ENSG00000099785.11|2216|MARCHF2|protein_coding	MARCHF2
ENSG00000241553.13|2607|ARPC4|protein_coding	ARPC4
ENSG00000157450.16|7173|RNF111|protein_coding	RNF111
ENSG00000165392.11|8222|WRN|protein_coding	WRN
ENSG00000116754.13|8473|SRSF11|protein_coding	SRSF11
ENSG00000105329.11|3264|TGFB1|protein_coding	TGFB1
ENSG00000170113.16|8686|NIPA1|protein_coding	NIPA1
ENSG00000198783.6|2238|ZNF830|protein_coding	ZNF830
ENSG00000185274.12|4895|GALNT17|protein_coding	GALNT17
ENSG00000255819.7|2592|KLRC4-KLRK1|protein_coding	KLRC4-KLRK1
ENSG00000172382.10|5920|PRSS27|protein_coding	PRSS27
ENSG00000180370.10|6270|PAK2|protein_coding	PAK2
ENSG00000104679.12|2630|R3HCC1|protein_coding	R3HCC1
ENSG00000164068.16|7419|RNF123|protein_coding	RNF123
ENSG00000186281.12|5684|GPAT2|protein_coding	GPAT2
ENSG00000171368.12|5979|TPPP|protein_coding	TPPP
ENSG00000127920.6|3019|GNG11|protein_coding	GNG11
ENSG00000146676.10|9232|PURB|protein_coding	PURB
ENSG00000122566.22|12613|HNRNPA2B1|protein_coding	HNRNPA2B1
ENSG00000137492.9|8802|THAP12|protein_coding	THAP12
ENSG00000149311.20|39184|ATM|protein_coding	ATM
ENSG00000125629.15|3950|INSIG2|protein_coding	INSIG2
ENSG00000141034.10|5095|GID4|protein_coding	GID4
ENSG00000169018.6|7624|FEM1B|protein_coding	FEM1B
ENSG00000050393.11|6057|MCUR1|protein_coding	MCUR1
ENSG00000184702.20|4564|SEPTIN5|protein_coding	SEPTIN5
ENSG00000270672.1|1447|MTRNR2L6|protein_coding	MTRNR2L6
ENSG00000151611.17|8375|MMAA|protein_coding	MMAA
ENSG00000282936.2|4843|CTC-281F24.5|protein_coding	CTC-281F24.5
ENSG00000072756.17|5802|TRNT1|protein_coding	TRNT1
ENSG00000164164.17|9513|OTUD4|protein_coding	OTUD4
ENSG00000173889.16|16919|PHC3|protein_coding	PHC3
ENSG00000138246.17|9630|DNAJC13|protein_coding	DNAJC13
ENSG00000080200.10|10979|CRYBG3|protein_coding	CRYBG3
ENSG00000090054.15|6513|SPTLC1|protein_coding	SPTLC1
ENSG00000178694.10|8858|NSUN3|protein_coding	NSUN3
ENSG00000033867.16|9616|SLC4A7|protein_coding	SLC4A7
ENSG00000182224.12|3980|CYB5D1|protein_coding	CYB5D1
ENSG00000117280.13|3904|RAB29|protein_coding	RAB29
ENSG00000177700.6|1126|POLR2L|protein_coding	POLR2L
ENSG00000132481.7|3145|TRIM47|protein_coding	TRIM47
ENSG00000111358.14|3994|GTF2H3|protein_coding	GTF2H3
ENSG00000243989.9|4727|ACY1|protein_coding	ACY1
ENSG00000151414.15|5454|NEK7|protein_coding	NEK7
ENSG00000198018.7|8655|ENTPD7|protein_coding	ENTPD7
ENSG00000106682.16|5807|EIF4H|protein_coding	EIF4H
ENSG00000175766.13|3509|EIF4E1B|protein_coding	EIF4E1B
ENSG00000269028.3|1049|MTRNR2L12|protein_coding	MTRNR2L12
ENSG00000119655.11|2584|NPC2|protein_coding	NPC2
ENSG00000115806.13|4705|GORASP2|protein_coding	GORASP2
ENSG00000086504.18|3053|MRPL28|protein_coding	MRPL28
ENSG00000139626.16|4451|ITGB7|protein_coding	ITGB7
ENSG00000143321.19|3674|HDGF|protein_coding	HDGF
ENSG00000074317.11|2008|SNCB|protein_coding	SNCB
ENSG00000085491.17|6726|SLC25A24|protein_coding	SLC25A24
ENSG00000104687.14|3602|GSR|protein_coding	GSR
ENSG00000115935.18|9121|WIPF1|protein_coding	WIPF1
ENSG00000180190.13|3449|TDRP|protein_coding	TDRP
ENSG00000136854.24|9358|STXBP1|protein_coding	STXBP1
ENSG00000142327.13|7970|RNPEPL1|protein_coding	RNPEPL1
ENSG00000138757.15|13799|G3BP2|protein_coding	G3BP2
ENSG00000120942.14|5090|UBIAD1|protein_coding	UBIAD1
ENSG00000173726.11|3438|TOMM20|protein_coding	TOMM20
ENSG00000197386.14|21404|HTT|protein_coding	HTT
ENSG00000105865.11|5498|DUS4L|protein_coding	DUS4L
ENSG00000135709.13|8837|KIAA0513|protein_coding	KIAA0513
ENSG00000137656.12|2195|BUD13|protein_coding	BUD13
ENSG00000187037.9|4803|GPR141|protein_coding	GPR141
ENSG00000150995.21|32120|ITPR1|protein_coding	ITPR1
ENSG00000120837.8|4899|NFYB|protein_coding	NFYB
ENSG00000167114.13|3229|SLC27A4|protein_coding	SLC27A4
ENSG00000215845.11|1197|TSTD1|protein_coding	TSTD1
ENSG00000117115.13|6000|PADI2|protein_coding	PADI2
ENSG00000198786.2|1812|MT-ND5|protein_coding	MT-ND5
ENSG00000125743.11|1441|SNRPD2|protein_coding	SNRPD2
ENSG00000167644.12|611|C19orf33|protein_coding	C19orf33
ENSG00000215472.10|1529|RPL17-C18orf32|protein_coding	RPL17-C18orf32
ENSG00000183092.17|7878|BEGAIN|protein_coding	BEGAIN
ENSG00000181135.16|6327|ZNF707|protein_coding	ZNF707
ENSG00000188322.8|5243|SBK1|protein_coding	SBK1
ENSG00000197043.14|5478|ANXA6|protein_coding	ANXA6
ENSG00000165914.15|21268|TTC7B|protein_coding	TTC7B
ENSG00000088448.14|4563|ANKRD10|protein_coding	ANKRD10
ENSG00000107745.19|3852|MICU1|protein_coding	MICU1
ENSG00000074319.13|3558|TSG101|protein_coding	TSG101
ENSG00000180210.15|2534|F2|protein_coding	F2
ENSG00000112877.8|3590|CEP72|protein_coding	CEP72
ENSG00000221983.8|4306|UBA52|protein_coding	UBA52
ENSG00000205309.14|1961|NT5M|protein_coding	NT5M
ENSG00000116260.17|9276|QSOX1|protein_coding	QSOX1
ENSG00000130749.10|6526|ZC3H4|protein_coding	ZC3H4
ENSG00000101162.4|3321|TUBB1|protein_coding	TUBB1
ENSG00000120705.13|4537|ETF1|protein_coding	ETF1
ENSG00000100078.4|2600|PLA2G3|protein_coding	PLA2G3
ENSG00000160208.13|5750|RRP1B|protein_coding	RRP1B
ENSG00000167977.9|3372|KCTD5|protein_coding	KCTD5
ENSG00000087274.18|13240|ADD1|protein_coding	ADD1
ENSG00000160741.17|3602|CRTC2|protein_coding	CRTC2
ENSG00000153107.13|13984|ANAPC1|protein_coding	ANAPC1
ENSG00000163806.16|3483|SPDYA|protein_coding	SPDYA
ENSG00000121058.5|3014|COIL|protein_coding	COIL
ENSG00000168237.18|4794|GLYCTK|protein_coding	GLYCTK
ENSG00000137962.13|18370|ARHGAP29|protein_coding	ARHGAP29
ENSG00000136206.4|2891|SPDYE1|protein_coding	SPDYE1
ENSG00000257207.5|3202|AC108938.5|protein_coding	AC108938.5
ENSG00000232388.5|1098|SMIM26|protein_coding	SMIM26
ENSG00000104774.13|5374|MAN2B1|protein_coding	MAN2B1
ENSG00000160200.18|6786|CBS|protein_coding	CBS
ENSG00000183019.7|1906|MCEMP1|protein_coding	MCEMP1
ENSG00000118564.15|4701|FBXL5|protein_coding	FBXL5
ENSG00000004779.10|1548|NDUFAB1|protein_coding	NDUFAB1
ENSG00000165929.13|6152|TC2N|protein_coding	TC2N
ENSG00000148396.18|9975|SEC16A|protein_coding	SEC16A
ENSG00000172247.4|1413|C1QTNF4|protein_coding	C1QTNF4
ENSG00000047578.13|9784|KATNIP|protein_coding	KATNIP
ENSG00000121481.11|3906|RNF2|protein_coding	RNF2
ENSG00000151502.11|6453|VPS26B|protein_coding	VPS26B
ENSG00000198712.1|684|MT-CO2|protein_coding	MT-CO2
ENSG00000103018.17|6807|CYB5B|protein_coding	CYB5B
ENSG00000105048.17|2119|TNNT1|protein_coding	TNNT1
ENSG00000139174.12|8223|PRICKLE1|protein_coding	PRICKLE1
ENSG00000120063.10|6431|GNA13|protein_coding	GNA13
ENSG00000156273.16|7666|BACH1|protein_coding	BACH1
ENSG00000283900.1|1770|TPTEP2-CSNK1E|protein_coding	TPTEP2-CSNK1E
ENSG00000117984.15|5697|CTSD|protein_coding	CTSD
ENSG00000100941.9|4203|PNN|protein_coding	PNN
ENSG00000165757.9|9574|JCAD|protein_coding	JCAD
ENSG00000165660.8|2955|ABRAXAS2|protein_coding	ABRAXAS2
ENSG00000124496.12|7732|TRERF1|protein_coding	TRERF1
ENSG00000167173.19|5807|C15orf39|protein_coding	C15orf39
ENSG00000269313.5|5107|MAGIX|protein_coding	MAGIX
ENSG00000152518.8|3693|ZFP36L2|protein_coding	ZFP36L2
ENSG00000151327.13|8489|FAM177A1|protein_coding	FAM177A1
ENSG00000264324.1|5059|RP11-287D1.3|protein_coding	RP11-287D1.3
ENSG00000089157.16|3988|RPLP0|protein_coding	RPLP0
ENSG00000279765.3|4734|RP11-437B10.1|protein_coding	RP11-437B10.1
ENSG00000170471.15|12631|RALGAPB|protein_coding	RALGAPB
ENSG00000059758.8|6467|CDK17|protein_coding	CDK17
ENSG00000112164.6|6682|GLP1R|protein_coding	GLP1R
ENSG00000168495.13|5583|POLR3D|protein_coding	POLR3D
ENSG00000009307.16|5778|CSDE1|protein_coding	CSDE1
ENSG00000100580.8|7761|TMED8|protein_coding	TMED8
ENSG00000089775.12|12222|ZBTB25|protein_coding	ZBTB25
ENSG00000102172.16|2026|SMS|protein_coding	SMS
ENSG00000269242.1|838|CTD-2192J16.22|protein_coding	CTD-2192J16.22
ENSG00000061656.11|2348|SPAG4|protein_coding	SPAG4
ENSG00000126107.15|5072|HECTD3|protein_coding	HECTD3
ENSG00000182831.12|15874|C16orf72|protein_coding	C16orf72
ENSG00000117122.14|2712|MFAP2|protein_coding	MFAP2
ENSG00000115946.8|2630|PNO1|protein_coding	PNO1
ENSG00000132507.18|2685|EIF5A|protein_coding	EIF5A
ENSG00000131508.16|3556|UBE2D2|protein_coding	UBE2D2
ENSG00000198843.13|4135|SELENOT|protein_coding	SELENOT
ENSG00000011566.15|6056|MAP4K3|protein_coding	MAP4K3
ENSG00000129128.13|6829|SPCS3|protein_coding	SPCS3
ENSG00000113070.8|2990|HBEGF|protein_coding	HBEGF
ENSG00000137393.10|5171|RNF144B|protein_coding	RNF144B
ENSG00000089693.11|3367|MLF2|protein_coding	MLF2
ENSG00000196230.14|4071|TUBB|protein_coding	TUBB
ENSG00000163964.18|4427|PIGX|protein_coding	PIGX
ENSG00000143549.21|15156|TPM3|protein_coding	TPM3
ENSG00000126903.16|2247|SLC10A3|protein_coding	SLC10A3
ENSG00000163958.14|2429|ZDHHC19|protein_coding	ZDHHC19
ENSG00000159792.10|3993|PSKH1|protein_coding	PSKH1
ENSG00000162777.17|6677|DENND2D|protein_coding	DENND2D
ENSG00000101189.7|2752|MRGBP|protein_coding	MRGBP
ENSG00000181523.13|6661|SGSH|protein_coding	SGSH
ENSG00000106351.13|5487|AGFG2|protein_coding	AGFG2
ENSG00000184613.11|6405|NELL2|protein_coding	NELL2
ENSG00000102908.22|16401|NFAT5|protein_coding	NFAT5
ENSG00000119688.21|8922|ABCD4|protein_coding	ABCD4
ENSG00000117245.13|4470|KIF17|protein_coding	KIF17
ENSG00000100441.10|8024|KHNYN|protein_coding	KHNYN
ENSG00000137502.10|11832|RAB30|protein_coding	RAB30
ENSG00000162367.11|5700|TAL1|protein_coding	TAL1
ENSG00000155926.14|7491|SLA|protein_coding	SLA
ENSG00000224470.9|9316|ATXN1L|protein_coding	ATXN1L
ENSG00000140740.11|4589|UQCRC2|protein_coding	UQCRC2
ENSG00000078674.18|12476|PCM1|protein_coding	PCM1
ENSG00000163359.17|21516|COL6A3|protein_coding	COL6A3
ENSG00000137309.20|2327|HMGA1|protein_coding	HMGA1
ENSG00000104824.18|6492|HNRNPL|protein_coding	HNRNPL
ENSG00000102181.21|5763|CD99L2|protein_coding	CD99L2
ENSG00000140694.17|9284|PARN|protein_coding	PARN
ENSG00000149503.13|4454|INCENP|protein_coding	INCENP
ENSG00000113758.13|5119|DBN1|protein_coding	DBN1
ENSG00000116478.12|3966|HDAC1|protein_coding	HDAC1
ENSG00000141425.18|8442|RPRD1A|protein_coding	RPRD1A
ENSG00000196547.15|9763|MAN2A2|protein_coding	MAN2A2
ENSG00000103653.17|4546|CSK|protein_coding	CSK
ENSG00000132334.17|11193|PTPRE|protein_coding	PTPRE
ENSG00000178950.17|15155|GAK|protein_coding	GAK
ENSG00000131504.17|7375|DIAPH1|protein_coding	DIAPH1
ENSG00000198885.10|4666|ITPRIPL1|protein_coding	ITPRIPL1
ENSG00000126756.12|1264|UXT|protein_coding	UXT
ENSG00000123080.12|3018|CDKN2C|protein_coding	CDKN2C
ENSG00000136682.15|8411|CBWD2|protein_coding	CBWD2
ENSG00000125492.10|1906|BARHL1|protein_coding	BARHL1
ENSG00000281348.1|556|CTD-2574D22.6|protein_coding	CTD-2574D22.6
ENSG00000125249.7|5623|RAP2A|protein_coding	RAP2A
ENSG00000250644.3|4807|RP11-295K3.1|protein_coding	RP11-295K3.1
ENSG00000147036.12|10298|LANCL3|protein_coding	LANCL3
ENSG00000169967.17|11613|MAP3K2|protein_coding	MAP3K2
ENSG00000161526.15|8133|SAP30BP|protein_coding	SAP30BP
ENSG00000069020.18|14675|MAST4|protein_coding	MAST4
ENSG00000198326.10|3892|TMEM239|protein_coding	TMEM239
ENSG00000181827.16|11504|RFX7|protein_coding	RFX7
ENSG00000158769.18|5061|F11R|protein_coding	F11R
ENSG00000213366.13|9116|GSTM2|protein_coding	GSTM2
ENSG00000118960.13|14625|HS1BP3|protein_coding	HS1BP3
ENSG00000012061.16|5575|ERCC1|protein_coding	ERCC1
ENSG00000119787.14|5810|ATL2|protein_coding	ATL2
ENSG00000122786.20|9844|CALD1|protein_coding	CALD1
ENSG00000159140.21|12752|SON|protein_coding	SON
ENSG00000123737.13|4710|EXOSC9|protein_coding	EXOSC9
ENSG00000150637.9|13659|CD226|protein_coding	CD226
ENSG00000107262.26|7073|BAG1|protein_coding	BAG1
ENSG00000134222.16|2855|PSRC1|protein_coding	PSRC1
ENSG00000131089.17|14543|ARHGEF9|protein_coding	ARHGEF9
ENSG00000136271.11|3681|DDX56|protein_coding	DDX56
ENSG00000099622.14|6368|CIRBP|protein_coding	CIRBP
ENSG00000143614.10|9244|GATAD2B|protein_coding	GATAD2B
ENSG00000090060.19|13609|PAPOLA|protein_coding	PAPOLA
ENSG00000110042.8|6433|DTX4|protein_coding	DTX4
ENSG00000148841.17|7296|ITPRIP|protein_coding	ITPRIP
ENSG00000134531.10|7833|EMP1|protein_coding	EMP1
ENSG00000090263.16|5245|MRPS33|protein_coding	MRPS33
ENSG00000142512.15|3668|SIGLEC10|protein_coding	SIGLEC10
ENSG00000092841.19|4424|MYL6|protein_coding	MYL6
ENSG00000078177.14|9811|N4BP2|protein_coding	N4BP2
ENSG00000125753.14|3538|VASP|protein_coding	VASP
ENSG00000155111.15|7645|CDK19|protein_coding	CDK19
ENSG00000130508.11|11266|PXDN|protein_coding	PXDN
ENSG00000119335.17|4359|SET|protein_coding	SET
ENSG00000170275.15|6660|CRTAP|protein_coding	CRTAP
ENSG00000172007.7|4714|RAB33B|protein_coding	RAB33B
ENSG00000198948.12|8741|MFAP3L|protein_coding	MFAP3L
ENSG00000181031.16|6066|RPH3AL|protein_coding	RPH3AL
ENSG00000105887.11|3782|MTPN|protein_coding	MTPN
ENSG00000122026.11|2196|RPL21|protein_coding	RPL21
ENSG00000143630.10|4241|HCN3|protein_coding	HCN3
ENSG00000122884.13|3093|P4HA1|protein_coding	P4HA1
ENSG00000163993.7|471|S100P|protein_coding	S100P
ENSG00000101138.12|4793|CSTF1|protein_coding	CSTF1
ENSG00000115085.14|5095|ZAP70|protein_coding	ZAP70
ENSG00000176973.8|1458|FAM89B|protein_coding	FAM89B
ENSG00000105323.17|6691|HNRNPUL1|protein_coding	HNRNPUL1
ENSG00000141854.9|2354|MISP3|protein_coding	MISP3
ENSG00000253352.10|10151|TUG1|protein_coding	TUG1
ENSG00000284989.1|4037|RP11-7O11.7|protein_coding	RP11-7O11.7
ENSG00000112576.13|5761|CCND3|protein_coding	CCND3
ENSG00000186583.12|2170|SPATC1|protein_coding	SPATC1
ENSG00000171421.13|1395|MRPL36|protein_coding	MRPL36
ENSG00000197818.12|6946|SLC9A8|protein_coding	SLC9A8
ENSG00000130307.12|5137|USHBP1|protein_coding	USHBP1
ENSG00000256500.6|2505|RP11-73M18.2|protein_coding	RP11-73M18.2
ENSG00000089154.11|9660|GCN1|protein_coding	GCN1
ENSG00000205593.12|5887|DENND6B|protein_coding	DENND6B
ENSG00000170315.14|1567|UBB|protein_coding	UBB
ENSG00000155313.16|7861|USP25|protein_coding	USP25
ENSG00000198478.8|4603|SH3BGRL2|protein_coding	SH3BGRL2
ENSG00000257529.5|695|RPL36A-HNRNPH2|protein_coding	RPL36A-HNRNPH2
ENSG00000164346.10|4962|NSA2|protein_coding	NSA2
ENSG00000151151.6|6093|IPMK|protein_coding	IPMK
ENSG00000130037.5|2910|KCNA5|protein_coding	KCNA5
ENSG00000012779.11|3730|ALOX5|protein_coding	ALOX5
ENSG00000127528.6|2820|KLF2|protein_coding	KLF2
ENSG00000129675.16|5278|ARHGEF6|protein_coding	ARHGEF6
ENSG00000137409.20|3126|MTCH1|protein_coding	MTCH1
ENSG00000018280.17|8676|SLC11A1|protein_coding	SLC11A1
ENSG00000092758.18|4841|COL9A3|protein_coding	COL9A3
ENSG00000106348.18|3662|IMPDH1|protein_coding	IMPDH1
ENSG00000119280.17|5161|C1orf198|protein_coding	C1orf198
ENSG00000104714.14|9711|ERICH1|protein_coding	ERICH1
ENSG00000102034.17|5237|ELF4|protein_coding	ELF4
ENSG00000130706.13|2142|ADRM1|protein_coding	ADRM1
ENSG00000084754.12|4331|HADHA|protein_coding	HADHA
ENSG00000131724.11|4650|IL13RA1|protein_coding	IL13RA1
ENSG00000284874.1|4669|SEPT5-GP1BB|protein_coding	SEPT5-GP1BB
ENSG00000119950.21|5907|MXI1|protein_coding	MXI1
ENSG00000134248.14|2388|LAMTOR5|protein_coding	LAMTOR5
ENSG00000172977.13|3732|KAT5|protein_coding	KAT5
ENSG00000122861.16|2949|PLAU|protein_coding	PLAU
ENSG00000090061.17|8220|CCNK|protein_coding	CCNK
ENSG00000184900.16|2732|SUMO3|protein_coding	SUMO3
ENSG00000111328.7|6027|CDK2AP1|protein_coding	CDK2AP1
ENSG00000100227.18|3650|POLDIP3|protein_coding	POLDIP3
ENSG00000152127.9|8765|MGAT5|protein_coding	MGAT5
ENSG00000272410.5|2977|RP11-438J1.1|protein_coding	RP11-438J1.1
ENSG00000111832.13|5867|RWDD1|protein_coding	RWDD1
ENSG00000116954.8|5116|RRAGC|protein_coding	RRAGC
ENSG00000100918.13|3844|REC8|protein_coding	REC8
ENSG00000114019.15|6479|AMOTL2|protein_coding	AMOTL2
ENSG00000161914.10|3217|ZNF653|protein_coding	ZNF653
ENSG00000166598.16|13092|HSP90B1|protein_coding	HSP90B1
ENSG00000235272.2|1991|RAMACL|protein_coding	RAMACL
ENSG00000105640.13|3493|RPL18A|protein_coding	RPL18A
ENSG00000204899.6|2231|MZT1|protein_coding	MZT1
ENSG00000105327.18|3185|BBC3|protein_coding	BBC3
ENSG00000019582.16|6122|CD74|protein_coding	CD74
ENSG00000072501.19|10830|SMC1A|protein_coding	SMC1A
ENSG00000161217.12|7967|PCYT1A|protein_coding	PCYT1A
ENSG00000119614.3|3018|VSX2|protein_coding	VSX2
ENSG00000259330.3|3024|INAFM2|protein_coding	INAFM2
ENSG00000130164.14|7622|LDLR|protein_coding	LDLR
ENSG00000159674.12|5985|SPON2|protein_coding	SPON2
ENSG00000204619.8|2428|PPP1R11|protein_coding	PPP1R11
ENSG00000099326.9|6654|MZF1|protein_coding	MZF1
ENSG00000221968.9|6294|FADS3|protein_coding	FADS3
ENSG00000170855.4|1411|TRIAP1|protein_coding	TRIAP1
ENSG00000126581.13|6414|BECN1|protein_coding	BECN1
ENSG00000183576.13|5186|SETD3|protein_coding	SETD3
ENSG00000111371.16|10015|SLC38A1|protein_coding	SLC38A1
ENSG00000154589.7|559|LY96|protein_coding	LY96
ENSG00000162688.17|8157|AGL|protein_coding	AGL
ENSG00000172478.18|2772|MAB21L4|protein_coding	MAB21L4
ENSG00000115350.12|2000|POLE4|protein_coding	POLE4
ENSG00000112996.11|6180|MRPS30|protein_coding	MRPS30
ENSG00000166265.13|3271|CYYR1|protein_coding	CYYR1
ENSG00000176390.12|4388|CRLF3|protein_coding	CRLF3
ENSG00000151929.10|2737|BAG3|protein_coding	BAG3
ENSG00000100697.15|12680|DICER1|protein_coding	DICER1
ENSG00000163110.15|11090|PDLIM5|protein_coding	PDLIM5
ENSG00000103479.17|8110|RBL2|protein_coding	RBL2
ENSG00000166333.14|3484|ILK|protein_coding	ILK
ENSG00000001631.16|6204|KRIT1|protein_coding	KRIT1
ENSG00000135372.9|5227|NAT10|protein_coding	NAT10
ENSG00000172757.13|5865|CFL1|protein_coding	CFL1
ENSG00000119729.12|6424|RHOQ|protein_coding	RHOQ
ENSG00000101843.19|2390|PSMD10|protein_coding	PSMD10
ENSG00000167315.18|4920|ACAA2|protein_coding	ACAA2
ENSG00000006282.21|5337|SPATA20|protein_coding	SPATA20
ENSG00000158796.17|2821|DEDD|protein_coding	DEDD
ENSG00000146926.11|2375|ASB10|protein_coding	ASB10
ENSG00000176720.6|2680|BOK|protein_coding	BOK
ENSG00000088205.13|7808|DDX18|protein_coding	DDX18
ENSG00000138326.21|7829|RPS24|protein_coding	RPS24
ENSG00000178149.17|3686|DALRD3|protein_coding	DALRD3
ENSG00000148341.18|6842|SH3GLB2|protein_coding	SH3GLB2
ENSG00000188243.14|2902|COMMD6|protein_coding	COMMD6
ENSG00000013561.18|4988|RNF14|protein_coding	RNF14
ENSG00000056097.16|6771|ZFR|protein_coding	ZFR
ENSG00000123739.11|5221|PLA2G12A|protein_coding	PLA2G12A
ENSG00000116704.8|6193|SLC35D1|protein_coding	SLC35D1
ENSG00000197579.8|4131|TOPORS|protein_coding	TOPORS
ENSG00000135862.6|8446|LAMC1|protein_coding	LAMC1
ENSG00000141994.16|3629|DUS3L|protein_coding	DUS3L
ENSG00000100994.12|4456|PYGB|protein_coding	PYGB
ENSG00000168066.21|5972|SF1|protein_coding	SF1
ENSG00000099365.11|5206|STX1B|protein_coding	STX1B
ENSG00000182195.9|4983|LDOC1|protein_coding	LDOC1
ENSG00000125430.9|5369|HS3ST3B1|protein_coding	HS3ST3B1
ENSG00000137040.10|4601|RANBP6|protein_coding	RANBP6
ENSG00000198887.9|6606|SMC5|protein_coding	SMC5
ENSG00000164168.8|4709|TMEM184C|protein_coding	TMEM184C
ENSG00000107954.10|4961|NEURL1|protein_coding	NEURL1
ENSG00000076242.16|7970|MLH1|protein_coding	MLH1
ENSG00000054611.14|5315|TBC1D22A|protein_coding	TBC1D22A
ENSG00000196526.11|10017|AFAP1|protein_coding	AFAP1
ENSG00000068912.14|2592|ERLEC1|protein_coding	ERLEC1
ENSG00000068366.21|9971|ACSL4|protein_coding	ACSL4
ENSG00000158813.18|7002|EDA|protein_coding	EDA
ENSG00000013563.14|4132|DNASE1L1|protein_coding	DNASE1L1
ENSG00000176769.9|5258|TCERG1L|protein_coding	TCERG1L
ENSG00000181518.4|3175|OR8D4|protein_coding	OR8D4
ENSG00000068650.19|14024|ATP11A|protein_coding	ATP11A
ENSG00000121579.13|6438|NAA50|protein_coding	NAA50
ENSG00000154146.13|1213|NRGN|protein_coding	NRGN
ENSG00000150712.11|5523|MTMR12|protein_coding	MTMR12
ENSG00000205236.6|3569|RP11-514P8.6|protein_coding	RP11-514P8.6
ENSG00000198081.11|4144|ZBTB14|protein_coding	ZBTB14
ENSG00000116221.15|2549|MRPL37|protein_coding	MRPL37
ENSG00000168159.14|3386|RNF187|protein_coding	RNF187
ENSG00000160593.19|8602|JAML|protein_coding	JAML
ENSG00000166912.17|8838|MTMR10|protein_coding	MTMR10
ENSG00000126091.21|19448|ST3GAL3|protein_coding	ST3GAL3
ENSG00000093000.19|8236|NUP50|protein_coding	NUP50
ENSG00000090487.11|3983|SPG21|protein_coding	SPG21
ENSG00000187855.6|1941|ASCL4|protein_coding	ASCL4
ENSG00000138363.15|3789|ATIC|protein_coding	ATIC
ENSG00000117362.13|3473|APH1A|protein_coding	APH1A
ENSG00000156500.16|7919|PABIR3|protein_coding	PABIR3
ENSG00000168758.11|6264|SEMA4C|protein_coding	SEMA4C
ENSG00000147133.17|11234|TAF1|protein_coding	TAF1
ENSG00000171056.8|3215|SOX7|protein_coding	SOX7
ENSG00000197782.15|7977|ZNF780A|protein_coding	ZNF780A
ENSG00000141503.17|7865|MINK1|protein_coding	MINK1
ENSG00000126266.3|2311|FFAR1|protein_coding	FFAR1
ENSG00000164329.14|7093|TENT2|protein_coding	TENT2
ENSG00000151148.14|12453|UBE3B|protein_coding	UBE3B
ENSG00000085733.16|6949|CTTN|protein_coding	CTTN
ENSG00000243649.9|4731|CFB|protein_coding	CFB
ENSG00000163877.11|5718|SNIP1|protein_coding	SNIP1
ENSG00000125656.11|3531|CLPP|protein_coding	CLPP
ENSG00000163874.11|3091|ZC3H12A|protein_coding	ZC3H12A
ENSG00000160877.6|4736|NACC1|protein_coding	NACC1
ENSG00000221823.11|3364|PPP3R1|protein_coding	PPP3R1
ENSG00000179630.11|4479|LACC1|protein_coding	LACC1
ENSG00000138356.14|5410|AOX1|protein_coding	AOX1
ENSG00000288710.1|2968|RP11-386G11.12|protein_coding	RP11-386G11.12
ENSG00000105722.10|3269|ERF|protein_coding	ERF
ENSG00000184557.4|2734|SOCS3|protein_coding	SOCS3
ENSG00000053371.13|1779|AKR7A2|protein_coding	AKR7A2
ENSG00000031698.13|3849|SARS1|protein_coding	SARS1
ENSG00000100312.11|2064|ACR|protein_coding	ACR
ENSG00000116774.12|2821|OLFML3|protein_coding	OLFML3
ENSG00000162194.12|3362|LBHD1|protein_coding	LBHD1
ENSG00000196943.14|6045|NOP9|protein_coding	NOP9
ENSG00000204382.11|1414|XAGE1B|protein_coding	XAGE1B
ENSG00000136114.17|3705|THSD1|protein_coding	THSD1
ENSG00000165695.10|2731|AK8|protein_coding	AK8
ENSG00000247596.10|4211|TWF2|protein_coding	TWF2
ENSG00000110536.14|2740|PTPMT1|protein_coding	PTPMT1
ENSG00000105771.14|7908|SMG9|protein_coding	SMG9
ENSG00000228253.1|207|MT-ATP8|protein_coding	MT-ATP8
ENSG00000166452.12|2300|AKIP1|protein_coding	AKIP1
ENSG00000172367.16|3827|PDZD3|protein_coding	PDZD3
ENSG00000160190.14|6854|SLC37A1|protein_coding	SLC37A1
ENSG00000147274.14|5882|RBMX|protein_coding	RBMX
ENSG00000204147.11|6481|ASAH2B|protein_coding	ASAH2B
ENSG00000167208.15|5750|SNX20|protein_coding	SNX20
ENSG00000198804.2|1542|MT-CO1|protein_coding	MT-CO1
ENSG00000188223.9|1037|AC002398.9|protein_coding	AC002398.9
ENSG00000109270.13|4164|LAMTOR3|protein_coding	LAMTOR3
ENSG00000110108.10|2137|TMEM109|protein_coding	TMEM109
ENSG00000170458.14|1648|CD14|protein_coding	CD14
ENSG00000197885.11|5107|NKIRAS1|protein_coding	NKIRAS1
ENSG00000096070.19|6613|BRPF3|protein_coding	BRPF3
ENSG00000132485.14|4985|ZRANB2|protein_coding	ZRANB2
ENSG00000170004.18|11016|CHD3|protein_coding	CHD3
ENSG00000198876.13|4315|DCAF12|protein_coding	DCAF12
ENSG00000136870.11|3455|ZNF189|protein_coding	ZNF189
ENSG00000067208.15|8277|EVI5|protein_coding	EVI5
ENSG00000122482.21|7604|ZNF644|protein_coding	ZNF644
ENSG00000140320.12|5449|BAHD1|protein_coding	BAHD1
ENSG00000269469.1|675|CTD-3148I10.9|protein_coding	CTD-3148I10.9
ENSG00000160404.18|3790|TOR2A|protein_coding	TOR2A
ENSG00000122218.16|7688|COPA|protein_coding	COPA
ENSG00000105447.13|5627|GRWD1|protein_coding	GRWD1
ENSG00000124212.6|5570|PTGIS|protein_coding	PTGIS
ENSG00000183808.12|8819|RBM12B|protein_coding	RBM12B
ENSG00000171345.13|2336|KRT19|protein_coding	KRT19
ENSG00000179387.10|6617|ELMOD2|protein_coding	ELMOD2
ENSG00000170788.14|1237|DYDC1|protein_coding	DYDC1
ENSG00000106330.12|1696|MOSPD3|protein_coding	MOSPD3
ENSG00000159352.16|3021|PSMD4|protein_coding	PSMD4
ENSG00000124702.18|2019|KLHDC3|protein_coding	KLHDC3
ENSG00000163736.4|1307|PPBP|protein_coding	PPBP
ENSG00000092847.13|13890|AGO1|protein_coding	AGO1
ENSG00000262526.2|776|CTD-2545G14.7|protein_coding	CTD-2545G14.7
ENSG00000101470.10|847|TNNC2|protein_coding	TNNC2
ENSG00000241343.10|3965|RPL36A|protein_coding	RPL36A
ENSG00000130313.7|2840|PGLS|protein_coding	PGLS
ENSG00000007216.15|3226|SLC13A2|protein_coding	SLC13A2
ENSG00000265972.6|3604|TXNIP|protein_coding	TXNIP
ENSG00000112303.14|2595|VNN2|protein_coding	VNN2
ENSG00000185813.11|6872|PCYT2|protein_coding	PCYT2
ENSG00000229117.9|1108|RPL41|protein_coding	RPL41
ENSG00000143436.11|1740|MRPL9|protein_coding	MRPL9
ENSG00000285839.1|1986|RP11-91A18.6|protein_coding	RP11-91A18.6
ENSG00000198121.14|4171|LPAR1|protein_coding	LPAR1
ENSG00000138434.17|9685|ITPRID2|protein_coding	ITPRID2
ENSG00000159377.11|2125|PSMB4|protein_coding	PSMB4
ENSG00000125846.16|5426|ZNF133|protein_coding	ZNF133
ENSG00000108846.16|9615|ABCC3|protein_coding	ABCC3
ENSG00000173545.5|1707|ZNF622|protein_coding	ZNF622
ENSG00000066379.15|3672|POLR1H|protein_coding	POLR1H
ENSG00000101210.13|4826|EEF1A2|protein_coding	EEF1A2
ENSG00000198763.3|1042|MT-ND2|protein_coding	MT-ND2
ENSG00000004534.15|7299|RBM6|protein_coding	RBM6
ENSG00000127507.18|8642|ADGRE2|protein_coding	ADGRE2
ENSG00000165819.12|5861|METTL3|protein_coding	METTL3
ENSG00000213639.10|5760|PPP1CB|protein_coding	PPP1CB
ENSG00000129187.15|3349|DCTD|protein_coding	DCTD
ENSG00000140009.19|11938|ESR2|protein_coding	ESR2
ENSG00000123091.5|3112|RNF11|protein_coding	RNF11
ENSG00000157954.15|8983|WIPI2|protein_coding	WIPI2
ENSG00000128739.23|3408|SNRPN|protein_coding	SNRPN
ENSG00000135297.17|13313|MTO1|protein_coding	MTO1
ENSG00000130724.9|2110|CHMP2A|protein_coding	CHMP2A
ENSG00000169908.12|3495|TM4SF1|protein_coding	TM4SF1
ENSG00000141627.14|12343|DYM|protein_coding	DYM
ENSG00000102024.18|4099|PLS3|protein_coding	PLS3
ENSG00000164751.15|4969|PEX2|protein_coding	PEX2
ENSG00000265681.8|2451|RPL17|protein_coding	RPL17
ENSG00000158717.11|4377|RNF166|protein_coding	RNF166
ENSG00000144635.9|6113|DYNC1LI1|protein_coding	DYNC1LI1
ENSG00000160211.19|3586|G6PD|protein_coding	G6PD
ENSG00000130175.10|5170|PRKCSH|protein_coding	PRKCSH
ENSG00000142544.7|2126|CTU1|protein_coding	CTU1
ENSG00000126353.3|2508|CCR7|protein_coding	CCR7
ENSG00000179010.15|2655|MRFAP1|protein_coding	MRFAP1
ENSG00000169241.19|2340|SLC50A1|protein_coding	SLC50A1
ENSG00000035681.9|6170|NSMAF|protein_coding	NSMAF
ENSG00000102385.13|8192|DRP2|protein_coding	DRP2
ENSG00000123908.12|15847|AGO2|protein_coding	AGO2
ENSG00000163362.11|5341|INAVA|protein_coding	INAVA
ENSG00000197705.10|4951|KLHL14|protein_coding	KLHL14
ENSG00000137575.12|4777|SDCBP|protein_coding	SDCBP
ENSG00000076706.17|7422|MCAM|protein_coding	MCAM
ENSG00000161040.16|4009|FBXL13|protein_coding	FBXL13
ENSG00000158578.21|2047|ALAS2|protein_coding	ALAS2
ENSG00000066294.15|9255|CD84|protein_coding	CD84
ENSG00000154822.18|5160|PLCL2|protein_coding	PLCL2
ENSG00000243317.8|4934|STMP1|protein_coding	STMP1
ENSG00000172543.9|1809|CTSW|protein_coding	CTSW
ENSG00000100991.12|3162|TRPC4AP|protein_coding	TRPC4AP
ENSG00000084073.10|4022|ZMPSTE24|protein_coding	ZMPSTE24
ENSG00000106052.14|9167|TAX1BP1|protein_coding	TAX1BP1
ENSG00000107551.21|9481|RASSF4|protein_coding	RASSF4
ENSG00000144043.12|4184|TEX261|protein_coding	TEX261
ENSG00000134668.12|7085|SPOCD1|protein_coding	SPOCD1
ENSG00000160294.11|9570|MCM3AP|protein_coding	MCM3AP
ENSG00000170296.10|1951|GABARAP|protein_coding	GABARAP
ENSG00000256029.6|8100|RP11-190A12.7|protein_coding	RP11-190A12.7
ENSG00000150093.20|14561|ITGB1|protein_coding	ITGB1
ENSG00000283515.1|3948|CTD-3138B18.4|protein_coding	CTD-3138B18.4
ENSG00000115211.16|5312|EIF2B4|protein_coding	EIF2B4
ENSG00000241837.7|3170|ATP5PO|protein_coding	ATP5PO
ENSG00000177932.7|5893|ZNF354C|protein_coding	ZNF354C
ENSG00000127452.9|2913|FBXL12|protein_coding	FBXL12
ENSG00000071082.11|5277|RPL31|protein_coding	RPL31
ENSG00000115828.17|2676|QPCT|protein_coding	QPCT
ENSG00000131943.19|5327|C19orf12|protein_coding	C19orf12
ENSG00000163219.12|5476|ARHGAP25|protein_coding	ARHGAP25
ENSG00000149428.19|7723|HYOU1|protein_coding	HYOU1
ENSG00000164096.13|2960|C4orf3|protein_coding	C4orf3
ENSG00000105520.10|3273|PLPPR2|protein_coding	PLPPR2
ENSG00000239900.14|12109|ADSL|protein_coding	ADSL
ENSG00000111674.9|4281|ENO2|protein_coding	ENO2
ENSG00000203485.14|13627|INF2|protein_coding	INF2
ENSG00000187742.15|9820|SECISBP2|protein_coding	SECISBP2
ENSG00000124103.10|889|FAM209A|protein_coding	FAM209A
ENSG00000072401.15|3480|UBE2D1|protein_coding	UBE2D1
ENSG00000182551.14|5350|ADI1|protein_coding	ADI1
ENSG00000169895.6|6442|SYAP1|protein_coding	SYAP1
ENSG00000283321.1|3523|RP11-507K12.1|protein_coding	RP11-507K12.1
ENSG00000166225.9|7246|FRS2|protein_coding	FRS2
ENSG00000166822.13|5572|TMEM170A|protein_coding	TMEM170A
ENSG00000082781.12|6515|ITGB5|protein_coding	ITGB5
ENSG00000176108.9|2118|CHMP6|protein_coding	CHMP6
ENSG00000187555.16|8623|USP7|protein_coding	USP7
ENSG00000106261.17|10319|ZKSCAN1|protein_coding	ZKSCAN1
ENSG00000143420.19|4619|ENSA|protein_coding	ENSA
ENSG00000158669.11|7939|GPAT4|protein_coding	GPAT4
ENSG00000102383.14|6820|ZDHHC15|protein_coding	ZDHHC15
ENSG00000104915.15|1796|STX10|protein_coding	STX10
ENSG00000197361.8|3614|FBXL22|protein_coding	FBXL22
ENSG00000259332.3|982|ST20-MTHFS|protein_coding	ST20-MTHFS
ENSG00000101019.22|6672|UQCC1|protein_coding	UQCC1
ENSG00000120948.19|6187|TARDBP|protein_coding	TARDBP
ENSG00000177954.14|1028|RPS27|protein_coding	RPS27
ENSG00000022277.13|4063|RTF2|protein_coding	RTF2
ENSG00000108576.10|6983|SLC6A4|protein_coding	SLC6A4
ENSG00000102890.16|2575|ELMO3|protein_coding	ELMO3
ENSG00000111679.17|5009|PTPN6|protein_coding	PTPN6
ENSG00000065491.8|3462|TBC1D22B|protein_coding	TBC1D22B
ENSG00000163541.12|4162|SUCLG1|protein_coding	SUCLG1
ENSG00000079332.15|6914|SAR1A|protein_coding	SAR1A
ENSG00000183273.7|3433|CCDC60|protein_coding	CCDC60
ENSG00000198242.14|2232|RPL23A|protein_coding	RPL23A
ENSG00000178562.18|4885|CD28|protein_coding	CD28
ENSG00000179913.11|2769|B3GNT3|protein_coding	B3GNT3
ENSG00000086300.16|3605|SNX10|protein_coding	SNX10
ENSG00000115295.20|7781|CLIP4|protein_coding	CLIP4
ENSG00000135622.13|6227|SEMA4F|protein_coding	SEMA4F
ENSG00000285854.1|5157|RP11-501E24.9|protein_coding	RP11-501E24.9
ENSG00000110321.19|8485|EIF4G2|protein_coding	EIF4G2
ENSG00000006194.10|6403|ZNF263|protein_coding	ZNF263
ENSG00000262660.1|1922|RP13-1032I1.10|protein_coding	RP13-1032I1.10
ENSG00000125351.13|3081|UPF3B|protein_coding	UPF3B
ENSG00000169704.5|877|GP9|protein_coding	GP9
ENSG00000124786.12|3990|SLC35B3|protein_coding	SLC35B3
ENSG00000116199.12|6046|FAM20B|protein_coding	FAM20B
ENSG00000112339.15|11085|HBS1L|protein_coding	HBS1L
ENSG00000214063.11|5837|TSPAN4|protein_coding	TSPAN4
ENSG00000160218.13|11951|TRAPPC10|protein_coding	TRAPPC10
ENSG00000136518.17|3668|ACTL6A|protein_coding	ACTL6A
ENSG00000019995.6|5993|ZRANB1|protein_coding	ZRANB1
ENSG00000288698.1|3193|RP11-15L13.5|protein_coding	RP11-15L13.5
ENSG00000166106.4|6006|ADAMTS15|protein_coding	ADAMTS15
ENSG00000104885.18|11488|DOT1L|protein_coding	DOT1L
ENSG00000288701.1|12429|PRRC2B|protein_coding	PRRC2B
ENSG00000110090.13|6571|CPT1A|protein_coding	CPT1A
ENSG00000104388.15|5592|RAB2A|protein_coding	RAB2A
ENSG00000165030.4|2055|NFIL3|protein_coding	NFIL3
ENSG00000139318.8|3859|DUSP6|protein_coding	DUSP6
ENSG00000023287.13|7613|RB1CC1|protein_coding	RB1CC1
ENSG00000120440.15|3831|TTLL2|protein_coding	TTLL2
ENSG00000167526.14|3866|RPL13|protein_coding	RPL13
ENSG00000162889.11|4232|MAPKAPK2|protein_coding	MAPKAPK2
ENSG00000120742.11|5743|SERP1|protein_coding	SERP1
ENSG00000110324.11|8080|IL10RA|protein_coding	IL10RA
ENSG00000115053.17|8919|NCL|protein_coding	NCL
ENSG00000182718.18|11574|ANXA2|protein_coding	ANXA2
ENSG00000169189.17|3745|NSMCE1|protein_coding	NSMCE1
ENSG00000249590.7|1480|RP4-539M6.19|protein_coding	RP4-539M6.19
ENSG00000177469.13|3570|CAVIN1|protein_coding	CAVIN1
ENSG00000167646.14|3302|DNAAF3|protein_coding	DNAAF3
ENSG00000113391.19|5415|FAM172A|protein_coding	FAM172A
ENSG00000169696.16|12097|ASPSCR1|protein_coding	ASPSCR1
ENSG00000086061.16|2668|DNAJA1|protein_coding	DNAJA1
ENSG00000103381.12|6354|CPPED1|protein_coding	CPPED1
ENSG00000168924.15|8093|LETM1|protein_coding	LETM1
ENSG00000069329.18|9733|VPS35|protein_coding	VPS35
ENSG00000198585.12|7029|NUDT16|protein_coding	NUDT16
ENSG00000154229.12|11175|PRKCA|protein_coding	PRKCA
ENSG00000146232.17|2581|NFKBIE|protein_coding	NFKBIE
ENSG00000005249.13|4262|PRKAR2B|protein_coding	PRKAR2B
ENSG00000172409.7|2189|CLP1|protein_coding	CLP1
ENSG00000105514.8|4384|RAB3D|protein_coding	RAB3D
ENSG00000123349.15|4078|PFDN5|protein_coding	PFDN5
ENSG00000164663.15|10935|USP49|protein_coding	USP49
ENSG00000172716.16|5982|SLFN11|protein_coding	SLFN11
ENSG00000011600.12|907|TYROBP|protein_coding	TYROBP
ENSG00000149182.15|5918|ARFGAP2|protein_coding	ARFGAP2
ENSG00000104129.10|5628|DNAJC17|protein_coding	DNAJC17
ENSG00000166831.9|2104|RBPMS2|protein_coding	RBPMS2
ENSG00000157895.11|6140|C12orf43|protein_coding	C12orf43
ENSG00000097007.19|7018|ABL1|protein_coding	ABL1
ENSG00000103647.13|3975|CORO2B|protein_coding	CORO2B
ENSG00000099290.17|5162|WASHC2A|protein_coding	WASHC2A
ENSG00000166816.15|2368|LDHD|protein_coding	LDHD
ENSG00000005486.17|2390|RHBDD2|protein_coding	RHBDD2
ENSG00000092199.18|7309|HNRNPC|protein_coding	HNRNPC
ENSG00000103126.15|7537|AXIN1|protein_coding	AXIN1
ENSG00000117151.13|6934|CTBS|protein_coding	CTBS
ENSG00000146950.13|8218|SHROOM2|protein_coding	SHROOM2
ENSG00000180035.13|3726|ZNF48|protein_coding	ZNF48
ENSG00000171723.16|6007|GPHN|protein_coding	GPHN
ENSG00000073712.15|8463|FERMT2|protein_coding	FERMT2
ENSG00000149541.10|2407|B3GAT3|protein_coding	B3GAT3
ENSG00000115368.10|5040|WDR75|protein_coding	WDR75
ENSG00000146909.8|7793|NOM1|protein_coding	NOM1
ENSG00000114268.12|6107|PFKFB4|protein_coding	PFKFB4
ENSG00000166888.12|7298|STAT6|protein_coding	STAT6
ENSG00000124574.15|8087|ABCC10|protein_coding	ABCC10
ENSG00000125484.12|9041|GTF3C4|protein_coding	GTF3C4
ENSG00000213281.5|4326|NRAS|protein_coding	NRAS
ENSG00000140612.14|5492|SEC11A|protein_coding	SEC11A
ENSG00000006831.10|5831|ADIPOR2|protein_coding	ADIPOR2
ENSG00000149177.13|9620|PTPRJ|protein_coding	PTPRJ
ENSG00000104969.11|8248|SGTA|protein_coding	SGTA
ENSG00000144029.12|8370|MRPS5|protein_coding	MRPS5
ENSG00000135828.11|6125|RNASEL|protein_coding	RNASEL
ENSG00000198740.9|11813|ZNF652|protein_coding	ZNF652
ENSG00000276293.5|5784|PIP4K2B|protein_coding	PIP4K2B
ENSG00000197958.13|2453|RPL12|protein_coding	RPL12
ENSG00000060642.11|5872|PIGV|protein_coding	PIGV
ENSG00000115762.16|6728|PLEKHB2|protein_coding	PLEKHB2
ENSG00000151694.14|10728|ADAM17|protein_coding	ADAM17
ENSG00000164961.16|4763|WASHC5|protein_coding	WASHC5
ENSG00000070610.14|4803|GBA2|protein_coding	GBA2
ENSG00000214046.9|5104|SMIM7|protein_coding	SMIM7
ENSG00000162244.12|2011|RPL29|protein_coding	RPL29
ENSG00000216490.4|2344|IFI30|protein_coding	IFI30
ENSG00000203747.12|2725|FCGR3A|protein_coding	FCGR3A
ENSG00000071894.17|6058|CPSF1|protein_coding	CPSF1
ENSG00000164587.13|5082|RPS14|protein_coding	RPS14
ENSG00000164830.19|8501|OXR1|protein_coding	OXR1
ENSG00000143811.19|3602|PYCR2|protein_coding	PYCR2
ENSG00000141873.11|4428|SLC39A3|protein_coding	SLC39A3
ENSG00000161202.20|6302|DVL3|protein_coding	DVL3
ENSG00000173465.8|1978|ZNRD2|protein_coding	ZNRD2
ENSG00000189319.14|6533|FAM53B|protein_coding	FAM53B
ENSG00000205302.7|8606|SNX2|protein_coding	SNX2
ENSG00000277957.1|3519|SENP3-EIF4A1|protein_coding	SENP3-EIF4A1
ENSG00000152133.16|4040|GPATCH11|protein_coding	GPATCH11
ENSG00000135272.12|5047|MDFIC|protein_coding	MDFIC
ENSG00000179222.18|6013|MAGED1|protein_coding	MAGED1
ENSG00000047648.23|8893|ARHGAP6|protein_coding	ARHGAP6
ENSG00000108405.4|3946|P2RX1|protein_coding	P2RX1
ENSG00000176542.10|13738|USF3|protein_coding	USF3
ENSG00000120053.12|2424|GOT1|protein_coding	GOT1
ENSG00000167641.11|1442|PPP1R14A|protein_coding	PPP1R14A
ENSG00000104951.16|2495|IL4I1|protein_coding	IL4I1
ENSG00000088836.14|4319|SLC4A11|protein_coding	SLC4A11
ENSG00000155463.14|4498|OXA1L|protein_coding	OXA1L
ENSG00000124491.16|4554|F13A1|protein_coding	F13A1
ENSG00000105835.13|23584|NAMPT|protein_coding	NAMPT
ENSG00000125354.24|6245|SEPTIN6|protein_coding	SEPTIN6
ENSG00000157870.17|3371|PRXL2B|protein_coding	PRXL2B
ENSG00000262664.3|1031|OVCA2|protein_coding	OVCA2
ENSG00000069998.12|4936|HDHD5|protein_coding	HDHD5
ENSG00000170522.10|7274|ELOVL6|protein_coding	ELOVL6
ENSG00000185624.16|11132|P4HB|protein_coding	P4HB
ENSG00000141452.10|3105|RMC1|protein_coding	RMC1
ENSG00000105053.11|9795|VRK3|protein_coding	VRK3
ENSG00000168970.22|7862|JMJD7-PLA2G4B|protein_coding	JMJD7-PLA2G4B
ENSG00000124486.14|14152|USP9X|protein_coding	USP9X
ENSG00000048471.14|11299|SNX29|protein_coding	SNX29
ENSG00000153339.15|9198|TRAPPC8|protein_coding	TRAPPC8
ENSG00000198612.11|4181|COPS8|protein_coding	COPS8
ENSG00000198093.11|4354|ZNF649|protein_coding	ZNF649
ENSG00000101977.21|5058|MCF2|protein_coding	MCF2
ENSG00000214087.9|2457|ARL16|protein_coding	ARL16
ENSG00000169442.9|934|CD52|protein_coding	CD52
ENSG00000166086.13|5305|JAM3|protein_coding	JAM3
ENSG00000130829.18|2769|DUSP9|protein_coding	DUSP9
ENSG00000259112.2|826|NDUFC2-KCTD14|protein_coding	NDUFC2-KCTD14
ENSG00000182827.9|3589|ACBD3|protein_coding	ACBD3
ENSG00000054356.14|8228|PTPRN|protein_coding	PTPRN
ENSG00000152818.18|14604|UTRN|protein_coding	UTRN
ENSG00000145012.14|25631|LPP|protein_coding	LPP
ENSG00000205323.9|3365|SARNP|protein_coding	SARNP
ENSG00000178982.10|2798|EIF3K|protein_coding	EIF3K
ENSG00000185591.10|8083|SP1|protein_coding	SP1
ENSG00000148110.16|4105|MFSD14B|protein_coding	MFSD14B
ENSG00000170525.21|6114|PFKFB3|protein_coding	PFKFB3
ENSG00000113163.19|14492|CERT1|protein_coding	CERT1
ENSG00000144021.3|4828|CIAO1|protein_coding	CIAO1
ENSG00000165283.16|1806|STOML2|protein_coding	STOML2
ENSG00000140153.18|7325|WDR20|protein_coding	WDR20
ENSG00000145416.13|10421|MARCHF1|protein_coding	MARCHF1
ENSG00000136463.9|2347|TACO1|protein_coding	TACO1
ENSG00000107362.14|3221|ABHD17B|protein_coding	ABHD17B
ENSG00000083720.13|4100|OXCT1|protein_coding	OXCT1
ENSG00000166847.10|12683|DCTN5|protein_coding	DCTN5
ENSG00000109107.14|2612|ALDOC|protein_coding	ALDOC
ENSG00000082438.18|17176|COBLL1|protein_coding	COBLL1
ENSG00000257923.12|17765|CUX1|protein_coding	CUX1
ENSG00000141298.19|12696|SSH2|protein_coding	SSH2
ENSG00000092020.11|3863|PPP2R3C|protein_coding	PPP2R3C
ENSG00000154124.5|8753|OTULIN|protein_coding	OTULIN
ENSG00000197971.16|18730|MBP|protein_coding	MBP
ENSG00000135390.21|3904|ATP5MC2|protein_coding	ATP5MC2
ENSG00000146477.6|3234|SLC22A3|protein_coding	SLC22A3
ENSG00000189143.10|4699|CLDN4|protein_coding	CLDN4
ENSG00000122986.14|3646|HVCN1|protein_coding	HVCN1
ENSG00000140553.18|7498|UNC45A|protein_coding	UNC45A
ENSG00000135387.21|9095|CAPRIN1|protein_coding	CAPRIN1
ENSG00000180198.17|3888|RCC1|protein_coding	RCC1
ENSG00000127054.21|8216|INTS11|protein_coding	INTS11
ENSG00000112299.8|3853|VNN1|protein_coding	VNN1
ENSG00000120594.17|12567|PLXDC2|protein_coding	PLXDC2
ENSG00000100079.7|833|LGALS2|protein_coding	LGALS2
ENSG00000157570.12|6014|TSPAN18|protein_coding	TSPAN18
ENSG00000021762.20|7473|OSBPL5|protein_coding	OSBPL5
ENSG00000106591.4|3358|MRPL32|protein_coding	MRPL32
ENSG00000119402.18|11354|FBXW2|protein_coding	FBXW2
ENSG00000138801.9|3260|PAPSS1|protein_coding	PAPSS1
ENSG00000198771.11|8165|RCSD1|protein_coding	RCSD1
ENSG00000175893.12|9387|ZDHHC21|protein_coding	ZDHHC21
ENSG00000152953.13|5282|STK32B|protein_coding	STK32B
ENSG00000256045.3|1051|MTRNR2L10|protein_coding	MTRNR2L10
ENSG00000087237.12|3391|CETP|protein_coding	CETP
ENSG00000159958.7|3923|TNFRSF13C|protein_coding	TNFRSF13C
ENSG00000074370.18|6893|ATP2A3|protein_coding	ATP2A3
ENSG00000136631.15|6637|VPS45|protein_coding	VPS45
ENSG00000131115.16|5069|ZNF227|protein_coding	ZNF227
ENSG00000092330.18|2712|TINF2|protein_coding	TINF2
ENSG00000116337.20|9301|AMPD2|protein_coding	AMPD2
ENSG00000110057.8|3536|UNC93B1|protein_coding	UNC93B1
ENSG00000205609.13|3053|EIF3CL|protein_coding	EIF3CL
ENSG00000102871.16|2173|TRADD|protein_coding	TRADD
ENSG00000256525.8|4545|POLG2|protein_coding	POLG2
ENSG00000117400.18|3937|MPL|protein_coding	MPL
ENSG00000130193.8|3035|THEM6|protein_coding	THEM6
ENSG00000088053.11|2703|GP6|protein_coding	GP6
ENSG00000280537.2|4650|RP11-33O4.2|protein_coding	RP11-33O4.2
ENSG00000283189.2|6807|RP11-949J7.8|protein_coding	RP11-949J7.8
ENSG00000143126.8|12830|CELSR2|protein_coding	CELSR2
ENSG00000004799.8|4544|PDK4|protein_coding	PDK4
ENSG00000124608.5|5242|AARS2|protein_coding	AARS2
ENSG00000010810.17|7411|FYN|protein_coding	FYN
ENSG00000133703.13|6845|KRAS|protein_coding	KRAS
ENSG00000181026.15|5976|AEN|protein_coding	AEN
ENSG00000007392.17|6176|LUC7L|protein_coding	LUC7L
ENSG00000166965.12|4969|RCCD1|protein_coding	RCCD1
ENSG00000157510.14|6568|AFAP1L1|protein_coding	AFAP1L1
ENSG00000188846.14|8626|RPL14|protein_coding	RPL14
ENSG00000106392.11|7773|C1GALT1|protein_coding	C1GALT1
ENSG00000175455.16|11454|CCDC14|protein_coding	CCDC14
ENSG00000170145.5|9740|SIK2|protein_coding	SIK2
ENSG00000074695.6|6070|LMAN1|protein_coding	LMAN1
ENSG00000072506.14|2822|HSD17B10|protein_coding	HSD17B10
ENSG00000123472.12|5677|ATPAF1|protein_coding	ATPAF1
ENSG00000052749.14|8529|RRP12|protein_coding	RRP12
ENSG00000285641.1|1706|RP11-422P24.14|protein_coding	RP11-422P24.14
ENSG00000204420.10|2937|MPIG6B|protein_coding	MPIG6B
ENSG00000091527.16|4411|CDV3|protein_coding	CDV3
ENSG00000240230.6|6715|COX19|protein_coding	COX19
ENSG00000147416.11|7797|ATP6V1B2|protein_coding	ATP6V1B2
ENSG00000256671.6|2553|LIMS4|protein_coding	LIMS4
ENSG00000184743.13|7600|ATL3|protein_coding	ATL3
ENSG00000197381.17|10049|ADARB1|protein_coding	ADARB1
ENSG00000105063.19|6606|PPP6R1|protein_coding	PPP6R1
ENSG00000164221.13|3149|CCDC112|protein_coding	CCDC112
ENSG00000147041.12|4820|SYTL5|protein_coding	SYTL5
ENSG00000130520.11|2861|LSM4|protein_coding	LSM4
ENSG00000159618.16|5630|ADGRG5|protein_coding	ADGRG5
ENSG00000105373.19|5317|NOP53|protein_coding	NOP53
ENSG00000088881.21|3541|EBF4|protein_coding	EBF4
ENSG00000174175.17|3490|SELP|protein_coding	SELP
ENSG00000184293.7|1721|CLECL1|protein_coding	CLECL1
ENSG00000134759.14|11060|ELP2|protein_coding	ELP2
ENSG00000284431.1|4563|RP5-1042K10.14|protein_coding	RP5-1042K10.14
ENSG00000111669.15|2700|TPI1|protein_coding	TPI1
ENSG00000092820.18|3298|EZR|protein_coding	EZR
ENSG00000113593.12|3777|PPWD1|protein_coding	PPWD1
ENSG00000171236.10|2702|LRG1|protein_coding	LRG1
ENSG00000136869.16|13277|TLR4|protein_coding	TLR4
ENSG00000198890.9|4340|PRMT6|protein_coding	PRMT6
ENSG00000149483.12|6005|TMEM138|protein_coding	TMEM138
ENSG00000283154.2|4409|IQCJ-SCHIP1|protein_coding	IQCJ-SCHIP1
ENSG00000115084.15|13398|SLC35F5|protein_coding	SLC35F5
ENSG00000065534.19|22167|MYLK|protein_coding	MYLK
ENSG00000155329.12|2559|ZCCHC10|protein_coding	ZCCHC10
ENSG00000070756.17|9546|PABPC1|protein_coding	PABPC1
ENSG00000198452.8|3009|OR14L1P|protein_coding	OR14L1P
ENSG00000179295.18|7028|PTPN11|protein_coding	PTPN11
ENSG00000250021.7|2673|ARPIN-AP3S2|protein_coding	ARPIN-AP3S2
ENSG00000204003.8|2651|RP11-216L13.16|protein_coding	RP11-216L13.16
ENSG00000267368.1|1342|UPK3BL1|protein_coding	UPK3BL1
ENSG00000286001.1|3665|CTD-2546F11.1|protein_coding	CTD-2546F11.1
ENSG00000162869.16|3998|PPP1R21|protein_coding	PPP1R21
ENSG00000167676.4|6502|PLIN4|protein_coding	PLIN4
ENSG00000198840.2|346|MT-ND3|protein_coding	MT-ND3
ENSG00000166337.10|5820|TAF10|protein_coding	TAF10
ENSG00000090539.15|6620|CHRD|protein_coding	CHRD
ENSG00000172845.18|16892|SP3|protein_coding	SP3
ENSG00000187778.14|3261|MCRS1|protein_coding	MCRS1
ENSG00000159650.9|3444|UROC1|protein_coding	UROC1
ENSG00000162881.6|1781|OXER1|protein_coding	OXER1
ENSG00000103266.11|2318|STUB1|protein_coding	STUB1
ENSG00000117533.15|4986|VAMP4|protein_coding	VAMP4
ENSG00000147457.14|4698|CHMP7|protein_coding	CHMP7
ENSG00000032219.19|7449|ARID4A|protein_coding	ARID4A
ENSG00000076662.10|2788|ICAM3|protein_coding	ICAM3
ENSG00000145592.14|8040|RPL37|protein_coding	RPL37
ENSG00000260643.2|3177|RP11-303E16.8|protein_coding	RP11-303E16.8
ENSG00000186716.21|12234|BCR|protein_coding	BCR
ENSG00000167460.17|12375|TPM4|protein_coding	TPM4
ENSG00000109572.14|8118|CLCN3|protein_coding	CLCN3
ENSG00000243708.11|4446|PLA2G4B|protein_coding	PLA2G4B
ENSG00000166311.10|2741|SMPD1|protein_coding	SMPD1
ENSG00000065882.16|9035|TBC1D1|protein_coding	TBC1D1
ENSG00000184588.18|8930|PDE4B|protein_coding	PDE4B
ENSG00000196576.16|7271|PLXNB2|protein_coding	PLXNB2
ENSG00000233276.8|1178|GPX1|protein_coding	GPX1
ENSG00000182154.8|582|MRPL41|protein_coding	MRPL41
ENSG00000147168.13|2760|IL2RG|protein_coding	IL2RG
ENSG00000273398.6|2306|RP11-474G23.1|protein_coding	RP11-474G23.1
ENSG00000105726.17|8359|ATP13A1|protein_coding	ATP13A1
ENSG00000173511.10|1970|VEGFB|protein_coding	VEGFB
ENSG00000183161.6|3291|FANCF|protein_coding	FANCF
ENSG00000234745.13|3012|HLA-B|protein_coding	HLA-B
ENSG00000117036.12|6707|ETV3|protein_coding	ETV3
ENSG00000068028.18|3683|RASSF1|protein_coding	RASSF1
ENSG00000049656.14|6549|CLPTM1L|protein_coding	CLPTM1L
ENSG00000168397.17|6638|ATG4B|protein_coding	ATG4B
ENSG00000182107.7|4392|TMEM30B|protein_coding	TMEM30B
ENSG00000116406.19|7792|EDEM3|protein_coding	EDEM3
ENSG00000137076.21|9876|TLN1|protein_coding	TLN1
ENSG00000106603.20|11820|COA1|protein_coding	COA1
ENSG00000170903.11|5108|MSANTD4|protein_coding	MSANTD4
ENSG00000185989.11|4775|RASA3|protein_coding	RASA3
ENSG00000110011.13|2807|DNAJC4|protein_coding	DNAJC4
ENSG00000150556.17|3539|LYPD6B|protein_coding	LYPD6B
ENSG00000133641.18|6395|C12orf29|protein_coding	C12orf29
ENSG00000203879.12|5256|GDI1|protein_coding	GDI1
ENSG00000137265.15|5881|IRF4|protein_coding	IRF4
ENSG00000141179.14|5808|PCTP|protein_coding	PCTP
ENSG00000164778.4|3395|EN2|protein_coding	EN2
ENSG00000181856.15|3995|SLC2A4|protein_coding	SLC2A4
ENSG00000203995.10|4694|ZYG11A|protein_coding	ZYG11A
ENSG00000186395.9|2163|KRT10|protein_coding	KRT10
ENSG00000134419.15|6679|RPS15A|protein_coding	RPS15A
ENSG00000170142.12|3346|UBE2E1|protein_coding	UBE2E1
ENSG00000173992.9|2142|CCS|protein_coding	CCS
ENSG00000241962.9|1993|RP11-111H13.1|protein_coding	RP11-111H13.1
ENSG00000159147.18|3511|DONSON|protein_coding	DONSON
ENSG00000241644.2|3376|INMT|protein_coding	INMT
ENSG00000078369.18|6417|GNB1|protein_coding	GNB1
ENSG00000255833.2|5867|TIFAB|protein_coding	TIFAB
ENSG00000172432.19|4726|GTPBP2|protein_coding	GTPBP2
ENSG00000178773.15|3058|CPNE7|protein_coding	CPNE7
ENSG00000122877.17|4060|EGR2|protein_coding	EGR2
ENSG00000129455.15|1865|KLK8|protein_coding	KLK8
ENSG00000142669.15|876|SH3BGRL3|protein_coding	SH3BGRL3
ENSG00000131408.15|5341|NR1H2|protein_coding	NR1H2
ENSG00000166340.18|6502|TPP1|protein_coding	TPP1
ENSG00000018408.15|8353|WWTR1|protein_coding	WWTR1
ENSG00000110697.13|6442|PITPNM1|protein_coding	PITPNM1
ENSG00000100345.22|8909|MYH9|protein_coding	MYH9
ENSG00000166170.11|5096|BAG5|protein_coding	BAG5
ENSG00000135218.19|10880|CD36|protein_coding	CD36
ENSG00000113916.18|5936|BCL6|protein_coding	BCL6
ENSG00000213782.7|5040|DDX47|protein_coding	DDX47
ENSG00000163132.8|2121|MSX1|protein_coding	MSX1
ENSG00000176444.19|3658|CLK2|protein_coding	CLK2
ENSG00000112759.19|4298|SLC29A1|protein_coding	SLC29A1
ENSG00000105976.16|7224|MET|protein_coding	MET
ENSG00000142541.18|3228|RPL13A|protein_coding	RPL13A
ENSG00000118482.12|20926|PHF3|protein_coding	PHF3
ENSG00000085760.15|3374|MTIF2|protein_coding	MTIF2
ENSG00000169188.5|3239|APEX2|protein_coding	APEX2
ENSG00000121691.7|3579|CAT|protein_coding	CAT
ENSG00000114648.12|7064|KLHL18|protein_coding	KLHL18
ENSG00000167491.18|7416|GATAD2A|protein_coding	GATAD2A
ENSG00000204304.12|4368|PBX2|protein_coding	PBX2
ENSG00000102048.16|2328|ASB9|protein_coding	ASB9
ENSG00000149806.11|1548|FAU|protein_coding	FAU
ENSG00000149269.10|6021|PAK1|protein_coding	PAK1
ENSG00000136280.17|8193|CCM2|protein_coding	CCM2
ENSG00000112561.19|6722|TFEB|protein_coding	TFEB
ENSG00000163930.10|4718|BAP1|protein_coding	BAP1
ENSG00000241852.10|3319|C8orf58|protein_coding	C8orf58
ENSG00000165417.12|6826|GTF2A1|protein_coding	GTF2A1
ENSG00000028277.21|9072|POU2F2|protein_coding	POU2F2
ENSG00000134717.18|5948|BTF3L4|protein_coding	BTF3L4
ENSG00000068903.20|6224|SIRT2|protein_coding	SIRT2
ENSG00000243566.7|2564|UPK3B|protein_coding	UPK3B
ENSG00000287856.1|3690|RP5-876B10.7|protein_coding	RP5-876B10.7
ENSG00000270800.3|5231|RPS10-NUDT3|protein_coding	RPS10-NUDT3
ENSG00000127831.11|6891|VIL1|protein_coding	VIL1
ENSG00000109606.13|8166|DHX15|protein_coding	DHX15
ENSG00000137486.17|9888|ARRB1|protein_coding	ARRB1
ENSG00000143947.15|2941|RPS27A|protein_coding	RPS27A
ENSG00000143595.13|2292|AQP10|protein_coding	AQP10
ENSG00000104529.18|9390|EEF1D|protein_coding	EEF1D
ENSG00000117143.13|3437|UAP1|protein_coding	UAP1
ENSG00000065809.14|7019|FAM107B|protein_coding	FAM107B
ENSG00000171045.16|4339|TSNARE1|protein_coding	TSNARE1
ENSG00000164713.10|5139|BRI3|protein_coding	BRI3
ENSG00000070540.13|3403|WIPI1|protein_coding	WIPI1
ENSG00000094916.16|15038|CBX5|protein_coding	CBX5
ENSG00000163735.7|2436|CXCL5|protein_coding	CXCL5
ENSG00000180815.15|5820|MAP3K15|protein_coding	MAP3K15
ENSG00000083099.11|8675|LYRM2|protein_coding	LYRM2
ENSG00000197756.10|6205|RPL37A|protein_coding	RPL37A
ENSG00000260342.2|764|RP11-1035H13.3|protein_coding	RP11-1035H13.3
ENSG00000186994.11|3594|KANK3|protein_coding	KANK3
ENSG00000196683.11|1751|TOMM7|protein_coding	TOMM7
ENSG00000100077.15|9477|GRK3|protein_coding	GRK3
ENSG00000171055.15|8938|FEZ2|protein_coding	FEZ2
ENSG00000110060.9|2010|PUS3|protein_coding	PUS3
ENSG00000178952.11|2211|TUFM|protein_coding	TUFM
ENSG00000174437.18|13745|ATP2A2|protein_coding	ATP2A2
ENSG00000162377.6|4148|COA7|protein_coding	COA7
ENSG00000159640.17|8365|ACE|protein_coding	ACE
ENSG00000133612.19|11299|AGAP3|protein_coding	AGAP3
ENSG00000106537.8|2004|TSPAN13|protein_coding	TSPAN13
ENSG00000138722.10|5510|MMRN1|protein_coding	MMRN1
ENSG00000173598.14|10078|NUDT4|protein_coding	NUDT4
ENSG00000025800.14|7457|KPNA6|protein_coding	KPNA6
ENSG00000122515.15|7354|ZMIZ2|protein_coding	ZMIZ2
ENSG00000144677.15|5876|CTDSPL|protein_coding	CTDSPL
ENSG00000131469.15|2026|RPL27|protein_coding	RPL27
ENSG00000127990.19|20876|SGCE|protein_coding	SGCE
ENSG00000161016.18|2159|RPL8|protein_coding	RPL8
ENSG00000102226.10|5093|USP11|protein_coding	USP11
ENSG00000213064.10|11217|SFT2D2|protein_coding	SFT2D2
ENSG00000144579.8|4614|CTDSP1|protein_coding	CTDSP1
ENSG00000176020.9|2856|AMIGO3|protein_coding	AMIGO3
ENSG00000130684.14|4855|ZNF337|protein_coding	ZNF337
ENSG00000108639.8|4051|SYNGR2|protein_coding	SYNGR2
ENSG00000187193.9|1727|MT1X|protein_coding	MT1X
ENSG00000101255.12|3291|TRIB3|protein_coding	TRIB3
ENSG00000057663.16|5655|ATG5|protein_coding	ATG5
ENSG00000149243.16|5203|KLHL35|protein_coding	KLHL35
ENSG00000241945.8|6839|PWP2|protein_coding	PWP2
ENSG00000104805.16|3675|NUCB1|protein_coding	NUCB1
ENSG00000154917.11|6055|RAB6B|protein_coding	RAB6B
ENSG00000162714.13|10552|ZNF496|protein_coding	ZNF496
ENSG00000136877.15|3931|FPGS|protein_coding	FPGS
ENSG00000140497.16|5000|SCAMP2|protein_coding	SCAMP2
ENSG00000137203.15|8220|TFAP2A|protein_coding	TFAP2A
ENSG00000128185.10|1192|DGCR6L|protein_coding	DGCR6L
ENSG00000039123.16|6347|MTREX|protein_coding	MTREX
ENSG00000140450.9|4062|ARRDC4|protein_coding	ARRDC4
ENSG00000137094.16|5891|DNAJB5|protein_coding	DNAJB5
ENSG00000287363.3|2275|GUCA1ANB|protein_coding	GUCA1ANB
ENSG00000178913.8|2684|TAF7|protein_coding	TAF7
ENSG00000166575.17|10096|TMEM135|protein_coding	TMEM135
ENSG00000164654.16|6714|MIOS|protein_coding	MIOS
ENSG00000267699.2|1305|RP11-729L2.2|protein_coding	RP11-729L2.2
ENSG00000139842.15|7813|CUL4A|protein_coding	CUL4A
ENSG00000166716.10|8190|ZNF592|protein_coding	ZNF592
ENSG00000165280.18|10042|VCP|protein_coding	VCP
ENSG00000273217.1|6393|CTC-432M15.3|protein_coding	CTC-432M15.3
ENSG00000173473.11|7624|SMARCC1|protein_coding	SMARCC1
ENSG00000137106.18|7226|GRHPR|protein_coding	GRHPR
ENSG00000121931.16|3502|LRIF1|protein_coding	LRIF1
ENSG00000156171.15|3295|DRAM2|protein_coding	DRAM2
ENSG00000014216.16|7506|CAPN1|protein_coding	CAPN1
ENSG00000113048.17|6517|MRPS27|protein_coding	MRPS27
ENSG00000196923.14|4407|PDLIM7|protein_coding	PDLIM7
ENSG00000168781.22|8075|PPIP5K1|protein_coding	PPIP5K1
ENSG00000156206.14|1960|CFAP161|protein_coding	CFAP161
ENSG00000177150.13|4681|FAM210A|protein_coding	FAM210A
ENSG00000142798.20|18118|HSPG2|protein_coding	HSPG2
ENSG00000170909.13|2084|OSCAR|protein_coding	OSCAR
ENSG00000165025.15|5210|SYK|protein_coding	SYK
ENSG00000165724.6|2392|ZMYND19|protein_coding	ZMYND19
ENSG00000143815.15|5710|LBR|protein_coding	LBR
ENSG00000102103.17|2835|PQBP1|protein_coding	PQBP1
ENSG00000141696.13|3683|P3H4|protein_coding	P3H4
ENSG00000124302.13|3054|CHST8|protein_coding	CHST8
ENSG00000163171.8|9964|CDC42EP3|protein_coding	CDC42EP3
ENSG00000142459.8|6252|EVI5L|protein_coding	EVI5L
ENSG00000184221.13|2273|OLIG1|protein_coding	OLIG1
ENSG00000108001.16|7596|EBF3|protein_coding	EBF3
ENSG00000104228.13|4223|TRIM35|protein_coding	TRIM35
ENSG00000131876.17|3669|SNRPA1|protein_coding	SNRPA1
ENSG00000099956.20|16526|SMARCB1|protein_coding	SMARCB1
ENSG00000196535.17|15035|MYO18A|protein_coding	MYO18A
ENSG00000101892.12|4773|ATP1B4|protein_coding	ATP1B4
ENSG00000185361.9|6669|TNFAIP8L1|protein_coding	TNFAIP8L1
ENSG00000125457.15|3675|MIF4GD|protein_coding	MIF4GD
ENSG00000189067.14|5058|LITAF|protein_coding	LITAF
ENSG00000154127.10|8964|UBASH3B|protein_coding	UBASH3B
ENSG00000158435.8|2702|CNOT11|protein_coding	CNOT11
ENSG00000129355.7|1505|CDKN2D|protein_coding	CDKN2D
ENSG00000163251.4|7039|FZD5|protein_coding	FZD5
ENSG00000101353.15|3877|MROH8|protein_coding	MROH8
ENSG00000155115.7|921|GTF3C6|protein_coding	GTF3C6
ENSG00000156860.16|7214|FBRS|protein_coding	FBRS
ENSG00000248905.10|20270|FMN1|protein_coding	FMN1
ENSG00000120254.16|4891|MTHFD1L|protein_coding	MTHFD1L
ENSG00000035687.10|3441|ADSS2|protein_coding	ADSS2
ENSG00000005889.16|9037|ZFX|protein_coding	ZFX
ENSG00000158050.5|1929|DUSP2|protein_coding	DUSP2
ENSG00000183918.17|3015|SH2D1A|protein_coding	SH2D1A
ENSG00000112799.9|1203|LY86|protein_coding	LY86
ENSG00000148158.17|11656|SNX30|protein_coding	SNX30
ENSG00000128271.22|4190|ADORA2A|protein_coding	ADORA2A
ENSG00000164323.14|7192|CFAP97|protein_coding	CFAP97
ENSG00000130826.18|4203|DKC1|protein_coding	DKC1
ENSG00000185811.19|10921|IKZF1|protein_coding	IKZF1
ENSG00000015171.20|5325|ZMYND11|protein_coding	ZMYND11
ENSG00000073008.15|6098|PVR|protein_coding	PVR
ENSG00000108825.18|2383|PTGES3L-AARSD1|protein_coding	PTGES3L-AARSD1
ENSG00000116874.12|3830|WARS2|protein_coding	WARS2
ENSG00000143252.16|1902|SDHC|protein_coding	SDHC
ENSG00000176986.16|5353|SEC24C|protein_coding	SEC24C
ENSG00000285130.2|8714|RP11-16N10.2|protein_coding	RP11-16N10.2
ENSG00000083454.22|4026|P2RX5|protein_coding	P2RX5
ENSG00000171863.15|5529|RPS7|protein_coding	RPS7
ENSG00000080546.13|5121|SESN1|protein_coding	SESN1
ENSG00000213809.9|3044|KLRK1|protein_coding	KLRK1
ENSG00000015520.15|5267|NPC1L1|protein_coding	NPC1L1
ENSG00000038358.15|6140|EDC4|protein_coding	EDC4
ENSG00000166477.13|2651|LEO1|protein_coding	LEO1
ENSG00000100266.19|4558|PACSIN2|protein_coding	PACSIN2
ENSG00000134590.14|1192|RTL8C|protein_coding	RTL8C
ENSG00000099957.16|4730|P2RX6|protein_coding	P2RX6
ENSG00000153560.12|9760|UBP1|protein_coding	UBP1
ENSG00000082258.13|9081|CCNT2|protein_coding	CCNT2
ENSG00000136279.21|12587|DBNL|protein_coding	DBNL
ENSG00000122783.17|5321|CYREN|protein_coding	CYREN
ENSG00000181666.18|7337|ZNF875|protein_coding	ZNF875
ENSG00000175390.15|15136|EIF3F|protein_coding	EIF3F
ENSG00000166441.13|6816|RPL27A|protein_coding	RPL27A
ENSG00000286140.1|2761|DERPC|protein_coding	DERPC
ENSG00000188219.15|4727|POTEE|protein_coding	POTEE
ENSG00000080189.15|7708|SLC35C2|protein_coding	SLC35C2
ENSG00000169710.9|9321|FASN|protein_coding	FASN
ENSG00000137818.12|3252|RPLP1|protein_coding	RPLP1
ENSG00000285547.1|1970|AL135749.6|protein_coding	AL135749.6
ENSG00000164916.11|13106|FOXK1|protein_coding	FOXK1
ENSG00000185761.11|3621|ADAMTSL5|protein_coding	ADAMTSL5
ENSG00000234127.9|4377|TRIM26|protein_coding	TRIM26
ENSG00000030582.18|3524|GRN|protein_coding	GRN
ENSG00000116584.20|9155|ARHGEF2|protein_coding	ARHGEF2
ENSG00000100429.18|4951|HDAC10|protein_coding	HDAC10
ENSG00000267796.8|2820|LIN37|protein_coding	LIN37
ENSG00000181915.5|3760|ADO|protein_coding	ADO
ENSG00000196743.9|4186|GM2A|protein_coding	GM2A
ENSG00000147155.11|1768|EBP|protein_coding	EBP
ENSG00000139567.13|4961|ACVRL1|protein_coding	ACVRL1
ENSG00000248643.5|2577|RBM14-RBM4|protein_coding	RBM14-RBM4
ENSG00000071889.17|5098|FAM3A|protein_coding	FAM3A
ENSG00000148248.14|3445|SURF4|protein_coding	SURF4
ENSG00000176055.10|5673|MBLAC2|protein_coding	MBLAC2
ENSG00000145332.14|7354|KLHL8|protein_coding	KLHL8
ENSG00000110700.7|2115|RPS13|protein_coding	RPS13
ENSG00000236279.7|2699|CLEC2L|protein_coding	CLEC2L
ENSG00000178057.15|1727|NDUFAF3|protein_coding	NDUFAF3
ENSG00000213741.11|9840|RPS29|protein_coding	RPS29
ENSG00000065613.15|8107|SLK|protein_coding	SLK
ENSG00000177463.15|11821|NR2C2|protein_coding	NR2C2
ENSG00000136237.19|10257|RAPGEF5|protein_coding	RAPGEF5
ENSG00000164236.12|10043|ANKRD33B|protein_coding	ANKRD33B
ENSG00000185650.10|5160|ZFP36L1|protein_coding	ZFP36L1
ENSG00000107338.10|6035|SHB|protein_coding	SHB
ENSG00000008853.17|6611|RHOBTB2|protein_coding	RHOBTB2
ENSG00000182134.16|5092|TDRKH|protein_coding	TDRKH
ENSG00000101187.16|3991|SLCO4A1|protein_coding	SLCO4A1
ENSG00000198886.2|1378|MT-ND4|protein_coding	MT-ND4
ENSG00000169217.9|3713|CD2BP2|protein_coding	CD2BP2
ENSG00000163468.15|3864|CCT3|protein_coding	CCT3
ENSG00000123545.6|2548|NDUFAF4|protein_coding	NDUFAF4
ENSG00000167553.16|4454|TUBA1C|protein_coding	TUBA1C
ENSG00000135829.17|5898|DHX9|protein_coding	DHX9
ENSG00000066926.13|11128|FECH|protein_coding	FECH
ENSG00000089006.17|7953|SNX5|protein_coding	SNX5
ENSG00000138430.16|6001|OLA1|protein_coding	OLA1
ENSG00000255974.8|2223|CYP2A6|protein_coding	CYP2A6
ENSG00000154080.14|11512|CHST9|protein_coding	CHST9
ENSG00000043143.22|11091|JADE2|protein_coding	JADE2
ENSG00000162430.18|4403|SELENON|protein_coding	SELENON
ENSG00000100348.10|1650|TXN2|protein_coding	TXN2
ENSG00000119508.18|6314|NR4A3|protein_coding	NR4A3
ENSG00000134440.12|4089|NARS1|protein_coding	NARS1
ENSG00000163788.14|6981|SNRK|protein_coding	SNRK
ENSG00000113811.11|2132|SELENOK|protein_coding	SELENOK
ENSG00000178028.14|5599|DMAP1|protein_coding	DMAP1
ENSG00000161960.16|5199|EIF4A1|protein_coding	EIF4A1
ENSG00000132823.11|2249|OSER1|protein_coding	OSER1
ENSG00000104472.10|3305|CHRAC1|protein_coding	CHRAC1
ENSG00000173933.21|6538|RBM4|protein_coding	RBM4
ENSG00000172725.14|5327|CORO1B|protein_coding	CORO1B
ENSG00000254772.10|2639|EEF1G|protein_coding	EEF1G
ENSG00000196352.16|5752|CD55|protein_coding	CD55
ENSG00000213398.8|2625|LCAT|protein_coding	LCAT
ENSG00000160691.19|4342|SHC1|protein_coding	SHC1
ENSG00000112306.8|639|RPS12|protein_coding	RPS12
ENSG00000126001.16|16215|CEP250|protein_coding	CEP250
ENSG00000164631.19|5321|ZNF12|protein_coding	ZNF12
ENSG00000092964.18|7296|DPYSL2|protein_coding	DPYSL2
ENSG00000160401.15|4704|CFAP157|protein_coding	CFAP157
ENSG00000198755.11|1508|RPL10A|protein_coding	RPL10A
ENSG00000072062.15|7764|PRKACA|protein_coding	PRKACA
ENSG00000138685.17|6775|FGF2|protein_coding	FGF2
ENSG00000183624.14|2783|HMCES|protein_coding	HMCES
ENSG00000164125.16|7880|GASK1B|protein_coding	GASK1B
ENSG00000092148.13|12557|HECTD1|protein_coding	HECTD1
ENSG00000213930.12|4407|GALT|protein_coding	GALT
ENSG00000213762.12|5139|ZNF134|protein_coding	ZNF134
ENSG00000157881.16|5072|PANK4|protein_coding	PANK4
ENSG00000235034.7|888|C19orf81|protein_coding	C19orf81
ENSG00000135932.11|5363|CAB39|protein_coding	CAB39
ENSG00000248751.6|2057|RP1-130H16.18|protein_coding	RP1-130H16.18
ENSG00000111605.18|8050|CPSF6|protein_coding	CPSF6
ENSG00000169813.17|3273|HNRNPF|protein_coding	HNRNPF
ENSG00000101166.16|2877|PRELID3B|protein_coding	PRELID3B
ENSG00000168256.18|5545|NKIRAS2|protein_coding	NKIRAS2
ENSG00000104972.16|5502|LILRB1|protein_coding	LILRB1
ENSG00000173662.21|2764|TAS1R1|protein_coding	TAS1R1
ENSG00000030110.13|2212|BAK1|protein_coding	BAK1
ENSG00000106565.18|1979|TMEM176B|protein_coding	TMEM176B
ENSG00000161955.17|2276|TNFSF13|protein_coding	TNFSF13
ENSG00000164896.20|3805|FASTK|protein_coding	FASTK
ENSG00000165458.14|6574|INPPL1|protein_coding	INPPL1
ENSG00000167193.8|4064|CRK|protein_coding	CRK
ENSG00000120899.18|7860|PTK2B|protein_coding	PTK2B
ENSG00000118518.17|3392|RNF146|protein_coding	RNF146
ENSG00000143390.18|4555|RFX5|protein_coding	RFX5
ENSG00000174652.20|5431|ZNF266|protein_coding	ZNF266
ENSG00000105371.10|1439|ICAM4|protein_coding	ICAM4
ENSG00000162298.19|5495|SYVN1|protein_coding	SYVN1
ENSG00000161911.11|1483|TREML1|protein_coding	TREML1
ENSG00000176046.9|5508|NUPR1|protein_coding	NUPR1
ENSG00000198899.2|681|MT-ATP6|protein_coding	MT-ATP6
ENSG00000179918.19|2244|SEPHS2|protein_coding	SEPHS2
ENSG00000104894.12|4161|CD37|protein_coding	CD37
ENSG00000145741.16|5552|BTF3|protein_coding	BTF3
ENSG00000147475.17|8736|ERLIN2|protein_coding	ERLIN2
ENSG00000114346.14|5499|ECT2|protein_coding	ECT2
ENSG00000115271.11|5323|GCA|protein_coding	GCA
ENSG00000145868.17|8722|FBXO38|protein_coding	FBXO38
ENSG00000267748.4|546|CTB-102L5.4|protein_coding	CTB-102L5.4
ENSG00000174233.12|8462|ADCY6|protein_coding	ADCY6
ENSG00000255508.7|5197|RP11-864I4.1|protein_coding	RP11-864I4.1
ENSG00000180818.5|2371|HOXC10|protein_coding	HOXC10
ENSG00000104320.14|6161|NBN|protein_coding	NBN
ENSG00000115956.10|3205|PLEK|protein_coding	PLEK
ENSG00000178585.15|3339|CTNNBIP1|protein_coding	CTNNBIP1
ENSG00000178188.15|7145|SH2B1|protein_coding	SH2B1
ENSG00000105193.9|2674|RPS16|protein_coding	RPS16
ENSG00000109066.14|4941|TMEM104|protein_coding	TMEM104
ENSG00000120733.14|7872|KDM3B|protein_coding	KDM3B
ENSG00000183943.6|6523|PRKX|protein_coding	PRKX
ENSG00000198380.13|8851|GFPT1|protein_coding	GFPT1
ENSG00000213015.9|2604|ZNF580|protein_coding	ZNF580
ENSG00000091039.17|9198|OSBPL8|protein_coding	OSBPL8
ENSG00000169047.6|10019|IRS1|protein_coding	IRS1
ENSG00000104765.16|4149|BNIP3L|protein_coding	BNIP3L
ENSG00000182899.17|2899|RPL35A|protein_coding	RPL35A
ENSG00000197226.13|11511|TBC1D9B|protein_coding	TBC1D9B
ENSG00000198938.2|784|MT-CO3|protein_coding	MT-CO3
ENSG00000157538.14|9301|VPS26C|protein_coding	VPS26C
ENSG00000004399.13|9557|PLXND1|protein_coding	PLXND1
ENSG00000184897.6|1516|H1-10|protein_coding	H1-10
ENSG00000068438.15|2872|FTSJ1|protein_coding	FTSJ1
ENSG00000161970.15|2476|RPL26|protein_coding	RPL26
ENSG00000005961.19|5695|ITGA2B|protein_coding	ITGA2B
ENSG00000269226.7|3061|TMSB15B|protein_coding	TMSB15B
ENSG00000101096.20|8286|NFATC2|protein_coding	NFATC2
ENSG00000109971.14|4849|HSPA8|protein_coding	HSPA8
ENSG00000260729.1|4374|RP11-106M3.2|protein_coding	RP11-106M3.2
ENSG00000126456.16|3794|IRF3|protein_coding	IRF3
ENSG00000197879.17|7806|MYO1C|protein_coding	MYO1C
ENSG00000115523.17|3047|GNLY|protein_coding	GNLY
ENSG00000155090.15|3821|KLF10|protein_coding	KLF10
ENSG00000070669.17|4896|ASNS|protein_coding	ASNS
ENSG00000182004.13|2080|SNRPE|protein_coding	SNRPE
ENSG00000129535.13|4554|NRL|protein_coding	NRL
ENSG00000126070.20|21153|AGO3|protein_coding	AGO3
ENSG00000119574.13|3006|ZBTB45|protein_coding	ZBTB45
ENSG00000102316.17|2943|MAGED2|protein_coding	MAGED2
ENSG00000165416.15|15102|SUGT1|protein_coding	SUGT1
ENSG00000078246.17|3179|TULP3|protein_coding	TULP3
ENSG00000198727.2|1141|MT-CYB|protein_coding	MT-CYB
ENSG00000165699.15|17600|TSC1|protein_coding	TSC1
ENSG00000159658.15|16312|EFCAB14|protein_coding	EFCAB14
ENSG00000144560.15|7228|VGLL4|protein_coding	VGLL4
ENSG00000213445.10|4652|SIPA1|protein_coding	SIPA1
ENSG00000130402.13|6104|ACTN4|protein_coding	ACTN4
ENSG00000163754.18|7551|GYG1|protein_coding	GYG1
ENSG00000168303.9|7627|MPLKIP|protein_coding	MPLKIP
ENSG00000163348.4|3664|PYGO2|protein_coding	PYGO2
ENSG00000169641.13|9658|LUZP1|protein_coding	LUZP1
ENSG00000142910.16|5281|TINAGL1|protein_coding	TINAGL1
ENSG00000157554.19|7582|ERG|protein_coding	ERG
ENSG00000139291.14|6494|TMEM19|protein_coding	TMEM19
ENSG00000054967.13|6187|RELT|protein_coding	RELT
ENSG00000160014.17|5235|CALM3|protein_coding	CALM3
ENSG00000155097.12|5851|ATP6V1C1|protein_coding	ATP6V1C1
ENSG00000109534.17|1964|GAR1|protein_coding	GAR1
ENSG00000160188.10|2880|RSPH1|protein_coding	RSPH1
ENSG00000112182.15|9787|BACH2|protein_coding	BACH2
ENSG00000185414.20|4760|MRPL30|protein_coding	MRPL30
ENSG00000174547.13|2539|MRPL11|protein_coding	MRPL11
ENSG00000166173.11|5552|LARP6|protein_coding	LARP6
ENSG00000149218.5|4651|ENDOD1|protein_coding	ENDOD1
ENSG00000072110.16|14320|ACTN1|protein_coding	ACTN1
ENSG00000138495.7|1911|COX17|protein_coding	COX17
ENSG00000142676.14|2659|RPL11|protein_coding	RPL11
ENSG00000158887.19|2150|MPZ|protein_coding	MPZ
ENSG00000288725.1|3810|RP11-413H22.3|protein_coding	RP11-413H22.3
ENSG00000065970.9|6297|FOXJ2|protein_coding	FOXJ2
ENSG00000198842.10|4274|STYXL2|protein_coding	STYXL2
ENSG00000048545.17|3190|GUCA1A|protein_coding	GUCA1A
ENSG00000237765.8|4766|FAM200B|protein_coding	FAM200B
ENSG00000165219.22|13625|GAPVD1|protein_coding	GAPVD1
ENSG00000009790.15|7750|TRAF3IP3|protein_coding	TRAF3IP3
ENSG00000142534.7|1409|RPS11|protein_coding	RPS11
ENSG00000286112.1|6970|RP11-545E17.13|protein_coding	RP11-545E17.13
ENSG00000276966.2|1487|H4C5|protein_coding	H4C5
ENSG00000196396.10|4041|PTPN1|protein_coding	PTPN1
ENSG00000103522.16|5455|IL21R|protein_coding	IL21R
ENSG00000198918.8|2128|RPL39|protein_coding	RPL39
ENSG00000177042.16|3908|TMEM80|protein_coding	TMEM80
ENSG00000005022.6|1555|SLC25A5|protein_coding	SLC25A5
ENSG00000168309.18|5321|FAM107A|protein_coding	FAM107A
ENSG00000163444.12|4038|TMEM183A|protein_coding	TMEM183A
ENSG00000173610.12|3919|UGT2A1|protein_coding	UGT2A1
ENSG00000105122.13|4654|RASAL3|protein_coding	RASAL3
ENSG00000167984.18|6689|NLRC3|protein_coding	NLRC3
ENSG00000256618.3|1249|MTRNR2L1|protein_coding	MTRNR2L1
ENSG00000141551.14|11024|CSNK1D|protein_coding	CSNK1D
ENSG00000261150.3|16005|EPPK1|protein_coding	EPPK1
ENSG00000146281.6|4703|PM20D2|protein_coding	PM20D2
ENSG00000256514.1|711|AP003419.11|protein_coding	AP003419.11
ENSG00000122376.12|4239|SHLD2|protein_coding	SHLD2
ENSG00000008324.12|3118|SS18L2|protein_coding	SS18L2
ENSG00000091879.14|6794|ANGPT2|protein_coding	ANGPT2
ENSG00000144713.13|3714|RPL32|protein_coding	RPL32
ENSG00000100280.17|6555|AP1B1|protein_coding	AP1B1
ENSG00000197483.10|3566|ZNF628|protein_coding	ZNF628
ENSG00000169446.6|5186|MMGT1|protein_coding	MMGT1
ENSG00000183696.14|4580|UPP1|protein_coding	UPP1
ENSG00000182162.11_PAR_Y|4528|P2RY8|protein_coding	P2RY8
ENSG00000182732.18|8948|RGS6|protein_coding	RGS6
ENSG00000187736.13|9069|NHEJ1|protein_coding	NHEJ1
ENSG00000131653.13|4489|TRAF7|protein_coding	TRAF7
ENSG00000144233.11|5413|AMMECR1L|protein_coding	AMMECR1L
ENSG00000106665.16|7375|CLIP2|protein_coding	CLIP2
ENSG00000146833.16|4832|TRIM4|protein_coding	TRIM4
ENSG00000114391.13|2618|RPL24|protein_coding	RPL24
ENSG00000130208.10|1178|APOC1|protein_coding	APOC1
ENSG00000160219.12|5272|GAB3|protein_coding	GAB3
ENSG00000162236.13|2881|STX5|protein_coding	STX5
ENSG00000093144.19|5676|ECHDC1|protein_coding	ECHDC1
ENSG00000168234.13|7188|TTC39C|protein_coding	TTC39C
ENSG00000188549.12|7510|CCDC9B|protein_coding	CCDC9B
ENSG00000108826.16|3020|MRPL27|protein_coding	MRPL27
ENSG00000189410.12|4487|SH2D5|protein_coding	SH2D5
ENSG00000157106.17|25935|SMG1|protein_coding	SMG1
ENSG00000158457.6|3530|TSPAN33|protein_coding	TSPAN33
ENSG00000047410.14|12350|TPR|protein_coding	TPR
ENSG00000204310.13|3593|AGPAT1|protein_coding	AGPAT1
ENSG00000140750.17|9903|ARHGAP17|protein_coding	ARHGAP17
ENSG00000173273.16|14188|TNKS|protein_coding	TNKS
ENSG00000177108.5|3862|ZDHHC22|protein_coding	ZDHHC22
ENSG00000070413.20|5605|DGCR2|protein_coding	DGCR2
ENSG00000105639.20|6813|JAK3|protein_coding	JAK3
ENSG00000164124.11|9248|TMEM144|protein_coding	TMEM144
ENSG00000143379.12|7093|SETDB1|protein_coding	SETDB1
ENSG00000184923.12|5082|NUTM2A|protein_coding	NUTM2A
ENSG00000124614.16|2302|RPS10|protein_coding	RPS10
ENSG00000172738.12|3350|TMEM217|protein_coding	TMEM217
ENSG00000102931.8|1994|ARL2BP|protein_coding	ARL2BP
ENSG00000122507.21|8981|BBS9|protein_coding	BBS9
ENSG00000091009.8|6664|RBM27|protein_coding	RBM27
ENSG00000179304.17|4456|FAM156B|protein_coding	FAM156B
ENSG00000261371.6|7741|PECAM1|protein_coding	PECAM1
ENSG00000139826.6|5313|ABHD13|protein_coding	ABHD13
ENSG00000113657.13|7179|DPYSL3|protein_coding	DPYSL3
ENSG00000125447.18|6467|GGA3|protein_coding	GGA3
ENSG00000005238.20|6375|FAM214B|protein_coding	FAM214B
ENSG00000186480.13|3650|INSIG1|protein_coding	INSIG1
ENSG00000119383.21|5624|PTPA|protein_coding	PTPA
ENSG00000197894.12|4866|ADH5|protein_coding	ADH5
ENSG00000169919.17|3893|GUSB|protein_coding	GUSB
ENSG00000162775.17|4670|RBM15|protein_coding	RBM15
ENSG00000168329.14|3656|CX3CR1|protein_coding	CX3CR1
ENSG00000197448.14|4214|GSTK1|protein_coding	GSTK1
ENSG00000075420.13|13324|FNDC3B|protein_coding	FNDC3B
ENSG00000213390.11|6167|ARHGAP19|protein_coding	ARHGAP19
ENSG00000183690.13|3329|EFHC2|protein_coding	EFHC2
ENSG00000116741.8|2088|RGS2|protein_coding	RGS2
ENSG00000257103.9|4521|LSM14A|protein_coding	LSM14A
ENSG00000134575.13|3484|ACP2|protein_coding	ACP2
ENSG00000136935.14|6085|GOLGA1|protein_coding	GOLGA1
ENSG00000260836.2|2211|RP11-152F13.10|protein_coding	RP11-152F13.10
ENSG00000118707.11|3973|TGIF2|protein_coding	TGIF2
ENSG00000171858.18|1036|RPS21|protein_coding	RPS21
ENSG00000166963.13|10646|MAP1A|protein_coding	MAP1A
ENSG00000174903.16|1950|RAB1B|protein_coding	RAB1B
ENSG00000153201.16|12299|RANBP2|protein_coding	RANBP2
ENSG00000138867.17|4395|GUCD1|protein_coding	GUCD1
ENSG00000153814.13|4258|JAZF1|protein_coding	JAZF1
ENSG00000083799.18|12952|CYLD|protein_coding	CYLD
ENSG00000110799.14|10387|VWF|protein_coding	VWF
ENSG00000067606.17|7695|PRKCZ|protein_coding	PRKCZ
ENSG00000172349.18|12094|IL16|protein_coding	IL16
ENSG00000180155.20|5022|LYNX1|protein_coding	LYNX1
ENSG00000139899.11|2692|CBLN3|protein_coding	CBLN3
ENSG00000103275.21|12097|UBE2I|protein_coding	UBE2I
ENSG00000196531.14|11267|NACA|protein_coding	NACA
ENSG00000256222.3|1052|MTRNR2L3|protein_coding	MTRNR2L3
ENSG00000162783.11|4201|IER5|protein_coding	IER5
ENSG00000102309.15|4357|PIN4|protein_coding	PIN4
ENSG00000198053.12|4957|SIRPA|protein_coding	SIRPA
ENSG00000177600.9|1637|RPLP2|protein_coding	RPLP2
ENSG00000204131.9|17706|NHSL2|protein_coding	NHSL2
ENSG00000113504.21|6004|SLC12A7|protein_coding	SLC12A7
ENSG00000172992.12|2834|DCAKD|protein_coding	DCAKD
ENSG00000261717.5|530|RP11-77K12.1|protein_coding	RP11-77K12.1
ENSG00000132906.18|5269|CASP9|protein_coding	CASP9
ENSG00000137845.15|15979|ADAM10|protein_coding	ADAM10
ENSG00000102003.11|5144|SYP|protein_coding	SYP
ENSG00000165169.11|3120|DYNLT3|protein_coding	DYNLT3
ENSG00000100568.11|5768|VTI1B|protein_coding	VTI1B
ENSG00000173281.5|5738|PPP1R3B|protein_coding	PPP1R3B
ENSG00000119715.15|5930|ESRRB|protein_coding	ESRRB
ENSG00000182774.13|3188|RPS17|protein_coding	RPS17
ENSG00000100075.10|1999|SLC25A1|protein_coding	SLC25A1
ENSG00000088808.18|9573|PPP1R13B|protein_coding	PPP1R13B
ENSG00000185728.17|6163|YTHDF3|protein_coding	YTHDF3
ENSG00000119139.21|15243|TJP2|protein_coding	TJP2
ENSG00000154328.16|3366|NEIL2|protein_coding	NEIL2
ENSG00000126746.18|5181|ZNF384|protein_coding	ZNF384
ENSG00000089486.17|4274|CDIP1|protein_coding	CDIP1
ENSG00000168890.14|3095|TMEM150A|protein_coding	TMEM150A
ENSG00000010404.18|9294|IDS|protein_coding	IDS
ENSG00000240891.8|8974|PLCXD2|protein_coding	PLCXD2
ENSG00000164088.18|3607|PPM1M|protein_coding	PPM1M
ENSG00000259753.1|2785|RP11-290H9.2|protein_coding	RP11-290H9.2
ENSG00000117360.13|5408|PRPF3|protein_coding	PRPF3
ENSG00000196092.14|9570|PAX5|protein_coding	PAX5
ENSG00000116750.14|6661|UCHL5|protein_coding	UCHL5
ENSG00000139163.16|13301|ETNK1|protein_coding	ETNK1
ENSG00000204628.12|5740|RACK1|protein_coding	RACK1
ENSG00000186184.19|11210|POLR1D|protein_coding	POLR1D
ENSG00000115419.13|9833|GLS|protein_coding	GLS
ENSG00000140511.12|3489|HAPLN3|protein_coding	HAPLN3
ENSG00000196924.19|10860|FLNA|protein_coding	FLNA
ENSG00000213402.3|907|PTPRCAP|protein_coding	PTPRCAP
ENSG00000135144.7|4387|DTX1|protein_coding	DTX1
ENSG00000154016.14|2498|GRAP|protein_coding	GRAP
ENSG00000112297.18|10981|CRYBG1|protein_coding	CRYBG1
ENSG00000134954.14|7149|ETS1|protein_coding	ETS1
ENSG00000105851.11|7765|PIK3CG|protein_coding	PIK3CG
ENSG00000179344.16|4904|HLA-DQB1|protein_coding	HLA-DQB1
ENSG00000110375.3|1124|UPK2|protein_coding	UPK2
ENSG00000273749.5|10414|CYFIP1|protein_coding	CYFIP1
ENSG00000109475.17|3505|RPL34|protein_coding	RPL34
ENSG00000197122.12|6482|SRC|protein_coding	SRC
ENSG00000117009.12|5946|KMO|protein_coding	KMO
ENSG00000184371.14|5238|CSF1|protein_coding	CSF1
ENSG00000109919.10|2881|MTCH2|protein_coding	MTCH2
ENSG00000184110.15|6925|EIF3C|protein_coding	EIF3C
ENSG00000133112.17|7183|TPT1|protein_coding	TPT1
ENSG00000135604.10|5504|STX11|protein_coding	STX11
ENSG00000132471.12|5399|WBP2|protein_coding	WBP2
ENSG00000269858.6|6574|EGLN2|protein_coding	EGLN2
ENSG00000149499.12|5500|EML3|protein_coding	EML3
ENSG00000204469.13|9120|PRRC2A|protein_coding	PRRC2A
ENSG00000105879.12|5229|CBLL1|protein_coding	CBLL1
ENSG00000241489.8|9702|AF011889.5|protein_coding	AF011889.5
ENSG00000158859.10|10338|ADAMTS4|protein_coding	ADAMTS4
ENSG00000072364.13|11281|AFF4|protein_coding	AFF4
ENSG00000165424.7|5048|ZCCHC24|protein_coding	ZCCHC24
ENSG00000112739.17|8429|PRPF4B|protein_coding	PRPF4B
ENSG00000068305.17|6925|MEF2A|protein_coding	MEF2A
ENSG00000211460.12|4395|TSN|protein_coding	TSN
ENSG00000139515.6|2603|PDX1|protein_coding	PDX1
ENSG00000179085.8|622|DPM3|protein_coding	DPM3
ENSG00000083845.9|3617|RPS5|protein_coding	RPS5
ENSG00000168702.18|16355|LRP1B|protein_coding	LRP1B
ENSG00000107758.16|5089|PPP3CB|protein_coding	PPP3CB
ENSG00000243147.8|1532|MRPL33|protein_coding	MRPL33
ENSG00000147677.11|6434|EIF3H|protein_coding	EIF3H
ENSG00000095139.14|4177|ARCN1|protein_coding	ARCN1
ENSG00000171763.20|3397|SPATA5L1|protein_coding	SPATA5L1
ENSG00000140479.18|21740|PCSK6|protein_coding	PCSK6
ENSG00000288721.1|7765|RP5-973N23.5|protein_coding	RP5-973N23.5
ENSG00000145247.12|2483|OCIAD2|protein_coding	OCIAD2
ENSG00000073861.3|2625|TBX21|protein_coding	TBX21
ENSG00000197019.5|2084|SERTAD1|protein_coding	SERTAD1
ENSG00000254986.7|3977|DPP3|protein_coding	DPP3
ENSG00000168944.17|13029|CEP120|protein_coding	CEP120
ENSG00000182557.8|2432|SPNS3|protein_coding	SPNS3
ENSG00000108298.12|3591|RPL19|protein_coding	RPL19
ENSG00000122390.19|7349|NAA60|protein_coding	NAA60
ENSG00000156052.11|6972|GNAQ|protein_coding	GNAQ
ENSG00000138593.9|8583|SECISBP2L|protein_coding	SECISBP2L
ENSG00000110777.12|6996|POU2AF1|protein_coding	POU2AF1
ENSG00000204406.14|24403|MBD5|protein_coding	MBD5
ENSG00000165389.7|2662|SPTSSA|protein_coding	SPTSSA
ENSG00000250479.9|889|CHCHD10|protein_coding	CHCHD10
ENSG00000119231.11|7035|SENP5|protein_coding	SENP5
ENSG00000084207.18|1764|GSTP1|protein_coding	GSTP1
ENSG00000120162.10|7120|MOB3B|protein_coding	MOB3B
ENSG00000100884.9|5996|CPNE6|protein_coding	CPNE6
ENSG00000103404.15|12199|USP31|protein_coding	USP31
ENSG00000197724.11|5392|PHF2|protein_coding	PHF2
ENSG00000111530.13|13580|CAND1|protein_coding	CAND1
ENSG00000150776.18|5755|NKAPD1|protein_coding	NKAPD1
ENSG00000176723.10|4568|ZNF843|protein_coding	ZNF843
ENSG00000135250.17|6366|SRPK2|protein_coding	SRPK2
ENSG00000242802.9|8398|AP5Z1|protein_coding	AP5Z1
ENSG00000010278.15|5829|CD9|protein_coding	CD9
ENSG00000163590.14|12442|PPM1L|protein_coding	PPM1L
ENSG00000088832.18|5973|FKBP1A|protein_coding	FKBP1A
ENSG00000113194.13|5924|FAF2|protein_coding	FAF2
ENSG00000157335.21|4926|CLEC18C|protein_coding	CLEC18C
ENSG00000145882.11|6039|PCYOX1L|protein_coding	PCYOX1L
ENSG00000156675.16|9632|RAB11FIP1|protein_coding	RAB11FIP1
ENSG00000174010.9|6272|KLHL15|protein_coding	KLHL15
ENSG00000090432.7|2428|MUL1|protein_coding	MUL1
ENSG00000104976.12|1978|SNAPC2|protein_coding	SNAPC2
ENSG00000122406.14|3687|RPL5|protein_coding	RPL5
ENSG00000267645.5|1598|RP11-577H5.5|protein_coding	RP11-577H5.5
ENSG00000181191.12|2845|PJA1|protein_coding	PJA1
ENSG00000118181.11|1477|RPS25|protein_coding	RPS25
ENSG00000196646.12|5578|ZNF136|protein_coding	ZNF136
ENSG00000214897.5|3431|PNMA6E|protein_coding	PNMA6E
ENSG00000134287.10|4938|ARF3|protein_coding	ARF3
ENSG00000111144.10|7405|LTA4H|protein_coding	LTA4H
ENSG00000026025.16|5176|VIM|protein_coding	VIM
ENSG00000100418.8|4919|DESI1|protein_coding	DESI1
ENSG00000256566.1|823|RP4-734P14.4|protein_coding	RP4-734P14.4
ENSG00000198879.13|10609|SFMBT2|protein_coding	SFMBT2
ENSG00000150593.18|4547|PDCD4|protein_coding	PDCD4
ENSG00000075399.14|3340|VPS9D1|protein_coding	VPS9D1
ENSG00000189171.15|2216|S100A13|protein_coding	S100A13
ENSG00000204569.10|5202|PPP1R10|protein_coding	PPP1R10
ENSG00000132842.14|5452|AP3B1|protein_coding	AP3B1
ENSG00000184434.8|3588|LRRC19|protein_coding	LRRC19
ENSG00000010327.10|10588|STAB1|protein_coding	STAB1
ENSG00000137154.13|2696|RPS6|protein_coding	RPS6
ENSG00000173153.17|3101|ESRRA|protein_coding	ESRRA
ENSG00000183044.12|9713|ABAT|protein_coding	ABAT
ENSG00000174748.22|7141|RPL15|protein_coding	RPL15
ENSG00000147439.13|5080|BIN3|protein_coding	BIN3
ENSG00000138802.11|5219|SEC24B|protein_coding	SEC24B
ENSG00000157593.19|2363|SLC35B2|protein_coding	SLC35B2
ENSG00000126878.13|5299|AIF1L|protein_coding	AIF1L
ENSG00000156482.11|3987|RPL30|protein_coding	RPL30
ENSG00000175354.20|8718|PTPN2|protein_coding	PTPN2
ENSG00000149781.13|3071|FERMT3|protein_coding	FERMT3
ENSG00000104331.9|7619|BPNT2|protein_coding	BPNT2
ENSG00000069424.15|17329|KCNAB2|protein_coding	KCNAB2
ENSG00000108961.14|1420|RANGRF|protein_coding	RANGRF
ENSG00000138061.12|5985|CYP1B1|protein_coding	CYP1B1
ENSG00000143248.13|6624|RGS5|protein_coding	RGS5
ENSG00000101361.17|4950|NOP56|protein_coding	NOP56
ENSG00000169733.12|3865|RFNG|protein_coding	RFNG
ENSG00000155229.21|5763|MMS19|protein_coding	MMS19
ENSG00000143256.5|621|PFDN2|protein_coding	PFDN2
ENSG00000070614.15|9510|NDST1|protein_coding	NDST1
ENSG00000172578.12|10543|KLHL6|protein_coding	KLHL6
ENSG00000137177.20|11138|KIF13A|protein_coding	KIF13A
ENSG00000104825.17|2324|NFKBIB|protein_coding	NFKBIB
ENSG00000100644.17|5151|HIF1A|protein_coding	HIF1A
ENSG00000122140.11|2464|MRPS2|protein_coding	MRPS2
ENSG00000075239.14|5869|ACAT1|protein_coding	ACAT1
ENSG00000127838.14|5184|PNKD|protein_coding	PNKD
ENSG00000197329.12|4091|PELI1|protein_coding	PELI1
ENSG00000107281.10|2720|NPDC1|protein_coding	NPDC1
ENSG00000135956.9|6372|TMEM127|protein_coding	TMEM127
ENSG00000169016.17|4067|E2F6|protein_coding	E2F6
ENSG00000140575.13|11507|IQGAP1|protein_coding	IQGAP1
ENSG00000154845.16|8131|PPP4R1|protein_coding	PPP4R1
ENSG00000106993.12|3950|CDC37L1|protein_coding	CDC37L1
ENSG00000251322.9|9094|SHANK3|protein_coding	SHANK3
ENSG00000197057.10|7379|DTHD1|protein_coding	DTHD1
ENSG00000131828.14|4506|PDHA1|protein_coding	PDHA1
ENSG00000121552.4|1366|CSTA|protein_coding	CSTA
ENSG00000115423.19|13514|DNAH6|protein_coding	DNAH6
ENSG00000158161.16|6424|EYA3|protein_coding	EYA3
ENSG00000140682.19|5403|TGFB1I1|protein_coding	TGFB1I1
ENSG00000187922.14|4263|LCN10|protein_coding	LCN10
ENSG00000261147.1|3838|RP11-697E2.6|protein_coding	RP11-697E2.6
ENSG00000177595.19|5855|PIDD1|protein_coding	PIDD1
ENSG00000134597.16|2786|RBMX2|protein_coding	RBMX2
ENSG00000144848.11|6110|ATG3|protein_coding	ATG3
ENSG00000054118.15|4720|THRAP3|protein_coding	THRAP3
ENSG00000165092.13|2840|ALDH1A1|protein_coding	ALDH1A1
ENSG00000126860.12|3086|EVI2A|protein_coding	EVI2A
ENSG00000157778.9|1973|PSMG3|protein_coding	PSMG3
ENSG00000105246.6|1256|EBI3|protein_coding	EBI3
ENSG00000235750.10|4767|KIAA0040|protein_coding	KIAA0040
ENSG00000134548.11|7242|SPX|protein_coding	SPX
ENSG00000113575.10|5594|PPP2CA|protein_coding	PPP2CA
ENSG00000120708.17|7717|TGFBI|protein_coding	TGFBI
ENSG00000103274.11|1955|NUBP1|protein_coding	NUBP1
ENSG00000100503.26|13820|NIN|protein_coding	NIN
ENSG00000132294.15|6192|EFR3A|protein_coding	EFR3A
ENSG00000142396.10|5023|ERVK3-1|protein_coding	ERVK3-1
ENSG00000108179.14|2671|PPIF|protein_coding	PPIF
ENSG00000099999.15|10643|RNF215|protein_coding	RNF215
ENSG00000102796.12|3531|DHRS12|protein_coding	DHRS12
ENSG00000135205.15|4459|CCDC146|protein_coding	CCDC146
ENSG00000161618.10|4589|ALDH16A1|protein_coding	ALDH16A1
ENSG00000142539.9|1265|CTD-2545M3.6|protein_coding	CTD-2545M3.6
ENSG00000108839.12|2650|ALOX12|protein_coding	ALOX12
ENSG00000111276.12|9255|CDKN1B|protein_coding	CDKN1B
ENSG00000118260.15|12132|CREB1|protein_coding	CREB1
ENSG00000114416.18|11874|FXR1|protein_coding	FXR1
ENSG00000104695.13|4510|PPP2CB|protein_coding	PPP2CB
ENSG00000167470.13|4495|MIDN|protein_coding	MIDN
ENSG00000112685.14|4990|EXOC2|protein_coding	EXOC2
ENSG00000089063.15|3051|TMEM230|protein_coding	TMEM230
ENSG00000165678.21|2382|GHITM|protein_coding	GHITM
ENSG00000106608.17|7388|URGCP|protein_coding	URGCP
ENSG00000162191.14|2532|UBXN1|protein_coding	UBXN1
ENSG00000175467.15|4593|SART1|protein_coding	SART1
ENSG00000204463.13|6323|BAG6|protein_coding	BAG6
ENSG00000167654.18|5304|ATCAY|protein_coding	ATCAY
ENSG00000108064.11|5282|TFAM|protein_coding	TFAM
ENSG00000149273.15|5859|RPS3|protein_coding	RPS3
ENSG00000177697.19|3894|CD151|protein_coding	CD151
ENSG00000136444.10|4137|RSAD1|protein_coding	RSAD1
ENSG00000154781.16|3556|CCDC174|protein_coding	CCDC174
ENSG00000186827.11|1722|TNFRSF4|protein_coding	TNFRSF4
ENSG00000048028.11|5719|USP28|protein_coding	USP28
ENSG00000262814.8|1009|MRPL12|protein_coding	MRPL12
ENSG00000166595.12|1060|CIAO2B|protein_coding	CIAO2B
ENSG00000186468.13|4061|RPS23|protein_coding	RPS23
ENSG00000130332.15|1686|LSM7|protein_coding	LSM7
ENSG00000197343.11|8401|ZNF655|protein_coding	ZNF655
ENSG00000131042.15|3819|LILRB2|protein_coding	LILRB2
ENSG00000109320.13|6359|NFKB1|protein_coding	NFKB1
ENSG00000163428.4|7918|LRRC58|protein_coding	LRRC58
ENSG00000106404.14|2893|CLDN15|protein_coding	CLDN15
ENSG00000128266.9|3677|GNAZ|protein_coding	GNAZ
ENSG00000177189.14|9801|RPS6KA3|protein_coding	RPS6KA3
ENSG00000121281.13|8595|ADCY7|protein_coding	ADCY7
ENSG00000107798.18|4891|LIPA|protein_coding	LIPA
ENSG00000168918.14|8681|INPP5D|protein_coding	INPP5D
ENSG00000108861.9|4997|DUSP3|protein_coding	DUSP3
ENSG00000031081.11|9374|ARHGAP31|protein_coding	ARHGAP31
ENSG00000011478.13|2825|QPCTL|protein_coding	QPCTL
ENSG00000123143.13|4623|PKN1|protein_coding	PKN1
ENSG00000133466.14|7144|C1QTNF6|protein_coding	C1QTNF6
ENSG00000167721.11|4802|TSR1|protein_coding	TSR1
ENSG00000268083.5|963|AC104534.3|protein_coding	AC104534.3
ENSG00000185101.13|6207|ANO9|protein_coding	ANO9
ENSG00000165813.20|9003|CCDC186|protein_coding	CCDC186
ENSG00000102977.17|3223|ACD|protein_coding	ACD
ENSG00000101134.12|2606|DOK5|protein_coding	DOK5
ENSG00000178538.10|7706|CA8|protein_coding	CA8
ENSG00000275688.4|1047|CCL15-CCL14|protein_coding	CCL15-CCL14
ENSG00000044574.9|6530|HSPA5|protein_coding	HSPA5
ENSG00000113272.14|2998|THG1L|protein_coding	THG1L
ENSG00000184343.11|4744|SRPK3|protein_coding	SRPK3
ENSG00000036448.10|7056|MYOM2|protein_coding	MYOM2
ENSG00000168701.19|1787|TMEM208|protein_coding	TMEM208
ENSG00000160789.24|8141|LMNA|protein_coding	LMNA
ENSG00000004478.8|5163|FKBP4|protein_coding	FKBP4
ENSG00000100225.18|8521|FBXO7|protein_coding	FBXO7
ENSG00000133639.6|4855|BTG1|protein_coding	BTG1
ENSG00000175538.11|3599|KCNE3|protein_coding	KCNE3
ENSG00000115756.13|6237|HPCAL1|protein_coding	HPCAL1
ENSG00000130700.7|2620|GATA5|protein_coding	GATA5
ENSG00000276409.5|3272|CCL14|protein_coding	CCL14
ENSG00000188033.10|6792|ZNF490|protein_coding	ZNF490
ENSG00000167081.18|4904|PBX3|protein_coding	PBX3
ENSG00000184602.6|3264|SNN|protein_coding	SNN
ENSG00000174444.15|5609|RPL4|protein_coding	RPL4
ENSG00000117906.14|9901|RCN2|protein_coding	RCN2
ENSG00000175920.18|4036|DOK7|protein_coding	DOK7
ENSG00000125503.13|7803|PPP1R12C|protein_coding	PPP1R12C
ENSG00000151136.15|7916|BTBD11|protein_coding	BTBD11
ENSG00000142002.18|8303|DPP9|protein_coding	DPP9
ENSG00000084234.18|7463|APLP2|protein_coding	APLP2
ENSG00000123575.9|7624|FAM199X|protein_coding	FAM199X
ENSG00000175602.4|963|CCDC85B|protein_coding	CCDC85B
ENSG00000135723.14|5230|FHOD1|protein_coding	FHOD1
ENSG00000150594.7|3879|ADRA2A|protein_coding	ADRA2A
ENSG00000145022.4|2747|TCTA|protein_coding	TCTA
ENSG00000135506.16|5169|OS9|protein_coding	OS9
ENSG00000014164.7|3721|ZC3H3|protein_coding	ZC3H3
ENSG00000104408.11|37761|EIF3E|protein_coding	EIF3E
ENSG00000071553.18|5683|ATP6AP1|protein_coding	ATP6AP1
ENSG00000197405.8|2964|C5AR1|protein_coding	C5AR1
ENSG00000122971.9|2609|ACADS|protein_coding	ACADS
ENSG00000136478.8|9053|TEX2|protein_coding	TEX2
ENSG00000104324.16|3442|CPQ|protein_coding	CPQ
ENSG00000069956.13|6397|MAPK6|protein_coding	MAPK6
ENSG00000154222.15|7507|CC2D1B|protein_coding	CC2D1B
ENSG00000132622.11|3133|HSPA12B|protein_coding	HSPA12B
ENSG00000105426.17|8565|PTPRS|protein_coding	PTPRS
ENSG00000263809.1|3087|RP11-849F2.7|protein_coding	RP11-849F2.7
ENSG00000257390.5|2534|RP11-762I7.5|protein_coding	RP11-762I7.5
ENSG00000175130.7|1546|MARCKSL1|protein_coding	MARCKSL1
ENSG00000198538.11|5975|ZNF28|protein_coding	ZNF28
ENSG00000175416.16|1963|CLTB|protein_coding	CLTB
ENSG00000160007.19|11646|ARHGAP35|protein_coding	ARHGAP35
ENSG00000156471.13|6108|PTDSS1|protein_coding	PTDSS1
ENSG00000185028.4|2570|LRRC14B|protein_coding	LRRC14B
ENSG00000155629.15|5688|PIK3AP1|protein_coding	PIK3AP1
ENSG00000224578.5|1924|HNRNPA1P48|protein_coding	HNRNPA1P48
ENSG00000120008.16|10707|WDR11|protein_coding	WDR11
ENSG00000013016.16|4825|EHD3|protein_coding	EHD3
ENSG00000176095.12|5200|IP6K1|protein_coding	IP6K1
ENSG00000166188.3|5027|ZNF319|protein_coding	ZNF319
ENSG00000205867.3|1118|KRTAP5-2|protein_coding	KRTAP5-2
ENSG00000133265.11|2167|HSPBP1|protein_coding	HSPBP1
ENSG00000137033.12|3253|IL33|protein_coding	IL33
ENSG00000111716.14|2983|LDHB|protein_coding	LDHB
ENSG00000130340.17|15256|SNX9|protein_coding	SNX9
ENSG00000172322.14|3256|CLEC12A|protein_coding	CLEC12A
ENSG00000184500.16|5270|PROS1|protein_coding	PROS1
ENSG00000250641.1|1266|LY6G6F-LY6G6D|protein_coding	LY6G6F-LY6G6D
ENSG00000131263.13|10627|RLIM|protein_coding	RLIM
ENSG00000153130.18|6296|SCOC|protein_coding	SCOC
ENSG00000006625.18|1594|GGCT|protein_coding	GGCT
ENSG00000136521.13|5871|NDUFB5|protein_coding	NDUFB5
ENSG00000115165.10|3384|CYTIP|protein_coding	CYTIP
ENSG00000052723.12|5894|SIKE1|protein_coding	SIKE1
ENSG00000131669.10|2604|NINJ1|protein_coding	NINJ1
ENSG00000176871.9|4623|WSB2|protein_coding	WSB2
ENSG00000184990.13|4729|SIVA1|protein_coding	SIVA1
ENSG00000165752.17|3553|STK32C|protein_coding	STK32C
ENSG00000166902.5|2172|MRPL16|protein_coding	MRPL16
ENSG00000165630.14|1844|PRPF18|protein_coding	PRPF18
ENSG00000176410.8|2536|DNAJC30|protein_coding	DNAJC30
ENSG00000070770.10|10363|CSNK2A2|protein_coding	CSNK2A2
ENSG00000129255.16|3290|MPDU1|protein_coding	MPDU1
ENSG00000101363.13|2034|MANBAL|protein_coding	MANBAL
ENSG00000012124.17|6165|CD22|protein_coding	CD22
ENSG00000117748.10|1981|RPA2|protein_coding	RPA2
ENSG00000141985.9|3685|SH3GL1|protein_coding	SH3GL1
ENSG00000085274.16|5165|MYNN|protein_coding	MYNN
ENSG00000111262.6|7985|KCNA1|protein_coding	KCNA1
ENSG00000151239.14|3885|TWF1|protein_coding	TWF1
ENSG00000204673.11|5737|AKT1S1|protein_coding	AKT1S1
ENSG00000198225.5|1579|FKBP1C|protein_coding	FKBP1C
ENSG00000077585.14|2307|GPR137B|protein_coding	GPR137B
ENSG00000175482.9|3054|POLD4|protein_coding	POLD4
ENSG00000047346.13|9848|FAM214A|protein_coding	FAM214A
ENSG00000148303.17|2238|RPL7A|protein_coding	RPL7A
ENSG00000122122.10|2741|SASH3|protein_coding	SASH3
ENSG00000005102.14|2674|MEOX1|protein_coding	MEOX1
ENSG00000129250.12|8578|KIF1C|protein_coding	KIF1C
ENSG00000231500.7|1834|RPS18|protein_coding	RPS18
ENSG00000102007.11|1303|PLP2|protein_coding	PLP2
ENSG00000079999.14|3573|KEAP1|protein_coding	KEAP1
ENSG00000166439.6|7842|RNF169|protein_coding	RNF169
ENSG00000181019.13|2971|NQO1|protein_coding	NQO1
ENSG00000105698.16|4968|USF2|protein_coding	USF2
ENSG00000147604.14|2700|RPL7|protein_coding	RPL7
ENSG00000164442.10|2563|CITED2|protein_coding	CITED2
ENSG00000130856.17|11150|ZNF236|protein_coding	ZNF236
ENSG00000085719.13|6737|CPNE3|protein_coding	CPNE3
ENSG00000113013.16|9782|HSPA9|protein_coding	HSPA9
ENSG00000142937.12|2781|RPS8|protein_coding	RPS8
ENSG00000108654.16|9311|DDX5|protein_coding	DDX5
ENSG00000284057.1|2993|RP11-606E8.2|protein_coding	RP11-606E8.2
ENSG00000165688.12|6519|PMPCA|protein_coding	PMPCA
ENSG00000161265.15|2875|U2AF1L4|protein_coding	U2AF1L4
ENSG00000173706.14|9964|HEG1|protein_coding	HEG1
ENSG00000196235.14|8568|SUPT5H|protein_coding	SUPT5H
ENSG00000198089.16|12176|SFI1|protein_coding	SFI1
ENSG00000100060.18|3034|MFNG|protein_coding	MFNG
ENSG00000119541.10|4315|VPS4B|protein_coding	VPS4B
ENSG00000103942.13|14685|HOMER2|protein_coding	HOMER2
ENSG00000124209.4|9266|RAB22A|protein_coding	RAB22A
ENSG00000124299.15|4477|PEPD|protein_coding	PEPD
ENSG00000132970.14|5182|WASF3|protein_coding	WASF3
ENSG00000162517.13|2223|PEF1|protein_coding	PEF1
ENSG00000090621.15|10274|PABPC4|protein_coding	PABPC4
ENSG00000148671.14|758|ADIRF|protein_coding	ADIRF
ENSG00000102225.16|6531|CDK16|protein_coding	CDK16
ENSG00000153094.24|6656|BCL2L11|protein_coding	BCL2L11
ENSG00000021300.14|4933|PLEKHB1|protein_coding	PLEKHB1
ENSG00000152242.11|9577|C18orf25|protein_coding	C18orf25
ENSG00000114779.20|3161|ABHD14B|protein_coding	ABHD14B
ENSG00000169860.7|6309|P2RY1|protein_coding	P2RY1
ENSG00000172380.6|4715|GNG12|protein_coding	GNG12
ENSG00000164209.17|8270|SLC25A46|protein_coding	SLC25A46
ENSG00000168421.13|6608|RHOH|protein_coding	RHOH
ENSG00000269825.2|4257|CTD-3099C6.13|protein_coding	CTD-3099C6.13
ENSG00000137414.6|4726|FAM8A1|protein_coding	FAM8A1
ENSG00000152465.18|6470|NMT2|protein_coding	NMT2
ENSG00000223865.11|5222|HLA-DPB1|protein_coding	HLA-DPB1
ENSG00000204424.10|1023|LY6G6F|protein_coding	LY6G6F
ENSG00000164649.20|3894|CDCA7L|protein_coding	CDCA7L
ENSG00000068745.15|5624|IP6K2|protein_coding	IP6K2
ENSG00000075785.14|7194|RAB7A|protein_coding	RAB7A
ENSG00000107874.11|1335|CUEDC2|protein_coding	CUEDC2
ENSG00000108256.9|10877|NUFIP2|protein_coding	NUFIP2
ENSG00000172819.17|5127|RARG|protein_coding	RARG
ENSG00000259207.9|6340|ITGB3|protein_coding	ITGB3
ENSG00000110330.9|4532|BIRC2|protein_coding	BIRC2
ENSG00000105516.11|6485|DBP|protein_coding	DBP
ENSG00000140474.14|3514|ULK3|protein_coding	ULK3
ENSG00000272325.2|9900|NUDT3|protein_coding	NUDT3
ENSG00000204161.14|4123|TMEM273|protein_coding	TMEM273
ENSG00000149809.17|3408|TM7SF2|protein_coding	TM7SF2
ENSG00000171385.10|8027|KCND3|protein_coding	KCND3
ENSG00000177575.13|5815|CD163|protein_coding	CD163
ENSG00000164951.16|5604|PDP1|protein_coding	PDP1
ENSG00000171606.18|8333|ZNF274|protein_coding	ZNF274
ENSG00000106560.11|2097|GIMAP2|protein_coding	GIMAP2
ENSG00000160013.9|3517|PTGIR|protein_coding	PTGIR
ENSG00000264343.6|2957|NOTCH2NLA|protein_coding	NOTCH2NLA
ENSG00000188070.9|5948|C11orf95|protein_coding	C11orf95
ENSG00000090975.14|9499|PITPNM2|protein_coding	PITPNM2
ENSG00000151806.14|4463|GUF1|protein_coding	GUF1
ENSG00000270188.1|1552|MTRNR2L11|protein_coding	MTRNR2L11
ENSG00000116251.11|4665|RPL22|protein_coding	RPL22
ENSG00000158019.21|3392|BABAM2|protein_coding	BABAM2
ENSG00000119242.9|8219|CCDC92|protein_coding	CCDC92
ENSG00000132286.12|2989|TIMM10B|protein_coding	TIMM10B
ENSG00000149212.12|10578|SESN3|protein_coding	SESN3
ENSG00000213995.12|2973|NAXD|protein_coding	NAXD
ENSG00000182568.17|13419|SATB1|protein_coding	SATB1
ENSG00000184792.16|6632|OSBP2|protein_coding	OSBP2
ENSG00000176105.14|5100|YES1|protein_coding	YES1
ENSG00000225528.3|1322|RP3-370M22.8|protein_coding	RP3-370M22.8
ENSG00000181481.14|2246|RNF135|protein_coding	RNF135
ENSG00000081320.11|6566|STK17B|protein_coding	STK17B
ENSG00000175334.8|1496|BANF1|protein_coding	BANF1
ENSG00000008988.11|6765|RPS20|protein_coding	RPS20
ENSG00000163638.13|10680|ADAMTS9|protein_coding	ADAMTS9
ENSG00000113384.14|2742|GOLPH3|protein_coding	GOLPH3
ENSG00000124160.12|3224|NCOA5|protein_coding	NCOA5
ENSG00000129925.11|4428|PGAP6|protein_coding	PGAP6
ENSG00000121410.12|3999|A1BG|protein_coding	A1BG
ENSG00000075303.13|5084|SLC25A40|protein_coding	SLC25A40
ENSG00000171467.16|9728|ZNF318|protein_coding	ZNF318
ENSG00000131435.13|3167|PDLIM4|protein_coding	PDLIM4
ENSG00000165806.21|3612|CASP7|protein_coding	CASP7
ENSG00000115750.17|3975|TAF1B|protein_coding	TAF1B
ENSG00000136603.14|7782|SKIL|protein_coding	SKIL
ENSG00000165916.9|2276|PSMC3|protein_coding	PSMC3
ENSG00000129968.17|6163|ABHD17A|protein_coding	ABHD17A
ENSG00000102317.18|5827|RBM3|protein_coding	RBM3
ENSG00000285171.1|2371|RP5-1091N2.12|protein_coding	RP5-1091N2.12
ENSG00000100243.21|5797|CYB5R3|protein_coding	CYB5R3
ENSG00000205730.7|7698|ITPRIPL2|protein_coding	ITPRIPL2
ENSG00000107581.13|7101|EIF3A|protein_coding	EIF3A
ENSG00000172809.13|3829|RPL38|protein_coding	RPL38
ENSG00000188542.10|4951|DUSP28|protein_coding	DUSP28
ENSG00000198753.12|7007|PLXNB3|protein_coding	PLXNB3
ENSG00000151882.11|4524|CCL28|protein_coding	CCL28
ENSG00000167074.15|4702|TEF|protein_coding	TEF
ENSG00000136383.7|10261|ALPK3|protein_coding	ALPK3
ENSG00000038382.20|17860|TRIO|protein_coding	TRIO
ENSG00000159840.16|3267|ZYX|protein_coding	ZYX
ENSG00000198960.11|2489|ARMCX6|protein_coding	ARMCX6
ENSG00000175662.18|7863|TOM1L2|protein_coding	TOM1L2
ENSG00000066697.15|3289|MSANTD3|protein_coding	MSANTD3
ENSG00000176978.14|2823|DPP7|protein_coding	DPP7
ENSG00000196072.12|2911|BLOC1S2|protein_coding	BLOC1S2
ENSG00000096384.20|2980|HSP90AB1|protein_coding	HSP90AB1
ENSG00000120137.7|10348|PANK3|protein_coding	PANK3
ENSG00000164081.13|5688|TEX264|protein_coding	TEX264
ENSG00000099308.10|6772|MAST3|protein_coding	MAST3
ENSG00000173264.15|4042|GPR137|protein_coding	GPR137
ENSG00000060558.4|2753|GNA15|protein_coding	GNA15
ENSG00000047365.12|12427|ARAP2|protein_coding	ARAP2
ENSG00000181396.13|6404|OGFOD3|protein_coding	OGFOD3
ENSG00000186723.4|4454|OR10H1|protein_coding	OR10H1
ENSG00000132436.12|5034|FIGNL1|protein_coding	FIGNL1
ENSG00000157654.19|18341|PALM2AKAP2|protein_coding	PALM2AKAP2
ENSG00000170037.14|6236|CNTROB|protein_coding	CNTROB
ENSG00000182606.17|10799|TRAK1|protein_coding	TRAK1
ENSG00000170846.17|3599|AC093323.3|protein_coding	AC093323.3
ENSG00000104081.14|5447|BMF|protein_coding	BMF
ENSG00000137876.11|6600|RSL24D1|protein_coding	RSL24D1
ENSG00000133056.14|10169|PIK3C2B|protein_coding	PIK3C2B
ENSG00000156521.14|4621|TYSND1|protein_coding	TYSND1
ENSG00000086544.3|3376|ITPKC|protein_coding	ITPKC
ENSG00000132182.12|8195|NUP210|protein_coding	NUP210
ENSG00000138744.16|4416|NAAA|protein_coding	NAAA
ENSG00000163634.12|1749|THOC7|protein_coding	THOC7
ENSG00000001084.13|8618|GCLC|protein_coding	GCLC
ENSG00000153879.9|4056|CEBPG|protein_coding	CEBPG
ENSG00000127666.10|2684|TICAM1|protein_coding	TICAM1
ENSG00000107679.14|23986|PLEKHA1|protein_coding	PLEKHA1
ENSG00000132434.10|5341|LANCL2|protein_coding	LANCL2
ENSG00000235194.9|5550|PPP1R3E|protein_coding	PPP1R3E
ENSG00000182253.15|7774|SYNM|protein_coding	SYNM
ENSG00000182578.14|5151|CSF1R|protein_coding	CSF1R
ENSG00000136450.13|5781|SRSF1|protein_coding	SRSF1
ENSG00000256892.2|1535|MTRNR2L7|protein_coding	MTRNR2L7
ENSG00000116161.18|4611|CACYBP|protein_coding	CACYBP
ENSG00000100422.14|4930|CERK|protein_coding	CERK
ENSG00000136628.18|5323|EPRS1|protein_coding	EPRS1
ENSG00000186687.16|6219|LYRM7|protein_coding	LYRM7
ENSG00000023445.16|7518|BIRC3|protein_coding	BIRC3
ENSG00000135045.7|2351|C9orf40|protein_coding	C9orf40
ENSG00000176853.16|7263|FAM91A1|protein_coding	FAM91A1
ENSG00000111729.15|1296|CLEC4A|protein_coding	CLEC4A
ENSG00000177731.16|6308|FLII|protein_coding	FLII
ENSG00000197620.11|5126|EOLA1|protein_coding	EOLA1
ENSG00000254901.8|5372|BORCS8|protein_coding	BORCS8
ENSG00000155561.15|7621|NUP205|protein_coding	NUP205
ENSG00000115365.12|5254|LANCL1|protein_coding	LANCL1
ENSG00000197858.11|3268|GPAA1|protein_coding	GPAA1
ENSG00000244038.11|2721|DDOST|protein_coding	DDOST
ENSG00000146192.15|10166|FGD2|protein_coding	FGD2
ENSG00000107949.17|4496|BCCIP|protein_coding	BCCIP
ENSG00000112655.16|8985|PTK7|protein_coding	PTK7
ENSG00000266412.6|3988|NCOA4|protein_coding	NCOA4
ENSG00000134571.11|4271|MYBPC3|protein_coding	MYBPC3
ENSG00000114738.11|3915|MAPKAPK3|protein_coding	MAPKAPK3
ENSG00000182247.10|3241|UBE2E2|protein_coding	UBE2E2
ENSG00000135677.11|6268|GNS|protein_coding	GNS
ENSG00000163682.17|4938|RPL9|protein_coding	RPL9
ENSG00000196510.14|6009|ANAPC7|protein_coding	ANAPC7
ENSG00000111961.18|10896|SASH1|protein_coding	SASH1
ENSG00000244462.8|6702|RBM12|protein_coding	RBM12
ENSG00000119900.9|9176|OGFRL1|protein_coding	OGFRL1
ENSG00000249242.8|3497|TMEM150C|protein_coding	TMEM150C
ENSG00000182022.18|6543|CHST15|protein_coding	CHST15
ENSG00000108349.17|6368|CASC3|protein_coding	CASC3
ENSG00000109445.11|2536|ZNF330|protein_coding	ZNF330
ENSG00000108175.18|10804|ZMIZ1|protein_coding	ZMIZ1
ENSG00000166881.10|5730|NEMP1|protein_coding	NEMP1
ENSG00000163534.15|3950|FCRL1|protein_coding	FCRL1
ENSG00000168802.14|3382|CHTF8|protein_coding	CHTF8
ENSG00000124145.6|2613|SDC4|protein_coding	SDC4
ENSG00000141959.17|8926|PFKL|protein_coding	PFKL
ENSG00000196367.14|19972|TRRAP|protein_coding	TRRAP
ENSG00000105507.3|2097|CABP5|protein_coding	CABP5
ENSG00000179981.11|8566|TSHZ1|protein_coding	TSHZ1
ENSG00000167658.16|4021|EEF2|protein_coding	EEF2
ENSG00000165775.18|10094|FUNDC2|protein_coding	FUNDC2
ENSG00000144840.10|6427|RABL3|protein_coding	RABL3
ENSG00000128881.17|12921|TTBK2|protein_coding	TTBK2
ENSG00000179583.20|20763|CIITA|protein_coding	CIITA
ENSG00000240972.2|730|MIF|protein_coding	MIF
ENSG00000181789.14|4425|COPG1|protein_coding	COPG1
ENSG00000260914.3|1284|RP11-343C2.11|protein_coding	RP11-343C2.11
ENSG00000185052.13|3922|SLC24A3|protein_coding	SLC24A3
ENSG00000146535.14|6111|GNA12|protein_coding	GNA12
ENSG00000100316.16|4710|RPL3|protein_coding	RPL3
ENSG00000082805.20|13484|ERC1|protein_coding	ERC1
ENSG00000204634.13|6417|TBC1D8|protein_coding	TBC1D8
ENSG00000132122.12|5938|SPATA6|protein_coding	SPATA6
ENSG00000097021.20|3500|ACOT7|protein_coding	ACOT7
ENSG00000116560.11|7419|SFPQ|protein_coding	SFPQ
ENSG00000166979.13|4353|EVA1C|protein_coding	EVA1C
ENSG00000164038.16|8611|SLC9B2|protein_coding	SLC9B2
ENSG00000115616.3|6175|SLC9A2|protein_coding	SLC9A2
ENSG00000196730.13|8908|DAPK1|protein_coding	DAPK1
ENSG00000140968.11|4800|IRF8|protein_coding	IRF8
ENSG00000104419.17|12002|NDRG1|protein_coding	NDRG1
ENSG00000047849.22|14994|MAP4|protein_coding	MAP4
ENSG00000145425.10|2280|RPS3A|protein_coding	RPS3A
ENSG00000101017.14|2521|CD40|protein_coding	CD40
ENSG00000090674.16|3958|MCOLN1|protein_coding	MCOLN1
ENSG00000124593.16|4479|RP11-298J23.10|protein_coding	RP11-298J23.10
ENSG00000100311.17|3992|PDGFB|protein_coding	PDGFB
ENSG00000187446.12|3947|CHP1|protein_coding	CHP1
ENSG00000134871.19|19271|COL4A2|protein_coding	COL4A2
ENSG00000168028.14|3909|RPSA|protein_coding	RPSA
ENSG00000251357.4|788|AP000350.10|protein_coding	AP000350.10
ENSG00000132394.11|2394|EEFSEC|protein_coding	EEFSEC
ENSG00000157827.20|6574|FMNL2|protein_coding	FMNL2
ENSG00000180879.14|4564|SSR4|protein_coding	SSR4
ENSG00000147894.17|7015|C9orf72|protein_coding	C9orf72
ENSG00000089009.16|4442|RPL6|protein_coding	RPL6
ENSG00000153551.14|3724|CMTM7|protein_coding	CMTM7
ENSG00000164111.15|2925|ANXA5|protein_coding	ANXA5
ENSG00000172932.16|5890|ANKRD13D|protein_coding	ANKRD13D
ENSG00000137801.11|9158|THBS1|protein_coding	THBS1
ENSG00000198231.13|8521|DDX42|protein_coding	DDX42
ENSG00000166949.17|9981|SMAD3|protein_coding	SMAD3
ENSG00000103145.11|1428|HCFC1R1|protein_coding	HCFC1R1
ENSG00000197728.11|2053|RPS26|protein_coding	RPS26
ENSG00000175573.7|1704|C11orf68|protein_coding	C11orf68
ENSG00000187678.10|6555|SPRY4|protein_coding	SPRY4
ENSG00000214736.8|637|TOMM6|protein_coding	TOMM6
ENSG00000100129.18|4296|EIF3L|protein_coding	EIF3L
ENSG00000125910.6|1663|S1PR4|protein_coding	S1PR4
ENSG00000132965.10|1680|ALOX5AP|protein_coding	ALOX5AP
ENSG00000166451.14|5677|CENPN|protein_coding	CENPN
ENSG00000198894.8|5271|CIPC|protein_coding	CIPC
ENSG00000163605.15|5945|PPP4R2|protein_coding	PPP4R2
ENSG00000089280.19|6989|FUS|protein_coding	FUS
ENSG00000205784.4|1667|ARRDC5|protein_coding	ARRDC5
ENSG00000127603.31|42738|MACF1|protein_coding	MACF1
ENSG00000103249.18|7623|CLCN7|protein_coding	CLCN7
ENSG00000163687.14|2992|DNASE1L3|protein_coding	DNASE1L3
ENSG00000129116.19|10128|PALLD|protein_coding	PALLD
ENSG00000163218.15|2273|PGLYRP4|protein_coding	PGLYRP4
ENSG00000143067.5|5579|ZNF697|protein_coding	ZNF697
ENSG00000163412.13|10808|EIF4E3|protein_coding	EIF4E3
ENSG00000167565.13|1848|SERTAD3|protein_coding	SERTAD3
ENSG00000147202.18|9550|DIAPH2|protein_coding	DIAPH2
ENSG00000186577.14|1866|SMIM29|protein_coding	SMIM29
ENSG00000166033.13|2250|HTRA1|protein_coding	HTRA1
ENSG00000129472.15|3597|RAB2B|protein_coding	RAB2B
ENSG00000172037.14|6865|LAMB2|protein_coding	LAMB2
ENSG00000168003.18|6392|SLC3A2|protein_coding	SLC3A2
ENSG00000119314.16|8236|PTBP3|protein_coding	PTBP3
ENSG00000172986.13|3683|GXYLT2|protein_coding	GXYLT2
ENSG00000173334.4|4099|TRIB1|protein_coding	TRIB1
ENSG00000105997.23|4308|HOXA3|protein_coding	HOXA3
ENSG00000119929.13|1792|CUTC|protein_coding	CUTC
ENSG00000205336.14|9011|ADGRG1|protein_coding	ADGRG1
ENSG00000151846.9|3119|PABPC3|protein_coding	PABPC3
ENSG00000116729.14|4459|WLS|protein_coding	WLS
ENSG00000112110.10|1374|MRPL18|protein_coding	MRPL18
ENSG00000147533.17|2474|GOLGA7|protein_coding	GOLGA7
ENSG00000147684.10|16591|NDUFB9|protein_coding	NDUFB9
ENSG00000177963.15|6488|RIC8A|protein_coding	RIC8A
ENSG00000213341.11|6903|CHUK|protein_coding	CHUK
ENSG00000213626.13|4532|LBH|protein_coding	LBH
ENSG00000123562.18|2648|MORF4L2|protein_coding	MORF4L2
ENSG00000107036.12|8591|RIC1|protein_coding	RIC1
ENSG00000215301.11|15828|DDX3X|protein_coding	DDX3X
ENSG00000172115.9|5791|CYCS|protein_coding	CYCS
ENSG00000015676.18|9893|NUDCD3|protein_coding	NUDCD3
ENSG00000124541.7|2236|RRP36|protein_coding	RRP36
ENSG00000265808.4|9039|SEC22B|protein_coding	SEC22B
ENSG00000285629.1|663|RP1-120G22.12|protein_coding	RP1-120G22.12
ENSG00000055483.19|9235|USP36|protein_coding	USP36
ENSG00000165943.5|2529|MOAP1|protein_coding	MOAP1
ENSG00000108828.16|3466|VAT1|protein_coding	VAT1
ENSG00000118523.6|2338|CCN2|protein_coding	CCN2
ENSG00000149480.7|4261|MTA2|protein_coding	MTA2
ENSG00000175221.15|4222|MED16|protein_coding	MED16
ENSG00000120438.12|4883|TCP1|protein_coding	TCP1
ENSG00000163479.14|6643|SSR2|protein_coding	SSR2
ENSG00000143164.15|6306|DCAF6|protein_coding	DCAF6
ENSG00000272636.4|6462|DOC2B|protein_coding	DOC2B
ENSG00000075884.14|6127|ARHGAP15|protein_coding	ARHGAP15
ENSG00000215021.10|4226|PHB2|protein_coding	PHB2
ENSG00000132688.11|5568|NES|protein_coding	NES
ENSG00000162585.17|10916|FAAP20|protein_coding	FAAP20
ENSG00000198624.13|4941|CCDC69|protein_coding	CCDC69
ENSG00000167552.15|3823|TUBA1A|protein_coding	TUBA1A
ENSG00000173230.15|11865|GOLGB1|protein_coding	GOLGB1
ENSG00000187796.15|6699|CARD9|protein_coding	CARD9
ENSG00000110092.4|4761|CCND1|protein_coding	CCND1
ENSG00000168884.15|2652|TNIP2|protein_coding	TNIP2
ENSG00000185386.15|2688|MAPK11|protein_coding	MAPK11
ENSG00000196735.13|6883|HLA-DQA1|protein_coding	HLA-DQA1
ENSG00000170348.9|4956|TMED10|protein_coding	TMED10
ENSG00000100938.18|3619|GMPR2|protein_coding	GMPR2
ENSG00000112679.15|5686|DUSP22|protein_coding	DUSP22
ENSG00000180667.11|6652|YOD1|protein_coding	YOD1
ENSG00000161940.11|4345|BCL6B|protein_coding	BCL6B
ENSG00000185000.12|4131|DGAT1|protein_coding	DGAT1
ENSG00000134644.16|6621|PUM1|protein_coding	PUM1
ENSG00000073969.18|5005|NSF|protein_coding	NSF
ENSG00000079819.19|10320|EPB41L2|protein_coding	EPB41L2
ENSG00000149823.9|4880|VPS51|protein_coding	VPS51
ENSG00000127951.8|6480|FGL2|protein_coding	FGL2
ENSG00000173276.14|8062|ZBTB21|protein_coding	ZBTB21
ENSG00000171425.10|1635|ZNF581|protein_coding	ZNF581
ENSG00000090372.15|7637|STRN4|protein_coding	STRN4
ENSG00000117399.14|2012|CDC20|protein_coding	CDC20
ENSG00000204351.12|5524|SKIV2L|protein_coding	SKIV2L
ENSG00000173366.11|3804|RP11-330H6.5|protein_coding	RP11-330H6.5
ENSG00000138085.17|2019|ATRAID|protein_coding	ATRAID
ENSG00000132196.16|4784|HSD17B7|protein_coding	HSD17B7
ENSG00000198105.16|7291|ZNF248|protein_coding	ZNF248
ENSG00000178732.5|3534|GP5|protein_coding	GP5
ENSG00000138835.22|13793|RGS3|protein_coding	RGS3
ENSG00000178719.17|2529|GRINA|protein_coding	GRINA
ENSG00000117519.16|2783|CNN3|protein_coding	CNN3
ENSG00000240849.11|7931|PEDS1|protein_coding	PEDS1
ENSG00000117222.14|4404|RBBP5|protein_coding	RBBP5
ENSG00000078401.7|2035|EDN1|protein_coding	EDN1
ENSG00000129911.9|2966|KLF16|protein_coding	KLF16
ENSG00000139990.18|8295|DCAF5|protein_coding	DCAF5
ENSG00000101132.10|1743|PFDN4|protein_coding	PFDN4
ENSG00000118418.14|1014|HMGN3|protein_coding	HMGN3
ENSG00000114654.8|3273|EFCC1|protein_coding	EFCC1
ENSG00000103184.12|6463|SEC14L5|protein_coding	SEC14L5
ENSG00000085831.16|9491|TTC39A|protein_coding	TTC39A
ENSG00000145335.17|6202|SNCA|protein_coding	SNCA
ENSG00000231767.4|522|RPS27AP5|protein_coding	RPS27AP5
ENSG00000047932.14|4628|GOPC|protein_coding	GOPC
ENSG00000151500.15|2119|THYN1|protein_coding	THYN1
ENSG00000120889.13|5010|TNFRSF10B|protein_coding	TNFRSF10B
ENSG00000109805.10|4847|NCAPG|protein_coding	NCAPG
ENSG00000130734.10|2278|ATG4D|protein_coding	ATG4D
ENSG00000119865.9|3548|CNRIP1|protein_coding	CNRIP1
ENSG00000133657.16|13254|ATP13A3|protein_coding	ATP13A3
ENSG00000188677.15|7368|PARVB|protein_coding	PARVB
ENSG00000205544.4|667|TMEM256|protein_coding	TMEM256
ENSG00000118263.15|9262|KLF7|protein_coding	KLF7
ENSG00000167232.14|10308|ZNF91|protein_coding	ZNF91
ENSG00000138964.17|8621|PARVG|protein_coding	PARVG
ENSG00000100362.13|1050|PVALB|protein_coding	PVALB
ENSG00000114030.13|8498|KPNA1|protein_coding	KPNA1
ENSG00000141429.14|5126|GALNT1|protein_coding	GALNT1
ENSG00000125651.14|2876|GTF2F1|protein_coding	GTF2F1
ENSG00000116016.14|7291|EPAS1|protein_coding	EPAS1
ENSG00000065526.12|14336|SPEN|protein_coding	SPEN
ENSG00000178035.13|5123|IMPDH2|protein_coding	IMPDH2
ENSG00000009780.16|4046|FAM76A|protein_coding	FAM76A
ENSG00000157869.16|2221|RAB28|protein_coding	RAB28
ENSG00000214717.12_PAR_Y|4764|ZBED1|protein_coding	ZBED1
ENSG00000082641.16|5883|NFE2L1|protein_coding	NFE2L1
ENSG00000165841.11|6263|CYP2C19|protein_coding	CYP2C19
ENSG00000025156.13|2697|HSF2|protein_coding	HSF2
ENSG00000135486.19|6697|HNRNPA1|protein_coding	HNRNPA1
ENSG00000106266.11|5750|SNX8|protein_coding	SNX8
ENSG00000171988.19|11162|JMJD1C|protein_coding	JMJD1C
ENSG00000215717.7|3613|TMEM167B|protein_coding	TMEM167B
ENSG00000241839.10|3721|PLEKHO2|protein_coding	PLEKHO2
ENSG00000162511.8|3228|LAPTM5|protein_coding	LAPTM5
ENSG00000239920.2|5265|CTD-2643I7.5|protein_coding	CTD-2643I7.5
ENSG00000197872.11|5448|CYRIA|protein_coding	CYRIA
ENSG00000136699.20|9171|SMPD4|protein_coding	SMPD4
ENSG00000034053.15|6869|APBA2|protein_coding	APBA2
ENSG00000228300.14|2096|FAM174C|protein_coding	FAM174C
ENSG00000169100.14_PAR_Y|1553|SLC25A6|protein_coding	SLC25A6
ENSG00000117543.21|2970|DPH5|protein_coding	DPH5
ENSG00000136261.15|3662|BZW2|protein_coding	BZW2
ENSG00000255587.9|4259|RAB44|protein_coding	RAB44
ENSG00000145685.14|7977|LHFPL2|protein_coding	LHFPL2
ENSG00000120616.16|11286|EPC1|protein_coding	EPC1
ENSG00000115317.12|2617|HTRA2|protein_coding	HTRA2
ENSG00000126653.18|4806|NSRP1|protein_coding	NSRP1
ENSG00000174231.17|11340|PRPF8|protein_coding	PRPF8
ENSG00000110344.10|6561|UBE4A|protein_coding	UBE4A
ENSG00000113595.15|4654|TRIM23|protein_coding	TRIM23
ENSG00000142186.17|4282|SCYL1|protein_coding	SCYL1
ENSG00000164136.17|7876|IL15|protein_coding	IL15
ENSG00000026508.20|9992|CD44|protein_coding	CD44
ENSG00000140105.18|6356|WARS1|protein_coding	WARS1
ENSG00000168036.18|11759|CTNNB1|protein_coding	CTNNB1
ENSG00000145029.14|3542|NICN1|protein_coding	NICN1
ENSG00000066136.20|5990|NFYC|protein_coding	NFYC
ENSG00000105732.13|4669|ZNF574|protein_coding	ZNF574
ENSG00000029363.17|9533|BCLAF1|protein_coding	BCLAF1
ENSG00000129757.15|2480|CDKN1C|protein_coding	CDKN1C
ENSG00000104312.8|3059|RIPK2|protein_coding	RIPK2
ENSG00000214253.9|1791|FIS1|protein_coding	FIS1
ENSG00000114942.14|1915|EEF1B2|protein_coding	EEF1B2
ENSG00000106069.23|8438|CHN2|protein_coding	CHN2
ENSG00000147403.18|4602|RPL10|protein_coding	RPL10
ENSG00000158526.8|4076|TSR2|protein_coding	TSR2
ENSG00000285779.1|2253|RP11-422P24.15|protein_coding	RP11-422P24.15
ENSG00000166398.14|7424|GARRE1|protein_coding	GARRE1
ENSG00000148734.8|9249|NPFFR1|protein_coding	NPFFR1
ENSG00000131018.25|47523|SYNE1|protein_coding	SYNE1
ENSG00000063177.13|3857|RPL18|protein_coding	RPL18
ENSG00000183023.18|21922|SLC8A1|protein_coding	SLC8A1
ENSG00000111676.15|5116|ATN1|protein_coding	ATN1
ENSG00000087269.16|3559|NOP14|protein_coding	NOP14
ENSG00000169738.8|1879|DCXR|protein_coding	DCXR
ENSG00000168994.14|2161|PXDC1|protein_coding	PXDC1
ENSG00000182446.14|9540|NPLOC4|protein_coding	NPLOC4
ENSG00000154380.17|15044|ENAH|protein_coding	ENAH
ENSG00000155307.19|5185|SAMSN1|protein_coding	SAMSN1
ENSG00000270394.4|1445|MTRNR2L13|protein_coding	MTRNR2L13
ENSG00000257093.7|7369|DENND11|protein_coding	DENND11
ENSG00000213533.13|5705|STIMATE|protein_coding	STIMATE
ENSG00000132612.16|5676|VPS4A|protein_coding	VPS4A
ENSG00000141232.5|2521|TOB1|protein_coding	TOB1
ENSG00000012223.13|3989|LTF|protein_coding	LTF
ENSG00000158850.15|3890|B4GALT3|protein_coding	B4GALT3
ENSG00000171443.7|1441|ZNF524|protein_coding	ZNF524
ENSG00000177034.17|7931|MTX3|protein_coding	MTX3
ENSG00000138166.6|2535|DUSP5|protein_coding	DUSP5
ENSG00000188419.14|8644|CHM|protein_coding	CHM
ENSG00000085063.17|10557|CD59|protein_coding	CD59
ENSG00000205269.6|8891|TMEM170B|protein_coding	TMEM170B
ENSG00000167680.17|4710|SEMA6B|protein_coding	SEMA6B
ENSG00000067836.13|3613|ROGDI|protein_coding	ROGDI
ENSG00000198435.4|2641|NRARP|protein_coding	NRARP
ENSG00000185721.13|2198|DRG1|protein_coding	DRG1
ENSG00000188167.9|4311|TMPPE|protein_coding	TMPPE
ENSG00000162817.7|2891|C1orf115|protein_coding	C1orf115
ENSG00000130822.16|5077|PNCK|protein_coding	PNCK
ENSG00000117091.10|3254|CD48|protein_coding	CD48
ENSG00000178568.15|13015|ERBB4|protein_coding	ERBB4
ENSG00000135945.10|7769|REV1|protein_coding	REV1
ENSG00000170989.10|5223|S1PR1|protein_coding	S1PR1
ENSG00000250067.12|2959|YJEFN3|protein_coding	YJEFN3
ENSG00000082068.9|6966|WDR70|protein_coding	WDR70
ENSG00000134077.16|5236|THUMPD3|protein_coding	THUMPD3
ENSG00000134107.5|3516|BHLHE40|protein_coding	BHLHE40
ENSG00000179832.18|10889|MROH1|protein_coding	MROH1
ENSG00000143178.13|3810|TBX19|protein_coding	TBX19
ENSG00000090924.15|9116|PLEKHG2|protein_coding	PLEKHG2
ENSG00000184047.20|6960|DIABLO|protein_coding	DIABLO
ENSG00000203877.8|4172|RIPPLY2|protein_coding	RIPPLY2
ENSG00000067992.16|13506|PDK3|protein_coding	PDK3
ENSG00000071073.13|9636|MGAT4A|protein_coding	MGAT4A
ENSG00000196834.13|6847|POTEI|protein_coding	POTEI
ENSG00000181163.14|8311|NPM1|protein_coding	NPM1
ENSG00000143393.17|5456|PI4KB|protein_coding	PI4KB
ENSG00000128815.19|13678|WDFY4|protein_coding	WDFY4
ENSG00000142627.13|4141|EPHA2|protein_coding	EPHA2
ENSG00000116990.11|5063|MYCL|protein_coding	MYCL
ENSG00000232196.4|1690|MTRNR2L4|protein_coding	MTRNR2L4
ENSG00000124762.14|2996|CDKN1A|protein_coding	CDKN1A
ENSG00000099958.15|3796|DERL3|protein_coding	DERL3
ENSG00000134186.12|6955|PRPF38B|protein_coding	PRPF38B
ENSG00000110665.12|4074|C11orf21|protein_coding	C11orf21
ENSG00000167100.15|7294|SAMD14|protein_coding	SAMD14
ENSG00000074590.14|5924|NUAK1|protein_coding	NUAK1
ENSG00000196428.12|11676|TSC22D2|protein_coding	TSC22D2
ENSG00000076067.13|8914|RBMS2|protein_coding	RBMS2
ENSG00000103365.15|8231|GGA2|protein_coding	GGA2
ENSG00000159692.16|8364|CTBP1|protein_coding	CTBP1
ENSG00000288053.1|1432|RP11-641J8.4|protein_coding	RP11-641J8.4
ENSG00000143632.15|2381|ACTA1|protein_coding	ACTA1
ENSG00000132254.13|5312|ARFIP2|protein_coding	ARFIP2
ENSG00000136932.14|4149|TRMO|protein_coding	TRMO
ENSG00000068354.16|3966|TBC1D25|protein_coding	TBC1D25
ENSG00000275895.7|11119|U2AF1L5|protein_coding	U2AF1L5
ENSG00000160856.21|6450|FCRL3|protein_coding	FCRL3
ENSG00000164691.18|4089|TAGAP|protein_coding	TAGAP
ENSG00000150045.12|1260|KLRF1|protein_coding	KLRF1
ENSG00000069966.19|13330|GNB5|protein_coding	GNB5
ENSG00000154945.7|4831|ANKRD40|protein_coding	ANKRD40
ENSG00000126458.4|1102|RRAS|protein_coding	RRAS
ENSG00000171570.11|3088|RAB4B-EGLN2|protein_coding	RAB4B-EGLN2
ENSG00000164970.15|3782|FAM219A|protein_coding	FAM219A
ENSG00000134070.5|3431|IRAK2|protein_coding	IRAK2
ENSG00000140577.16|10816|CRTC3|protein_coding	CRTC3
ENSG00000188130.14|9315|MAPK12|protein_coding	MAPK12
ENSG00000123094.15|7619|RASSF8|protein_coding	RASSF8
ENSG00000134884.15|5783|ARGLU1|protein_coding	ARGLU1
ENSG00000198856.13|1616|OSTC|protein_coding	OSTC
ENSG00000146592.17|11681|CREB5|protein_coding	CREB5
ENSG00000138670.18|10183|RASGEF1B|protein_coding	RASGEF1B
ENSG00000166479.10|7447|TMX3|protein_coding	TMX3
ENSG00000173674.11|4414|EIF1AX|protein_coding	EIF1AX
ENSG00000143570.19|3388|SLC39A1|protein_coding	SLC39A1
ENSG00000242616.4|1201|GNG10|protein_coding	GNG10
ENSG00000133030.22|18404|MPRIP|protein_coding	MPRIP
ENSG00000069535.14|2895|MAOB|protein_coding	MAOB
ENSG00000178988.11|2165|MRFAP1L1|protein_coding	MRFAP1L1
ENSG00000136205.17|11764|TNS3|protein_coding	TNS3
ENSG00000255112.3|3032|CHMP1B|protein_coding	CHMP1B
ENSG00000171174.15|3153|RBKS|protein_coding	RBKS
ENSG00000106299.8|4363|WASL|protein_coding	WASL
ENSG00000143222.12|2100|UFC1|protein_coding	UFC1
ENSG00000089248.7|3049|ERP29|protein_coding	ERP29
ENSG00000126012.12|8727|KDM5C|protein_coding	KDM5C
ENSG00000182484.15|4618|WASH6P|protein_coding	WASH6P
ENSG00000090382.7|1724|LYZ|protein_coding	LYZ
ENSG00000135002.12|3868|RFK|protein_coding	RFK
ENSG00000213593.10|2253|TMX2|protein_coding	TMX2
ENSG00000140379.9|995|BCL2A1|protein_coding	BCL2A1
ENSG00000204574.14|4496|ABCF1|protein_coding	ABCF1
ENSG00000147162.14|9786|OGT|protein_coding	OGT
ENSG00000123358.20|7295|NR4A1|protein_coding	NR4A1
ENSG00000143545.10|2751|RAB13|protein_coding	RAB13
ENSG00000177464.5|3149|GPR4|protein_coding	GPR4
ENSG00000131187.10|2756|F12|protein_coding	F12
ENSG00000123728.10|4118|RAP2C|protein_coding	RAP2C
ENSG00000242259.9|6504|C22orf39|protein_coding	C22orf39
ENSG00000196419.13|3244|XRCC6|protein_coding	XRCC6
ENSG00000057757.10|2173|PITHD1|protein_coding	PITHD1
ENSG00000168488.19|6544|ATXN2L|protein_coding	ATXN2L
ENSG00000141543.12|5780|EIF4A3|protein_coding	EIF4A3
ENSG00000178996.14|6654|SNX18|protein_coding	SNX18
ENSG00000168334.9|6467|XIRP1|protein_coding	XIRP1
ENSG00000161835.11|2823|TAMALIN|protein_coding	TAMALIN
ENSG00000198642.7|5740|KLHL9|protein_coding	KLHL9
ENSG00000123136.15|3861|DDX39A|protein_coding	DDX39A
ENSG00000133789.15|7192|SWAP70|protein_coding	SWAP70
ENSG00000164741.15|12794|DLC1|protein_coding	DLC1
ENSG00000175137.11|5724|SH3BP5L|protein_coding	SH3BP5L
ENSG00000204287.14|1244|HLA-DRA|protein_coding	HLA-DRA
ENSG00000177721.5|2234|ANXA2R|protein_coding	ANXA2R
ENSG00000244115.1|1448|DNAJC25-GNG10|protein_coding	DNAJC25-GNG10
ENSG00000213965.4|3103|NUDT19|protein_coding	NUDT19
ENSG00000169896.18|5688|ITGAM|protein_coding	ITGAM
ENSG00000197780.10|1401|TAF13|protein_coding	TAF13
ENSG00000151092.18|8616|NGLY1|protein_coding	NGLY1
ENSG00000285645.1|1810|RP11-112J3.21|protein_coding	RP11-112J3.21
ENSG00000089012.14|2242|SIRPG|protein_coding	SIRPG
ENSG00000167363.14|3831|FN3K|protein_coding	FN3K
ENSG00000140983.14|5155|RHOT2|protein_coding	RHOT2
ENSG00000256861.1|2748|RP11-512M8.13|protein_coding	RP11-512M8.13
ENSG00000136295.15|6094|TTYH3|protein_coding	TTYH3
ENSG00000188290.11|1118|HES4|protein_coding	HES4
ENSG00000118515.12|9990|SGK1|protein_coding	SGK1
ENSG00000112787.14|9393|FBRSL1|protein_coding	FBRSL1
ENSG00000156508.19|10063|EEF1A1|protein_coding	EEF1A1
ENSG00000198382.9|7346|UVRAG|protein_coding	UVRAG
ENSG00000115457.10|4742|IGFBP2|protein_coding	IGFBP2
ENSG00000164284.15|4419|GRPEL2|protein_coding	GRPEL2
ENSG00000254870.5|2372|ATP6V1G2-DDX39B|protein_coding	ATP6V1G2-DDX39B
ENSG00000198034.11|2930|RPS4X|protein_coding	RPS4X
ENSG00000116191.18|9178|RALGPS2|protein_coding	RALGPS2
ENSG00000198911.12|7556|SREBF2|protein_coding	SREBF2
ENSG00000116574.6|3965|RHOU|protein_coding	RHOU
ENSG00000138623.10|3800|SEMA7A|protein_coding	SEMA7A
ENSG00000003249.15|4462|DBNDD1|protein_coding	DBNDD1
ENSG00000173039.19|5459|RELA|protein_coding	RELA
ENSG00000284934.2|2351|RP11-512M8.12|protein_coding	RP11-512M8.12
ENSG00000013619.15|6664|MAMLD1|protein_coding	MAMLD1
ENSG00000174738.13|5793|NR1D2|protein_coding	NR1D2
ENSG00000068323.17|4207|TFE3|protein_coding	TFE3
ENSG00000160282.15|3425|FTCD|protein_coding	FTCD
ENSG00000123338.13|10560|NCKAP1L|protein_coding	NCKAP1L
ENSG00000107960.11|6569|STN1|protein_coding	STN1
ENSG00000100109.17|5436|TFIP11|protein_coding	TFIP11
ENSG00000197498.13|3922|RPF2|protein_coding	RPF2
ENSG00000275993.3|4848|SIK1B|protein_coding	SIK1B
ENSG00000157873.18|6214|TNFRSF14|protein_coding	TNFRSF14
ENSG00000105202.9|2138|FBL|protein_coding	FBL
ENSG00000161011.20|7535|SQSTM1|protein_coding	SQSTM1
ENSG00000150907.10|5957|FOXO1|protein_coding	FOXO1
ENSG00000233927.5|2119|RPS28|protein_coding	RPS28
ENSG00000116903.7|5100|EXOC8|protein_coding	EXOC8
ENSG00000159388.6|2757|BTG2|protein_coding	BTG2
ENSG00000176014.13|3941|TUBB6|protein_coding	TUBB6
ENSG00000147669.11|1673|POLR2K|protein_coding	POLR2K
ENSG00000084731.15|6401|KIF3C|protein_coding	KIF3C
ENSG00000196998.19|4691|WDR45|protein_coding	WDR45
ENSG00000182199.11|4592|SHMT2|protein_coding	SHMT2
ENSG00000120686.12|4382|UFM1|protein_coding	UFM1
ENSG00000160888.7|3079|IER2|protein_coding	IER2
ENSG00000162734.13|2763|PEA15|protein_coding	PEA15
ENSG00000153443.13|3591|UBALD1|protein_coding	UBALD1
ENSG00000104164.12|6773|BLOC1S6|protein_coding	BLOC1S6
ENSG00000155093.19|4868|PTPRN2|protein_coding	PTPRN2
ENSG00000197535.15|12971|MYO5A|protein_coding	MYO5A
ENSG00000146457.16|6413|WTAP|protein_coding	WTAP
ENSG00000114480.13|4651|GBE1|protein_coding	GBE1
ENSG00000171703.17|4788|TCEA2|protein_coding	TCEA2
ENSG00000132002.9|8188|DNAJB1|protein_coding	DNAJB1
ENSG00000165494.11|9951|PCF11|protein_coding	PCF11
ENSG00000168394.12|4643|TAP1|protein_coding	TAP1
ENSG00000172331.12|2539|BPGM|protein_coding	BPGM
ENSG00000128059.8|5439|PPAT|protein_coding	PPAT
ENSG00000124383.9|4355|MPHOSPH10|protein_coding	MPHOSPH10
ENSG00000285625.1|588|RP11-112B10.2|protein_coding	RP11-112B10.2
ENSG00000134905.17|10436|CARS2|protein_coding	CARS2
ENSG00000184911.15|2033|DMRTC1B|protein_coding	DMRTC1B
ENSG00000164933.12|3654|SLC25A32|protein_coding	SLC25A32
ENSG00000109436.8|5851|TBC1D9|protein_coding	TBC1D9
ENSG00000109079.10|3889|TNFAIP1|protein_coding	TNFAIP1
ENSG00000130768.15|2663|SMPDL3B|protein_coding	SMPDL3B
ENSG00000212864.3|1150|RNF208|protein_coding	RNF208
ENSG00000164151.12|8681|ICE1|protein_coding	ICE1
ENSG00000175899.15|6318|A2M|protein_coding	A2M
ENSG00000167987.11|3957|VPS37C|protein_coding	VPS37C
ENSG00000105538.10|4040|RASIP1|protein_coding	RASIP1
ENSG00000146247.14|14718|PHIP|protein_coding	PHIP
ENSG00000100721.11|2256|TCL1A|protein_coding	TCL1A
ENSG00000110906.13|9681|KCTD10|protein_coding	KCTD10
ENSG00000066135.13|5184|KDM4A|protein_coding	KDM4A
ENSG00000105369.10|1344|CD79A|protein_coding	CD79A
ENSG00000198563.14|7007|DDX39B|protein_coding	DDX39B
ENSG00000284969.1|953|RP4-541C22.8|protein_coding	RP4-541C22.8
ENSG00000167693.17|5889|NXN|protein_coding	NXN
ENSG00000015413.9|2737|DPEP1|protein_coding	DPEP1
ENSG00000266086.3|2270|RP11-159D12.5|protein_coding	RP11-159D12.5
ENSG00000187498.16|14662|COL4A1|protein_coding	COL4A1
ENSG00000113263.13|8587|ITK|protein_coding	ITK
ENSG00000158062.20|4704|UBXN11|protein_coding	UBXN11
ENSG00000066735.15|6892|KIF26A|protein_coding	KIF26A
ENSG00000148840.11|6097|PPRC1|protein_coding	PPRC1
ENSG00000105499.14|6613|PLA2G4C|protein_coding	PLA2G4C
ENSG00000114125.14|3102|RNF7|protein_coding	RNF7
ENSG00000128283.7|2540|CDC42EP1|protein_coding	CDC42EP1
ENSG00000141580.16|3542|WDR45B|protein_coding	WDR45B
ENSG00000050820.17|9199|BCAR1|protein_coding	BCAR1
ENSG00000203950.7|1265|RTL8A|protein_coding	RTL8A
ENSG00000198336.9|1636|MYL4|protein_coding	MYL4
ENSG00000105438.9|2244|KDELR1|protein_coding	KDELR1
ENSG00000131016.17|8775|AKAP12|protein_coding	AKAP12
ENSG00000124942.14|19466|AHNAK|protein_coding	AHNAK
ENSG00000101444.13|3894|AHCY|protein_coding	AHCY
ENSG00000110721.12|3877|CHKA|protein_coding	CHKA
ENSG00000079134.12|8102|THOC1|protein_coding	THOC1
ENSG00000063046.18|6028|EIF4B|protein_coding	EIF4B
ENSG00000175792.12|6998|RUVBL1|protein_coding	RUVBL1
ENSG00000081237.20|9168|PTPRC|protein_coding	PTPRC
ENSG00000148339.13|5926|SLC25A25|protein_coding	SLC25A25
ENSG00000144283.22|9537|PKP4|protein_coding	PKP4
ENSG00000117751.18|2815|PPP1R8|protein_coding	PPP1R8
ENSG00000142961.15|5909|MOB3C|protein_coding	MOB3C
ENSG00000285292.1|2185|ABCF2-H2BE1|protein_coding	ABCF2-H2BE1
ENSG00000112511.18|3596|PHF1|protein_coding	PHF1
ENSG00000137133.11|2395|HINT2|protein_coding	HINT2
ENSG00000162924.15|13172|REL|protein_coding	REL
ENSG00000182700.5|3456|IGIP|protein_coding	IGIP
ENSG00000178425.14|7307|NT5DC1|protein_coding	NT5DC1
ENSG00000174007.9|2158|CEP19|protein_coding	CEP19
ENSG00000154114.13|7021|TBCEL|protein_coding	TBCEL
ENSG00000181222.19|8355|POLR2A|protein_coding	POLR2A
ENSG00000071626.17|9201|DAZAP1|protein_coding	DAZAP1
ENSG00000285509.1|2888|TBCEL-TECTA|protein_coding	TBCEL-TECTA
ENSG00000026751.17|4833|SLAMF7|protein_coding	SLAMF7
ENSG00000135269.18|4267|TES|protein_coding	TES
ENSG00000197321.15|12536|SVIL|protein_coding	SVIL
ENSG00000131370.16|4616|SH3BP5|protein_coding	SH3BP5
ENSG00000143995.20|10942|MEIS1|protein_coding	MEIS1
ENSG00000134198.10|3413|TSPAN2|protein_coding	TSPAN2
ENSG00000177707.11|7717|NECTIN3|protein_coding	NECTIN3
ENSG00000134001.15|5320|EIF2S1|protein_coding	EIF2S1
ENSG00000112282.18|7426|MED23|protein_coding	MED23
ENSG00000136193.17|6048|SCRN1|protein_coding	SCRN1
ENSG00000120278.16|10294|PLEKHG1|protein_coding	PLEKHG1
ENSG00000100650.16|5357|SRSF5|protein_coding	SRSF5
ENSG00000134030.14|8115|CTIF|protein_coding	CTIF
ENSG00000197629.6|4418|MPEG1|protein_coding	MPEG1
ENSG00000078804.13|4179|TP53INP2|protein_coding	TP53INP2
ENSG00000197694.18|16305|SPTAN1|protein_coding	SPTAN1
ENSG00000159128.15|2443|IFNGR2|protein_coding	IFNGR2
ENSG00000172053.18|4703|QARS1|protein_coding	QARS1
ENSG00000174749.6|8844|FAM241A|protein_coding	FAM241A
ENSG00000020577.14|12333|SAMD4A|protein_coding	SAMD4A
ENSG00000285982.1|2879|RP11-1C8.8|protein_coding	RP11-1C8.8
ENSG00000213934.9|1467|HBG1|protein_coding	HBG1
ENSG00000143878.10|2367|RHOB|protein_coding	RHOB
ENSG00000131196.18|9068|NFATC1|protein_coding	NFATC1
ENSG00000288656.1|3895|RP11-666O2.7|protein_coding	RP11-666O2.7
ENSG00000108509.21|6022|CAMTA2|protein_coding	CAMTA2
ENSG00000065150.21|9664|IPO5|protein_coding	IPO5
ENSG00000162618.15|5798|ADGRL4|protein_coding	ADGRL4
ENSG00000198839.10|4745|ZNF277|protein_coding	ZNF277
ENSG00000148335.15|3033|NTMT1|protein_coding	NTMT1
ENSG00000167578.18|3935|RAB4B|protein_coding	RAB4B
ENSG00000167657.14|3549|DAPK3|protein_coding	DAPK3
ENSG00000111859.17|10359|NEDD9|protein_coding	NEDD9
ENSG00000184489.13|3692|PTP4A3|protein_coding	PTP4A3
ENSG00000144655.15|3230|CSRNP1|protein_coding	CSRNP1
ENSG00000120129.6|2013|DUSP1|protein_coding	DUSP1
ENSG00000064886.14|3295|CHI3L2|protein_coding	CHI3L2
ENSG00000070404.10|3033|FSTL3|protein_coding	FSTL3
ENSG00000131711.15|12540|MAP1B|protein_coding	MAP1B
ENSG00000160685.13|4303|ZBTB7B|protein_coding	ZBTB7B
ENSG00000092098.17|5056|RNF31|protein_coding	RNF31
ENSG00000144824.21|12309|PHLDB2|protein_coding	PHLDB2
ENSG00000153179.13|4241|RASSF3|protein_coding	RASSF3
ENSG00000110315.7|7825|RNF141|protein_coding	RNF141
ENSG00000197063.11|5241|MAFG|protein_coding	MAFG
ENSG00000156030.13|13484|MIDEAS|protein_coding	MIDEAS
ENSG00000105205.7|631|CLC|protein_coding	CLC
ENSG00000155962.13|2840|CLIC2|protein_coding	CLIC2
ENSG00000092969.12|6050|TGFB2|protein_coding	TGFB2
ENSG00000067596.12|10439|DHX8|protein_coding	DHX8
ENSG00000160683.5|4293|CXCR5|protein_coding	CXCR5
ENSG00000115306.16|18473|SPTBN1|protein_coding	SPTBN1
ENSG00000231389.7|5748|HLA-DPA1|protein_coding	HLA-DPA1
ENSG00000196704.14|5164|AMZ2|protein_coding	AMZ2
ENSG00000163820.15|8895|FYCO1|protein_coding	FYCO1
ENSG00000111266.9|7132|DUSP16|protein_coding	DUSP16
ENSG00000182307.14|4353|C8orf33|protein_coding	C8orf33
ENSG00000138439.12|6205|FAM117B|protein_coding	FAM117B
ENSG00000122644.13|3585|ARL4A|protein_coding	ARL4A
ENSG00000105401.9|3042|CDC37|protein_coding	CDC37
ENSG00000117318.9|1496|ID3|protein_coding	ID3
ENSG00000125652.8|1093|ALKBH7|protein_coding	ALKBH7
ENSG00000163453.11|1930|IGFBP7|protein_coding	IGFBP7
ENSG00000204525.17|2507|HLA-C|protein_coding	HLA-C
ENSG00000187634.13|4172|SAMD11|protein_coding	SAMD11
ENSG00000181631.7|2765|P2RY13|protein_coding	P2RY13
ENSG00000150457.9|5613|LATS2|protein_coding	LATS2
ENSG00000177888.8|8679|ZBTB41|protein_coding	ZBTB41
ENSG00000241878.11|5002|PISD|protein_coding	PISD
ENSG00000198836.11|9040|OPA1|protein_coding	OPA1
ENSG00000184205.14|4948|TSPYL2|protein_coding	TSPYL2
ENSG00000129473.11|4840|BCL2L2|protein_coding	BCL2L2
ENSG00000158615.9|5259|PPP1R15B|protein_coding	PPP1R15B
ENSG00000121966.7|2208|CXCR4|protein_coding	CXCR4
ENSG00000137831.15|10996|UACA|protein_coding	UACA
ENSG00000270647.6|5883|TAF15|protein_coding	TAF15
ENSG00000249992.2|1822|TMEM158|protein_coding	TMEM158
ENSG00000131378.14|4769|RFTN1|protein_coding	RFTN1
ENSG00000146674.16|4569|IGFBP3|protein_coding	IGFBP3
ENSG00000107957.16|11756|SH3PXD2A|protein_coding	SH3PXD2A
ENSG00000077150.20|4714|NFKB2|protein_coding	NFKB2
ENSG00000099860.9|2138|GADD45B|protein_coding	GADD45B
ENSG00000101350.8|6116|KIF3B|protein_coding	KIF3B
ENSG00000010818.10|10655|HIVEP2|protein_coding	HIVEP2
ENSG00000175970.11|5172|UNC119B|protein_coding	UNC119B
ENSG00000049246.15|8128|PER3|protein_coding	PER3
ENSG00000197385.6|3379|ZNF860|protein_coding	ZNF860
ENSG00000173200.13|5481|PARP15|protein_coding	PARP15
ENSG00000149591.17|6550|TAGLN|protein_coding	TAGLN
ENSG00000145780.8|5697|FEM1C|protein_coding	FEM1C
ENSG00000145365.11|4256|TIFA|protein_coding	TIFA
ENSG00000109519.13|4055|GRPEL1|protein_coding	GRPEL1
ENSG00000163608.15|6490|NEPRO|protein_coding	NEPRO
ENSG00000006327.14|1801|TNFRSF12A|protein_coding	TNFRSF12A
ENSG00000104856.14|3016|RELB|protein_coding	RELB
ENSG00000105281.12|3332|SLC1A5|protein_coding	SLC1A5
ENSG00000179094.16|7002|PER1|protein_coding	PER1
ENSG00000153790.12|3842|C7orf31|protein_coding	C7orf31
ENSG00000180182.11|9668|MED14|protein_coding	MED14
ENSG00000087074.8|3065|PPP1R15A|protein_coding	PPP1R15A
ENSG00000176907.5|1829|TCIM|protein_coding	TCIM
ENSG00000136826.15|3662|KLF4|protein_coding	KLF4
ENSG00000039560.14|7581|RAI14|protein_coding	RAI14
ENSG00000156671.15|7308|SAMD8|protein_coding	SAMD8
ENSG00000023516.9|9915|AKAP11|protein_coding	AKAP11
ENSG00000203883.7|1862|SOX18|protein_coding	SOX18
ENSG00000171940.14|6175|ZNF217|protein_coding	ZNF217
ENSG00000175463.12|5033|TBC1D10C|protein_coding	TBC1D10C
ENSG00000033327.13|6775|GAB2|protein_coding	GAB2
ENSG00000132510.11|7392|KDM6B|protein_coding	KDM6B
ENSG00000077238.14|5884|IL4R|protein_coding	IL4R
ENSG00000130741.11|4081|EIF2S3|protein_coding	EIF2S3
ENSG00000198355.5|2198|PIM3|protein_coding	PIM3
ENSG00000130513.6|2087|GDF15|protein_coding	GDF15
ENSG00000145632.15|4647|PLK2|protein_coding	PLK2
ENSG00000171992.13|10243|SYNPO|protein_coding	SYNPO
ENSG00000196843.17|3561|ARID5A|protein_coding	ARID5A
ENSG00000135720.13|8089|DYNC1LI2|protein_coding	DYNC1LI2
ENSG00000284931.1|651|CTD-2643I7.4|protein_coding	CTD-2643I7.4
ENSG00000268975.2|1809|MIA-RAB4B|protein_coding	MIA-RAB4B
ENSG00000188643.11|1701|S100A16|protein_coding	S100A16
ENSG00000156738.18|4770|MS4A1|protein_coding	MS4A1
ENSG00000172243.18|4190|CLEC7A|protein_coding	CLEC7A
ENSG00000058729.11|5489|RIOK2|protein_coding	RIOK2
ENSG00000125347.15|12265|IRF1|protein_coding	IRF1
ENSG00000152492.15|9183|CCDC50|protein_coding	CCDC50
ENSG00000115073.8|2853|ACTR1B|protein_coding	ACTR1B
ENSG00000163545.11|3391|NUAK2|protein_coding	NUAK2
ENSG00000111796.4|1478|KLRB1|protein_coding	KLRB1
ENSG00000249240.2|1277|AC069368.3|protein_coding	AC069368.3
ENSG00000284779.2|5584|RP11-889I17.2|protein_coding	RP11-889I17.2
ENSG00000175197.13|1307|DDIT3|protein_coding	DDIT3
ENSG00000129965.15|1826|INS-IGF2|protein_coding	INS-IGF2
ENSG00000167244.21|6259|IGF2|protein_coding	IGF2
ENSG00000115594.12|7123|IL1R1|protein_coding	IL1R1
ENSG00000166046.11|6616|TCP11L2|protein_coding	TCP11L2
ENSG00000173846.13|3327|PLK3|protein_coding	PLK3
ENSG00000162692.12|6049|VCAM1|protein_coding	VCAM1
ENSG00000138755.6|2761|CXCL9|protein_coding	CXCL9
ENSG00000178878.13|7191|APOLD1|protein_coding	APOLD1
ENSG00000049130.16|6205|KITLG|protein_coding	KITLG
ENSG00000185022.12|5611|MAFF|protein_coding	MAFF
ENSG00000171223.6|1830|JUNB|protein_coding	JUNB
ENSG00000039523.20|6729|RIPOR1|protein_coding	RIPOR1
ENSG00000125740.14|5553|FOSB|protein_coding	FOSB
ENSG00000117758.14|3801|STX12|protein_coding	STX12
ENSG00000170345.10|3186|FOS|protein_coding	FOS
ENSG00000164736.6|2346|SOX17|protein_coding	SOX17
ENSG00000100906.11|2371|NFKBIA|protein_coding	NFKBIA
ENSG00000144802.11|5902|NFKBIZ|protein_coding	NFKBIZ
ENSG00000071246.11|7223|VASH1|protein_coding	VASH1
ENSG00000196565.15|841|HBG2|protein_coding	HBG2
ENSG00000106366.9|3156|SERPINE1|protein_coding	SERPINE1
ENSG00000205189.12|10216|ZBTB10|protein_coding	ZBTB10
ENSG00000150938.10|7270|CRIM1|protein_coding	CRIM1
ENSG00000179776.19|6080|CDH5|protein_coding	CDH5
ENSG00000056558.11|4476|TRAF1|protein_coding	TRAF1
ENSG00000137507.11|4459|LRRC32|protein_coding	LRRC32
ENSG00000169242.12|2165|EFNA1|protein_coding	EFNA1
ENSG00000006210.7|5960|CX3CL1|protein_coding	CX3CL1
ENSG00000163660.12|8729|CCNL1|protein_coding	CCNL1
ENSG00000168386.19|7233|FILIP1L|protein_coding	FILIP1L
ENSG00000163121.10|2494|NEURL3|protein_coding	NEURL3
ENSG00000114315.4|2059|HES1|protein_coding	HES1
ENSG00000175592.9|1887|FOSL1|protein_coding	FOSL1
ENSG00000007908.16|4586|SELE|protein_coding	SELE
ENSG00000163739.5|1362|CXCL1|protein_coding	CXCL1
ENSG00000118503.15|5025|TNFAIP3|protein_coding	TNFAIP3
ENSG00000128016.7|1976|ZFP36|protein_coding	ZFP36
ENSG00000162772.17|4040|ATF3|protein_coding	ATF3
ENSG00000126368.6|2630|NR1D1|protein_coding	NR1D1
ENSG00000081041.9|1398|CXCL2|protein_coding	CXCL2
ENSG00000169429.11|2239|CXCL8|protein_coding	CXCL8
ENSG00000108691.9|1986|CCL2|protein_coding	CCL2
ENSG00000142871.18|3698|CCN1|protein_coding	CCN1
ENSG00000120738.8|3137|EGR1|protein_coding	EGR1
ENSG00000090339.9|3448|ICAM1|protein_coding	ICAM1
ENSG00000205502.4|1581|C2CD4B|protein_coding	C2CD4B
ENSG00000177606.8|3624|JUN|protein_coding	JUN
